# Derived from MakeHuman hm08, CC0. See NOTICE.txt.
s 1
v -0.0391985 1.7396302 -0.1399618
v -0.0349105 1.7398098 -0.1403098
v -0.0390750 1.7414936 -0.1398046
v -0.0347421 1.7413925 -0.1404220
v -0.0391424 1.7427171 -0.1395465
v -0.0345737 1.7426273 -0.1402649
v -0.0430488 1.7389903 -0.1392097
v -0.0432059 1.7409098 -0.1387944
v -0.0436212 1.7419762 -0.1383229
v -0.0460122 1.7381709 -0.1379300
v -0.0466296 1.7397536 -0.1374249
v -0.0474827 1.7406517 -0.1366054
v -0.0480328 1.7370147 -0.1367289
v -0.0489757 1.7383842 -0.1360442
v -0.0500870 1.7390352 -0.1351798
v -0.0486838 1.7363636 -0.1361228
v -0.0502105 1.7372280 -0.1348880
v -0.0514340 1.7375535 -0.1336532
v -0.0492226 1.7355666 -0.1352135
v -0.0507493 1.7361728 -0.1340349
v -0.0520626 1.7362850 -0.1325980
v -0.0493237 1.7348594 -0.1343941
v -0.0508615 1.7351176 -0.1330695
v -0.0521412 1.7351401 -0.1319021
v -0.0490206 1.7342870 -0.1340573
v -0.0506595 1.7341410 -0.1330695
v -0.0519840 1.7338492 -0.1318684
v -0.0486726 1.7335236 -0.1341920
v -0.0500982 1.7330634 -0.1331032
v -0.0514565 1.7325134 -0.1316888
v -0.0476960 1.7326481 -0.1352472
v -0.0484144 1.7311551 -0.1343043
v -0.0496380 1.7299316 -0.1331481
v -0.0458663 1.7314470 -0.1365044
v -0.0464949 1.7298418 -0.1357074
v -0.0475613 1.7285845 -0.1349553
v -0.0433855 1.7304479 -0.1376831
v -0.0440815 1.7287754 -0.1371106
v -0.0446315 1.7273049 -0.1365718
v -0.0403772 1.7263170 -0.1381545
v -0.0396924 1.7277763 -0.1387607
v -0.0395016 1.7296060 -0.1392883
v -0.0354830 1.7261262 -0.1392097
v -0.0347645 1.7274620 -0.1388954
v -0.0348992 1.7294826 -0.1396250
v -0.0303979 1.7265415 -0.1390525
v -0.0302632 1.7277426 -0.1388617
v -0.0309816 1.7299203 -0.1389515
v -0.0260650 1.7274732 -0.1383678
v -0.0261772 1.7287192 -0.1383454
v -0.0270528 1.7304143 -0.1381545
v -0.0208340 1.7294377 -0.1374137
v -0.0217433 1.7299652 -0.1372790
v -0.0235730 1.7312112 -0.1368075
v -0.0305888 1.7388220 -0.1397261
v -0.0301061 1.7404496 -0.1400291
v -0.0298030 1.7416283 -0.1400067
v -0.0264130 1.7373627 -0.1385362
v -0.0258517 1.7388781 -0.1392434
v -0.0254251 1.7398547 -0.1396026
v -0.0234944 1.7356564 -0.1381882
v -0.0226301 1.7369586 -0.1390189
v -0.0220464 1.7377892 -0.1393332
v -0.0203962 1.7340176 -0.1372565
v -0.0195319 1.7344778 -0.1389852
v -0.0188359 1.7346911 -0.1391760
v -0.0196666 1.7333104 -0.1369422
v -0.0188135 1.7335910 -0.1384576
v -0.0180951 1.7336022 -0.1390862
v -0.0197227 1.7325807 -0.1366503
v -0.0185329 1.7326032 -0.1381882
v -0.0177695 1.7324123 -0.1389066
v -0.0207218 1.7316490 -0.1364258
v -0.0188023 1.7315143 -0.1378402
v -0.0179828 1.7311663 -0.1383903
v -0.0498625 1.7249588 -0.1317561
v -0.0463490 1.7231291 -0.1339338
v -0.0415109 1.7219280 -0.1366279
v -0.0356850 1.7216473 -0.1381321
v -0.0294662 1.7223545 -0.1389178
v -0.0240781 1.7239373 -0.1383678
v -0.0183196 1.7274508 -0.1378851
v -0.0520402 1.7397312 -0.1323960
v -0.0537015 1.7379464 -0.1309479
v -0.0543413 1.7364310 -0.1300724
v -0.0546107 1.7349829 -0.1296121
v -0.0546332 1.7333777 -0.1293539
v -0.0543413 1.7313684 -0.1289947
v -0.0523994 1.7273161 -0.1299264
v -0.0393108 1.7445580 -0.1390974
v -0.0343380 1.7445131 -0.1399281
v -0.0443397 1.7436488 -0.1371443
v -0.0488410 1.7419089 -0.1351349
v -0.0291070 1.7434355 -0.1402985
v -0.0242128 1.7416283 -0.1404557
v -0.0204411 1.7395179 -0.1405343
v -0.0166582 1.7355666 -0.1404220
v -0.0159623 1.7338828 -0.1403884
v -0.0158164 1.7321317 -0.1401302
v -0.0163215 1.7300663 -0.1390638
v -0.0207667 1.7356115 -0.1389291
v -0.0200707 1.7361279 -0.1391760
v -0.0219117 1.7345676 -0.1377392
v -0.0179940 1.7374300 -0.1403210
v -0.0145142 1.7359034 -0.1418813
v -0.0138070 1.7338941 -0.1416793
v -0.0137509 1.7317950 -0.1413762
v -0.0145816 1.7292917 -0.1409047
v -0.0159847 1.7381260 -0.1419823
v -0.0118426 1.7362850 -0.1441488
v -0.0111579 1.7338492 -0.1439131
v -0.0112589 1.7314133 -0.1437335
v -0.0122243 1.7284162 -0.1432059
v -0.0133019 1.7388781 -0.1443060
v -0.0091149 1.7370484 -0.1469663
v -0.0084975 1.7340400 -0.1468092
v -0.0087557 1.7310765 -0.1467082
v -0.0099456 1.7274845 -0.1459112
v -0.0103833 1.7399332 -0.1469776
v -0.0072403 1.7217371 -0.1511982
v -0.0061739 1.7376209 -0.1493236
v -0.0057810 1.7344441 -0.1492675
v -0.0061290 1.7309531 -0.1493012
v -0.0074760 1.7263058 -0.1490206
v -0.0071280 1.7407302 -0.1494134
v -0.0037268 1.7236567 -0.1534545
v -0.0031992 1.7382719 -0.1506931
v -0.0030420 1.7348819 -0.1508278
v -0.0032104 1.7314919 -0.1513891
v -0.0035921 1.7280794 -0.1519616
v -0.0036482 1.7414823 -0.1508503
v 0.0000000 1.7246333 -0.1544199
v 0.0000000 1.7388669 -0.1509737
v 0.0000000 1.7353309 -0.1511758
v 0.0000000 1.7318848 -0.1518942
v 0.0000000 1.7287529 -0.1528371
v 0.0000000 1.7420211 -0.1511646
v -0.0519616 1.7223994 -0.1306224
v -0.0481899 1.7201768 -0.1336308
v -0.0426559 1.7187512 -0.1367514
v -0.0359881 1.7186390 -0.1392209
v -0.0290509 1.7195931 -0.1403322
v -0.0231015 1.7215463 -0.1401863
v -0.0167593 1.7261936 -0.1397934
v -0.0533311 1.7404833 -0.1312398
v -0.0553741 1.7383954 -0.1293090
v -0.0563843 1.7365994 -0.1283886
v -0.0567660 1.7348482 -0.1278273
v -0.0568221 1.7328726 -0.1273671
v -0.0566650 1.7305602 -0.1273110
v -0.0546332 1.7252843 -0.1285457
v -0.0395016 1.7458826 -0.1393556
v -0.0339114 1.7459949 -0.1405680
v -0.0449907 1.7446815 -0.1370881
v -0.0498737 1.7426610 -0.1341022
v -0.0280968 1.7449397 -0.1413874
v -0.0227086 1.7428967 -0.1418925
v -0.0185665 1.7405394 -0.1420497
v -0.0588314 1.7367677 -0.1262446
v -0.0576977 1.7389567 -0.1274457
v -0.0552506 1.7414599 -0.1297581
v -0.0192176 1.7023063 -0.1471796
v -0.0070719 1.7123529 -0.1566200
v -0.0038278 1.7135764 -0.1583263
v 0.0000000 1.7143397 -0.1596508
v -0.0157939 1.7417630 -0.1442723
v -0.0125161 1.7430426 -0.1469663
v -0.0087557 1.7441652 -0.1495706
v -0.0042880 1.7448836 -0.1508839
v 0.0000000 1.7454785 -0.1513666
v -0.0395353 1.7482062 -0.1397261
v -0.0328675 1.7485093 -0.1417803
v -0.0458663 1.7466347 -0.1368749
v -0.0513891 1.7440529 -0.1330807
v -0.0260874 1.7472970 -0.1436212
v -0.0200146 1.7448274 -0.1445192
v -0.0392883 1.7508778 -0.1403547
v -0.0311388 1.7512371 -0.1433630
v -0.0464612 1.7493063 -0.1366279
v -0.0526239 1.7465561 -0.1323623
v -0.0229893 1.7499911 -0.1459785
v -0.0166695 1.7467694 -0.1468878
v -0.0145591 1.7150357 -0.1467418
v -0.0504574 1.7167419 -0.1331256
v -0.0228321 1.6981417 -0.1461581
v -0.0593702 1.7346349 -0.1256047
v -0.0595049 1.7321991 -0.1250659
v -0.0593029 1.7293928 -0.1248190
v -0.0615704 1.7373065 -0.1235954
v -0.0600438 1.7403374 -0.1254027
v -0.0571027 1.7434467 -0.1284896
v -0.0442499 1.7150357 -0.1370432
v -0.0483022 1.7071556 -0.1365493
v -0.0622215 1.7345002 -0.1227086
v -0.0626256 1.7313010 -0.1221137
v -0.0621653 1.7278886 -0.1218443
v -0.0598642 1.7205360 -0.1246618
v -0.0177022 1.7000612 -0.1486950
v -0.0100690 1.7072005 -0.1570354
v -0.0071505 1.7084914 -0.1595049
v -0.0041197 1.7094231 -0.1614581
v 0.0000000 1.7100629 -0.1624572
v -0.0128641 1.7054157 -0.1543638
v -0.0203289 1.6962110 -0.1473704
v -0.0381658 1.7546383 -0.1413200
v -0.0287141 1.7551883 -0.1453162
v -0.0465735 1.7527525 -0.1367289
v -0.0535556 1.7496767 -0.1316663
v -0.0181287 1.7539199 -0.1491104
v -0.0119324 1.7486216 -0.1495930
v -0.0637369 1.7382831 -0.1207330
v -0.0617500 1.7421222 -0.1231801
v -0.0588651 1.7459163 -0.1270191
v -0.0556098 1.7095353 -0.1308245
v -0.0109334 1.7183808 -0.1487848
v -0.0646349 1.7344553 -0.1192288
v -0.0653645 1.7303694 -0.1185665
v -0.0652635 1.7262609 -0.1186451
v -0.0628501 1.7177634 -0.1217432
v -0.0592468 1.7051687 -0.1278161
v 0.0000000 1.7504850 -0.1522646
v -0.0055340 1.7496767 -0.1515575
v -0.0378627 1.7589039 -0.1417129
v -0.0279957 1.7601162 -0.1464500
v -0.0470113 1.7566925 -0.1364820
v -0.0542515 1.7532800 -0.1307571
v -0.0191166 1.8270747 -0.1283998
v 0.0000000 1.7549526 -0.1530392
v -0.0076556 1.7547618 -0.1520514
v -0.0379637 1.7633379 -0.1418140
v -0.0277263 1.7647073 -0.1468765
v -0.0474827 1.7607897 -0.1360330
v -0.0552057 1.7568833 -0.1296009
v -0.0172532 1.7603519 -0.1506370
v 0.0000000 1.7604979 -0.1536341
v -0.0075097 1.7604417 -0.1527473
v -0.0165572 1.7652349 -0.1511421
v 0.0000000 1.7654819 -0.1540944
v -0.0071392 1.7652125 -0.1532300
v -0.0425099 1.7905254 -0.1338665
v -0.0302295 1.7943868 -0.1407363
v -0.0549026 1.7851597 -0.1259078
v -0.0648369 1.7777062 -0.1151653
v -0.0177471 1.7823309 -0.1497951
v 0.0000000 1.7833188 -0.1518942
v -0.0067464 1.7831504 -0.1514901
v -0.0475164 1.8080592 -0.1237750
v -0.0333389 1.8129197 -0.1314418
v -0.0606836 1.8004709 -0.1141550
v -0.0698097 1.7894141 -0.1026828
v -0.0182185 1.7965870 -0.1450356
v 0.0000000 1.7979565 -0.1472694
v -0.0068923 1.7977656 -0.1467755
v -0.0657686 1.7392485 -0.1173542
v -0.0633664 1.7442437 -0.1206207
v -0.0599427 1.7488573 -0.1253129
v -0.0673402 1.7346013 -0.1152775
v -0.0677555 1.7296622 -0.1142560
v -0.0678116 1.7246108 -0.1144356
v -0.0658248 1.7146428 -0.1181961
v -0.0673514 1.7404159 -0.1131896
v -0.0647247 1.7461745 -0.1175787
v -0.0607397 1.7517759 -0.1230903
v -0.0691811 1.7346686 -0.1103047
v -0.0749284 1.7466796 -0.0882023
v -0.0728742 1.7580283 -0.0950384
v -0.0701128 1.7681086 -0.1045574
v -0.0766571 1.7348370 -0.0833193
v -0.0775102 1.7235893 -0.0811079
v -0.0772184 1.7125886 -0.0801201
v -0.0742325 1.6918668 -0.0832295
v -0.0763540 1.7639552 -0.0841612
v -0.0748835 1.7772459 -0.0919515
v -0.0771398 1.7817585 -0.0853510
v -0.0097884 1.6888809 -0.1637705
v -0.0088455 1.6898238 -0.1656563
v -0.0099231 1.6933710 -0.1656900
v -0.0107650 1.6989050 -0.1637144
v -0.0106078 1.7016215 -0.1619745
v -0.0105293 1.7043942 -0.1600101
v -0.0137397 1.7006562 -0.1595610
v -0.0129090 1.7029686 -0.1567211
v -0.0178481 1.6970080 -0.1532637
v -0.0178706 1.6985121 -0.1516473
v -0.0191390 1.6943476 -0.1505360
v -0.0090475 1.6816069 -0.1538923
v -0.0156480 1.6844918 -0.1503788
v -0.0152663 1.6910923 -0.1594039
v -0.0184655 1.6870400 -0.1486052
v -0.0074536 1.7053371 -0.1624347
v -0.0041421 1.7059657 -0.1640399
v 0.0000000 1.7064147 -0.1650390
v -0.0075658 1.6993091 -0.1664758
v -0.0039064 1.6993091 -0.1682381
v 0.0000000 1.6990959 -0.1692933
v -0.0066117 1.6932475 -0.1684514
v -0.0033114 1.6929220 -0.1698658
v 0.0000000 1.6923832 -0.1706179
v -0.0072403 1.6869951 -0.1633552
v -0.0060953 1.6869614 -0.1643879
v -0.0058371 1.6897003 -0.1677667
v -0.0029971 1.6894422 -0.1686647
v 0.0000000 1.6892289 -0.1691698
v -0.0058820 1.6853337 -0.1610540
v -0.0048156 1.6845929 -0.1618398
v -0.0042656 1.6868828 -0.1648594
v -0.0022226 1.6864899 -0.1654206
v 0.0000000 1.6862093 -0.1661054
v -0.0058371 1.6836275 -0.1587865
v -0.0048156 1.6827744 -0.1589773
v -0.0032441 1.6840877 -0.1617163
v -0.0016950 1.6835601 -0.1619857
v 0.0000000 1.6831560 -0.1619296
v -0.0064770 1.6824601 -0.1561935
v -0.0059943 1.6808661 -0.1562721
v -0.0029859 1.6819325 -0.1588875
v -0.0014032 1.6813824 -0.1586406
v 0.0000000 1.6807426 -0.1585508
v -0.0177583 1.6874665 -0.1512431
v -0.0173430 1.6898799 -0.1556322
v -0.0145928 1.6854011 -0.1515013
v -0.0136611 1.6881400 -0.1593590
v -0.0145030 1.6896330 -0.1594151
v -0.0163664 1.6882860 -0.1563619
v -0.0155245 1.6873655 -0.1568333
v -0.0156592 1.6867481 -0.1529606
v -0.0169725 1.6864113 -0.1528708
v -0.0098558 1.6880615 -0.1624459
v -0.0078689 1.6869726 -0.1624796
v -0.0062525 1.6860746 -0.1603131
v -0.0064545 1.6845704 -0.1583712
v -0.0070607 1.6838295 -0.1560588
v -0.0091598 1.6833020 -0.1540719
v -0.0128753 1.6829203 -0.1516585
v -0.0127631 1.6841888 -0.1519616
v -0.0128529 1.6934720 -0.1627266
v -0.0177808 1.6913617 -0.1550934
v -0.0189370 1.6892401 -0.1511421
v -0.0137621 1.6982540 -0.1608632
v -0.0180277 1.6955824 -0.1542291
v -0.0190155 1.6939772 -0.1518942
v -0.0034349 1.6800017 -0.1573721
v -0.0015603 1.6792833 -0.1579334
v 0.0000000 1.6789578 -0.1573721
v -0.0137734 1.6860634 -0.1524555
v -0.0124039 1.6886115 -0.1576303
v -0.0141999 1.6876798 -0.1561486
v -0.0141775 1.6872532 -0.1536117
v -0.0093618 1.6882074 -0.1603468
v -0.0080709 1.6877584 -0.1602682
v -0.0067464 1.6872869 -0.1592355
v -0.0064545 1.6859960 -0.1574507
v -0.0074648 1.6848286 -0.1557557
v -0.0091822 1.6844469 -0.1542627
v -0.0122916 1.6850980 -0.1526126
v -0.0080709 1.6734238 -0.1571364
v -0.0051524 1.6726043 -0.1589437
v -0.0019869 1.6716502 -0.1586630
v -0.0169389 1.6842561 -0.1489981
v -0.0092496 1.6801477 -0.1540831
v -0.0133693 1.6810457 -0.1518044
v -0.0304653 1.6569563 -0.1402873
v 0.0000000 1.6713471 -0.1582589
v -0.0272436 1.6643987 -0.1460010
v -0.0113599 1.6894646 -0.1628051
v -0.0110344 1.6882523 -0.1616826
v -0.0109109 1.6880053 -0.1600774
v -0.0121008 1.6912045 -0.1629174
v -0.0298816 1.6616597 -0.1427344
v -0.0308133 1.6586963 -0.1406016
v -0.0212045 1.6491885 -0.1464051
v -0.0257395 1.6527020 -0.1429477
v -0.0238087 1.6747596 -0.1477633
v -0.0282315 1.6546664 -0.1412302
v -0.0233822 1.6713359 -0.1484256
v -0.0234271 1.6677662 -0.1489308
v -0.0280519 1.6694612 -0.1454509
v -0.0275467 1.6669356 -0.1459673
v -0.0306561 1.6631414 -0.1424089
v -0.0323287 1.6586738 -0.1400740
v -0.0323960 1.6558563 -0.1393669
v -0.0126059 1.6871298 -0.1539035
v -0.0116855 1.6882747 -0.1575293
v -0.0127855 1.6879941 -0.1557894
v -0.0132458 1.6875900 -0.1543750
v -0.0096874 1.6883982 -0.1592131
v -0.0090363 1.6882074 -0.1587753
v -0.0081832 1.6878370 -0.1581242
v -0.0080597 1.6871185 -0.1567435
v -0.0089128 1.6863664 -0.1553853
v -0.0098894 1.6858725 -0.1544536
v -0.0113824 1.6864675 -0.1539035
v -0.0106078 1.6884094 -0.1586294
v -0.0108885 1.6882523 -0.1566986
v -0.0117865 1.6878482 -0.1552842
v -0.0100129 1.6884094 -0.1578099
v -0.0096088 1.6878370 -0.1563619
v -0.0104395 1.6872869 -0.1550597
v -0.0092047 1.6881513 -0.1573497
v -0.0292417 1.6517927 -0.1404669
v -0.0263568 1.6494916 -0.1422405
v -0.0215188 1.6469210 -0.1452152
v -0.0299489 1.6586963 -0.1408261
v -0.0296346 1.6573941 -0.1405455
v -0.0278835 1.6555532 -0.1413762
v -0.0255935 1.6539143 -0.1431834
v -0.0209351 1.6512876 -0.1472806
v -0.0291744 1.6608515 -0.1430824
v -0.0268395 1.6628384 -0.1460571
v -0.0122467 1.6707409 -0.1576752
v -0.0200595 1.6674632 -0.1529718
v -0.0236628 1.6652181 -0.1498624
v -0.0263007 1.6616822 -0.1460346
v -0.0232250 1.6638599 -0.1499073
v -0.0257731 1.6609413 -0.1462030
v -0.0227311 1.6627149 -0.1499298
v -0.0247965 1.6594371 -0.1456754
v -0.0213953 1.6604474 -0.1489757
v -0.0237638 1.6593698 -0.1445866
v -0.0207218 1.6593473 -0.1486950
v -0.0232699 1.6596167 -0.1436212
v -0.0193972 1.6595494 -0.1467980
v -0.0290621 1.6587748 -0.1410394
v -0.0287927 1.6579442 -0.1404333
v -0.0284896 1.6600321 -0.1433069
v -0.0283774 1.6586738 -0.1413088
v -0.0283774 1.6582360 -0.1406690
v -0.0276814 1.6595718 -0.1432957
v -0.0276477 1.6587524 -0.1410619
v -0.0276590 1.6585728 -0.1407027
v -0.0262109 1.6591677 -0.1430600
v -0.0272549 1.6589095 -0.1403996
v -0.0273783 1.6587636 -0.1399169
v -0.0255149 1.6591789 -0.1426334
v -0.0270416 1.6593024 -0.1389964
v -0.0274008 1.6590442 -0.1383790
v -0.0249312 1.6595718 -0.1416568
v -0.0236516 1.6583932 -0.1420385
v -0.0237638 1.6578880 -0.1432620
v -0.0246618 1.6563390 -0.1440478
v -0.0251445 1.6553062 -0.1438345
v -0.0272324 1.6564737 -0.1416905
v -0.0267048 1.6571472 -0.1419038
v -0.0259527 1.6581574 -0.1414772
v -0.0257507 1.6584605 -0.1404220
v -0.0259640 1.6585615 -0.1385250
v -0.0244037 1.6586177 -0.1395689
v -0.0200034 1.6661049 -0.1535780
v -0.0197003 1.6649375 -0.1533310
v -0.0182522 1.6611434 -0.1523993
v -0.0057810 1.6699664 -0.1610540
v -0.0124039 1.6690347 -0.1582252
v -0.0122131 1.6676315 -0.1585171
v -0.0117304 1.6623894 -0.1566874
v -0.0025145 1.6687316 -0.1612785
v 0.0000000 1.6684734 -0.1612561
v -0.0089690 1.6710103 -0.1599090
v -0.0090475 1.6694500 -0.1602121
v -0.0090139 1.6683163 -0.1604927
v -0.0086434 1.6623332 -0.1577089
v -0.0059718 1.6684398 -0.1610765
v -0.0059830 1.6671264 -0.1610540
v -0.0056126 1.6616485 -0.1584385
v -0.0025818 1.6671152 -0.1614693
v -0.0026155 1.6660263 -0.1613459
v -0.0022226 1.6610087 -0.1590335
v 0.0000000 1.6669692 -0.1617724
v 0.0000000 1.6656896 -0.1616938
v 0.0000000 1.6610311 -0.1590671
v -0.0175114 1.6593361 -0.1521636
v -0.0113824 1.6591902 -0.1554077
v -0.0085424 1.6591228 -0.1554077
v -0.0052310 1.6589769 -0.1558118
v -0.0024134 1.6587636 -0.1559128
v 0.0000000 1.6586065 -0.1562833
v -0.0183869 1.6584044 -0.1456867
v -0.0193523 1.6576860 -0.1479654
v -0.0204748 1.6551491 -0.1479205
v -0.0206207 1.6533979 -0.1476960
v -0.0145591 1.6436657 -0.1484368
v -0.0145479 1.6479874 -0.1516360
v -0.0124263 1.6581799 -0.1522422
v -0.0129202 1.6568890 -0.1522759
v -0.0138519 1.6537459 -0.1531739
v -0.0143346 1.6510294 -0.1522197
v -0.0059943 1.6421503 -0.1503451
v -0.0064096 1.6459444 -0.1550148
v -0.0057024 1.6578207 -0.1542066
v -0.0057361 1.6565635 -0.1550373
v -0.0059269 1.6525785 -0.1563394
v -0.0061065 1.6497946 -0.1558230
v 0.0000000 1.6417911 -0.1506931
v 0.0000000 1.6451811 -0.1566762
v 0.0000000 1.6578544 -0.1547791
v 0.0000000 1.6564063 -0.1560812
v 0.0000000 1.6527918 -0.1577089
v 0.0000000 1.6495140 -0.1572486
v -0.0220015 1.6613342 -0.1492563
v -0.0251782 1.6600994 -0.1459785
v -0.0268395 1.6593024 -0.1430824
v -0.0279957 1.6586963 -0.1412639
v -0.0279508 1.6584493 -0.1409945
v -0.0241118 1.6572145 -0.1438120
v -0.0262558 1.6577197 -0.1419262
v -0.0188584 1.6629731 -0.1527810
v -0.0119100 1.6649375 -0.1575293
v -0.0088118 1.6651059 -0.1590447
v -0.0057810 1.6642191 -0.1596284
v -0.0024022 1.6634108 -0.1599876
v 0.0000000 1.6632088 -0.1602907
v -0.0200483 1.6566084 -0.1483021
v -0.0134254 1.6554185 -0.1531178
v -0.0058034 1.6544419 -0.1562721
v 0.0000000 1.6547337 -0.1569905
v -0.0082393 1.6599198 -0.1516473
v -0.0106527 1.6599198 -0.1511533
v -0.0161307 1.6597514 -0.1484705
v -0.0057024 1.6583819 -0.1538362
v -0.0117191 1.6584830 -0.1511982
v -0.0178144 1.6587861 -0.1439355
v 0.0000000 1.6593698 -0.1519503
v -0.0021328 1.6597402 -0.1511870
v -0.0047483 1.6597514 -0.1512319
v 0.0000000 1.6583370 -0.1533759
v -0.0231240 1.6604137 -0.1424313
v -0.0187125 1.6607056 -0.1452152
v -0.0271538 1.6599535 -0.1369983
v -0.0280182 1.6593810 -0.1361789
v -0.0245608 1.6603127 -0.1402649
v -0.0268844 1.6583707 -0.1358983
v -0.0238199 1.6582023 -0.1377616
v -0.0081495 1.6610199 -0.1508166
v -0.0104619 1.6610087 -0.1501992
v -0.0159286 1.6609525 -0.1473817
v -0.0061963 1.6579442 -0.1515126
v -0.0107762 1.6584717 -0.1494359
v -0.0202054 1.6581687 -0.1404220
v 0.0000000 1.6607168 -0.1515575
v -0.0020318 1.6609862 -0.1510972
v -0.0048493 1.6609525 -0.1510635
v 0.0000000 1.6579778 -0.1512993
v -0.0217208 1.6630067 -0.1407027
v -0.0175563 1.6636466 -0.1435426
v -0.0277151 1.6608178 -0.1350002
v -0.0287366 1.6595943 -0.1343492
v -0.0235169 1.6625577 -0.1385699
v -0.0257395 1.6565747 -0.1345625
v -0.0225403 1.6556879 -0.1358758
v -0.0071954 1.6649487 -0.1499298
v -0.0096874 1.6647916 -0.1486164
v -0.0145142 1.6645221 -0.1458663
v -0.0071617 1.6563390 -0.1489981
v -0.0122018 1.6567318 -0.1465510
v -0.0192400 1.6560246 -0.1380647
v 0.0000000 1.6632761 -0.1511197
v -0.0017511 1.6639272 -0.1508054
v -0.0043329 1.6645446 -0.1504798
v 0.0000000 1.6551042 -0.1499298
v -0.0209463 1.6675193 -0.1405455
v -0.0172532 1.6686081 -0.1431834
v -0.0278722 1.6629618 -0.1342032
v -0.0292754 1.6600096 -0.1330134
v -0.0231689 1.6666437 -0.1384015
v -0.0256721 1.6537010 -0.1336981
v -0.0222147 1.6522305 -0.1354492
v -0.0068811 1.6698092 -0.1499747
v -0.0092720 1.6699103 -0.1485603
v -0.0140652 1.6694500 -0.1457540
v -0.0069372 1.6515682 -0.1486613
v -0.0129988 1.6524101 -0.1451815
v -0.0186114 1.6521744 -0.1381658
v 0.0000000 1.6688775 -0.1512095
v -0.0017175 1.6692704 -0.1509176
v -0.0041533 1.6694949 -0.1506819
v 0.0000000 1.6505804 -0.1510074
v -0.0203962 1.6720094 -0.1401414
v -0.0164113 1.6729635 -0.1429028
v -0.0283886 1.6653079 -0.1331256
v -0.0298703 1.6605933 -0.1317000
v -0.0229444 1.6707858 -0.1379300
v -0.0256272 1.6516580 -0.1327889
v -0.0218892 1.6495252 -0.1348094
v -0.0065443 1.6748830 -0.1493798
v -0.0088118 1.6747932 -0.1481113
v -0.0138519 1.6743779 -0.1451029
v -0.0066004 1.6473251 -0.1478980
v -0.0132570 1.6480211 -0.1438008
v -0.0180165 1.6488293 -0.1377167
v 0.0000000 1.6738391 -0.1503227
v -0.0016838 1.6741983 -0.1503002
v -0.0039850 1.6746585 -0.1500196
v 0.0000000 1.6473475 -0.1499635
v -0.0204299 1.6773526 -0.1381770
v -0.0166358 1.6790251 -0.1405455
v -0.0297469 1.6682489 -0.1309479
v -0.0311949 1.6612332 -0.1293090
v -0.0233709 1.6757025 -0.1360779
v -0.0260874 1.6487058 -0.1301285
v -0.0220800 1.6454056 -0.1320817
v -0.0064657 1.6811243 -0.1466408
v -0.0088343 1.6811355 -0.1454622
v -0.0136948 1.6801926 -0.1420160
v -0.0050850 1.6410165 -0.1425997
v -0.0139754 1.6421727 -0.1381658
v -0.0179379 1.6437330 -0.1344278
v 0.0000000 1.6793507 -0.1467643
v -0.0015603 1.6800017 -0.1473031
v -0.0036482 1.6806977 -0.1472133
v 0.0000000 1.6411624 -0.1417691
v -0.0219790 1.6844582 -0.1312847
v -0.0180165 1.6867257 -0.1324297
v -0.0327215 1.6717175 -0.1256047
v -0.0341359 1.6626475 -0.1241230
v -0.0255149 1.6820784 -0.1298479
v -0.0283549 1.6463597 -0.1242128
v -0.0236852 1.6416900 -0.1255823
v -0.0066117 1.6898575 -0.1368524
v -0.0096986 1.6897228 -0.1359993
v -0.0147836 1.6881962 -0.1335634
v -0.0068362 1.6353141 -0.1331705
v -0.0139081 1.6379296 -0.1303979
v -0.0191615 1.6390184 -0.1273110
v 0.0000000 1.6873767 -0.1368075
v -0.0013134 1.6883196 -0.1374137
v -0.0038278 1.6892962 -0.1373014
v 0.0000000 1.6357631 -0.1321378
v -0.0236516 1.6912494 -0.1183757
v -0.0204973 1.6932251 -0.1185777
v -0.0355615 1.6749616 -0.1138968
v -0.0366504 1.6643201 -0.1127631
v -0.0275355 1.6884431 -0.1179267
v -0.0305551 1.6452484 -0.1124263
v -0.0260313 1.6425544 -0.1124151
v -0.0075209 1.6981305 -0.1205197
v -0.0107201 1.6979060 -0.1201493
v -0.0168154 1.6951670 -0.1191165
v -0.0070607 1.6346855 -0.1149408
v -0.0155357 1.6368295 -0.1142336
v -0.0214851 1.6398154 -0.1132682
v 0.0000000 1.6946731 -0.1209799
v -0.0014705 1.6961212 -0.1211483
v -0.0044789 1.6974345 -0.1208452
v 0.0000000 1.6317557 -0.1165347
v -0.0284672 1.6951221 -0.0971600
v -0.0251108 1.6972661 -0.0972161
v -0.0401751 1.6781720 -0.0954650
v -0.0408149 1.6660712 -0.0944659
v -0.0324634 1.6920913 -0.0968681
v -0.0332155 1.6452372 -0.0959813
v -0.0283774 1.6426329 -0.0949037
v -0.0096649 1.7018909 -0.0976651
v -0.0137285 1.7019022 -0.0975865
v -0.0212045 1.6988826 -0.0970253
v -0.0083179 1.6361897 -0.0965650
v -0.0167817 1.6377724 -0.0959926
v -0.0238199 1.6392991 -0.0952180
v 0.0000000 1.6977937 -0.0995285
v -0.0016277 1.6993765 -0.0984733
v -0.0056238 1.7009480 -0.0979570
v 0.0000000 1.6342589 -0.0973620
v -0.0278498 1.6912494 -0.0746983
v -0.0241679 1.6935506 -0.0748555
v -0.0404333 1.6748157 -0.0728461
v -0.0393669 1.6649375 -0.0725094
v -0.0321715 1.6879043 -0.0743391
v -0.0334512 1.6453831 -0.0743054
v -0.0311500 1.6342926 -0.0722736
v -0.0093618 1.6976478 -0.0751922
v -0.0132345 1.6976029 -0.0750575
v -0.0203626 1.6948303 -0.0745075
v -0.0092496 1.6170619 -0.0586911
v -0.0191615 1.6212489 -0.0618117
v -0.0275243 1.6265360 -0.0657967
v 0.0000000 1.6943476 -0.0776505
v -0.0017960 1.6958742 -0.0767974
v -0.0056238 1.6969855 -0.0755851
v 0.0000000 1.6155914 -0.0596004
v -0.0242689 1.6802936 -0.0555930
v -0.0203401 1.6819213 -0.0561542
v -0.0361789 1.6689224 -0.0530112
v -0.0346298 1.6626363 -0.0505753
v -0.0287029 1.6779251 -0.0547960
v -0.0241342 1.6490201 -0.0495538
v -0.0233036 1.6393552 -0.0496436
v -0.0077117 1.6847388 -0.0569961
v -0.0104731 1.6847051 -0.0568951
v -0.0163888 1.6825162 -0.0574563
v -0.0072852 1.6258849 -0.0509682
v -0.0126733 1.6283657 -0.0502273
v -0.0186676 1.6327211 -0.0504294
v 0.0000000 1.6828754 -0.0592861
v -0.0018971 1.6834703 -0.0580288
v -0.0042431 1.6842224 -0.0573329
v 0.0000000 1.6245266 -0.0515406
v -0.0169725 1.6662059 -0.0460740
v -0.0158388 1.6685520 -0.0457821
v -0.0256272 1.6631639 -0.0448392
v -0.0237975 1.6592238 -0.0452545
v -0.0187237 1.6654651 -0.0458495
v -0.0186900 1.6540153 -0.0458831
v -0.0168042 1.6519836 -0.0463209
v -0.0058483 1.6693378 -0.0458495
v -0.0082281 1.6675866 -0.0461862
v -0.0128080 1.6693265 -0.0456474
v -0.0049952 1.6485150 -0.0464332
v -0.0092496 1.6498171 -0.0469271
v -0.0138407 1.6501314 -0.0458944
v 0.0000000 1.6667223 -0.0480721
v -0.0019532 1.6671264 -0.0479037
v -0.0035359 1.6690347 -0.0460627
v 0.0000000 1.6493456 -0.0478812
v -0.0315990 1.6649263 -0.1420609
v -0.0344053 1.6581911 -0.1387719
v -0.0290060 1.7806135 -0.1456081
v -0.0397485 1.7775827 -0.1394230
v -0.0506595 1.7733957 -0.1322501
v -0.0596397 1.7678279 -0.1236179
v -0.0724140 1.7436263 -0.0989111
v -0.0742774 1.7342757 -0.0946006
v -0.0698322 1.7526402 -0.1053656
v -0.0657911 1.7605540 -0.1142448
v -0.0215861 1.6433738 -0.1436100
v -0.0145030 1.6405451 -0.1466857
v -0.0060279 1.6387378 -0.1484705
v 0.0000000 1.6386480 -0.1493012
v -0.0339675 1.6550144 -0.1383005
v -0.0071617 1.6092042 -0.1324858
v -0.0161980 1.6113258 -0.1299152
v -0.0146938 1.6365376 -0.1462816
v -0.0302295 1.6493793 -0.1395465
v -0.0266487 1.6466179 -0.1415670
v -0.0065555 1.6346294 -0.1488297
v 0.0000000 1.6092379 -0.1366167
v 0.0000000 1.6338660 -0.1501431
v -0.0217882 1.6392093 -0.1424089
v -0.0623225 1.6634221 -0.0997418
v -0.0674300 1.6718634 -0.0919178
v -0.0571477 1.6476731 -0.0989672
v -0.0643093 1.6732666 -0.0500701
v -0.0620419 1.6553511 -0.0696582
v -0.0575069 1.6455403 -0.0791996
v -0.0532637 1.6388500 -0.0872930
v -0.0497165 1.6338997 -0.0943425
v -0.0399394 1.6239991 -0.1066453
v -0.0066229 1.6091481 -0.1263905
v -0.0548240 1.6524438 -0.0521356
v -0.0154571 1.6111911 -0.1231464
v 0.0000000 1.6084633 -0.1329909
v -0.0567884 1.6582697 -0.0421676
v -0.0503901 1.6456750 -0.0483302
v -0.0524667 1.6496263 -0.0388112
v -0.0456755 1.6334283 -0.0429197
v -0.0495145 1.6382888 -0.0344783
v -0.0456979 1.6181844 -0.0362968
v -0.0485940 1.6238531 -0.0287759
v -0.0470562 1.6011333 -0.0282034
v -0.0485716 1.6040631 -0.0199641
v -0.0514340 1.5825106 -0.0190661
v -0.0541954 1.5866303 -0.0106584
v -0.0483807 1.6389511 -0.0690857
v -0.0519840 1.6453831 -0.0612392
v -0.0432957 1.6341467 -0.0619689
v -0.0470562 1.6390633 -0.0558736
v -0.0383454 1.6255594 -0.0534938
v -0.0420048 1.6304985 -0.0477353
v -0.0376382 1.6108768 -0.0463546
v -0.0425661 1.6142780 -0.0427176
v -0.0415783 1.5949369 -0.0420329
v -0.0442835 1.5978443 -0.0356233
v -0.0458214 1.5784471 -0.0342875
v -0.0493349 1.5803666 -0.0270472
v -0.0449121 1.6341916 -0.0758208
v -0.0329348 1.6078572 -0.0491833
v -0.0370994 1.5921868 -0.0462087
v -0.0419262 1.5759102 -0.0408318
v 0.0000000 1.6081715 -0.1273110
v -0.0063086 1.6099226 -0.1090700
v -0.0138968 1.6124483 -0.1051748
v 0.0000000 1.6088113 -0.1099792
v -0.0351911 1.6225286 -0.0923556
v -0.0058371 1.6104502 -0.0954425
v -0.0123814 1.6120891 -0.0924791
v 0.0000000 1.6092828 -0.0975978
v -0.0303867 1.6213948 -0.0809059
v -0.0042431 1.6088113 -0.0772352
v -0.0091486 1.6097206 -0.0755177
v 0.0000000 1.6084746 -0.0775607
v -0.0242914 1.6133126 -0.0670876
v -0.0032104 1.5985290 -0.0655497
v -0.0171634 1.6000669 -0.0609362
v -0.0073301 1.5989219 -0.0642925
v 0.0000000 1.5984168 -0.0656508
v -0.0215973 1.6017843 -0.0578492
v -0.0038054 1.5828586 -0.0614750
v -0.0178369 1.5858670 -0.0553797
v -0.0082281 1.5831168 -0.0604198
v 0.0000000 1.5825667 -0.0616883
v -0.0229893 1.5869446 -0.0533479
v -0.0128192 1.5842056 -0.0584329
v -0.0123253 1.5991801 -0.0631588
v -0.0547904 1.6547674 -0.0258012
v -0.0524780 1.6440024 -0.0224448
v -0.0503227 1.6298362 -0.0184150
v -0.0503115 1.6086317 -0.0103216
v -0.0556996 1.5903570 -0.0019364
v -0.0545658 1.6582023 -0.0107257
v -0.0523994 1.6474373 -0.0082225
v -0.0498962 1.6338324 -0.0058540
v -0.0517932 1.6140311 0.0007016
v -0.0559578 1.5942410 0.0076724
v -0.0662625 1.5775715 0.0159454
v -0.0517708 1.6599310 0.0048661
v -0.0505248 1.6497273 0.0065162
v -0.0504799 1.6367060 0.0086154
v -0.0515238 1.6182630 0.0125217
v -0.0549700 1.5986974 0.0181793
v -0.0635348 1.5812646 0.0252063
v -0.0478756 1.6610648 0.0188416
v -0.0473480 1.6517254 0.0195487
v -0.0468653 1.6389735 0.0208733
v -0.0473368 1.6219897 0.0231857
v -0.0500645 1.6019078 0.0275523
v -0.0573722 1.5838801 0.0347589
v -0.0399955 1.6624567 0.0276534
v -0.0390077 1.6533867 0.0275860
v -0.0385362 1.6406349 0.0280126
v -0.0385923 1.6230786 0.0298535
v -0.0387607 1.6022446 0.0341864
v -0.0458775 1.5850026 0.0412808
v -0.0279957 1.6642976 0.0321547
v -0.0268620 1.6552052 0.0308525
v -0.0262558 1.6430034 0.0303811
v -0.0265140 1.6249083 0.0318965
v -0.0279957 1.6023793 0.0369029
v -0.0339451 1.5853955 0.0448953
v 0.0000000 1.6677662 0.0330302
v 0.0000000 1.6580115 0.0303586
v 0.0000000 1.6449229 0.0278666
v 0.0000000 1.6262553 0.0291463
v 0.0000000 1.6022782 0.0337038
v 0.0000000 1.5837903 0.0443228
v -0.0788011 1.7091424 -0.0637537
v -0.0830892 1.7589263 -0.0287085
v -0.0607060 1.8279615 0.0112645
v -0.0498737 1.8389286 0.0176629
v -0.0820901 1.7847556 -0.0149239
v -0.0773194 1.7988433 -0.0068867
v -0.0822697 1.7483073 -0.0329517
v -0.0752652 1.6843796 -0.0585901
v -0.0787001 1.7222535 -0.0709715
v -0.0783746 1.7099507 -0.0692653
v -0.0747937 1.6853225 -0.0675927
v -0.0781725 1.7356564 -0.0735309
v -0.0768704 1.7497890 -0.0782567
v -0.0824156 1.7522137 -0.0408542
v -0.0816972 1.7445693 -0.0267778
v -0.0793399 1.7366443 -0.0210417
v -0.0728293 1.7130713 -0.0201212
v -0.0747600 1.7199299 -0.0192232
v -0.0716731 1.8267267 -0.0242184
v -0.0489645 1.8550031 -0.0171802
v 0.0000000 1.8684734 -0.0174047
v -0.0611102 1.8424533 -0.0204580
v 0.0000000 1.8700000 -0.0600943
v 0.0000000 1.8609188 -0.0910086
v -0.0432845 1.8518264 -0.0856766
v -0.0632654 1.6769597 -0.0399113
v -0.0572824 1.6635568 -0.0297076
v -0.0572936 1.6686979 -0.0139361
v -0.0535107 1.6684285 0.0043161
v -0.0480777 1.6687204 0.0183140
v -0.0392883 1.6700225 0.0283605
v -0.0284896 1.6713583 0.0329741
v -0.0398832 1.6258288 -0.1117191
v -0.0514228 1.6368744 -0.0998091
v -0.0561823 1.6430371 -0.0929842
v -0.0603693 1.6494130 -0.0839816
v -0.0650614 1.6591228 -0.0746871
v -0.0383342 1.7677606 -0.1414884
v -0.0326879 1.6456638 -0.1371892
v -0.0278722 1.6423186 -0.1394903
v -0.0041982 1.7027216 -0.1664309
v -0.0330920 1.6736146 -0.1422742
v -0.0600774 1.7134754 -0.1257282
v -0.0631981 1.7097374 -0.1223270
v -0.0545546 1.7195033 -0.1294213
v -0.0571701 1.7230954 -0.1267946
v -0.0528259 1.7132284 -0.1321939
v -0.0570242 1.7167756 -0.1279508
v -0.0188359 1.7119151 -0.1452938
v -0.0461357 1.7113201 -0.1376494
v -0.0132009 1.7233648 -0.1437671
v -0.0709435 1.6817866 -0.0867317
v -0.0681596 1.6689786 -0.0601616
v -0.0714374 1.6713808 -0.0680979
v -0.0242240 1.6145025 -0.1185665
v -0.0250435 1.6162986 -0.1282314
v -0.0512095 1.6406685 -0.1054442
v -0.0326317 1.6221020 -0.1221249
v -0.0395240 1.6278605 -0.1160745
v -0.0165235 1.6119656 -0.1329685
v -0.0072852 1.6099563 -0.1352135
v -0.0327777 1.6192732 -0.1125161
v -0.0249649 1.6153107 -0.1244710
v -0.0330695 1.6205192 -0.1179828
v -0.0293989 1.6192845 -0.0968906
v -0.0255374 1.6186783 -0.0848684
v -0.0193074 1.6151648 -0.0889094
v -0.0220800 1.6157261 -0.1013021
v -0.0420834 1.6303189 -0.0818937
v -0.0296009 1.6060275 -0.0515631
v -0.0329573 1.5899978 -0.0489027
v -0.0732446 1.6827407 -0.0487680
v -0.0632766 1.6817753 -0.0318516
v 0.0000000 1.6756351 0.0350508
v -0.0678116 1.7048207 -0.0156536
v -0.0620643 1.7031818 0.0026323
v -0.0573497 1.7024522 0.0145198
v -0.0509401 1.7029798 0.0262390
v -0.0424201 1.7032380 0.0356682
v -0.0320031 1.7019358 0.0420553
v 0.0000000 1.7013634 0.0469046
v -0.0701914 1.7127906 -0.0130381
v -0.0642532 1.7142611 0.0055284
v -0.0595611 1.7150245 0.0174159
v -0.0527810 1.7161807 0.0293820
v -0.0443621 1.7170562 0.0394286
v -0.0345625 1.7166970 0.0471516
v 0.0000000 1.7156643 0.0550429
v -0.0729977 1.7211871 -0.0116574
v -0.0677106 1.7264517 0.0096593
v -0.0622551 1.7286519 0.0213560
v -0.0551159 1.7306388 0.0331762
v -0.0465623 1.7323113 0.0439299
v -0.0366504 1.7327267 0.0520682
v 0.0000000 1.7324909 0.0605994
v -0.0788685 1.7420997 -0.0140821
v -0.0731099 1.7523371 0.0098614
v -0.0672504 1.7576467 0.0231184
v -0.0593029 1.7622602 0.0352304
v -0.0501543 1.7659870 0.0470506
v -0.0397822 1.7689729 0.0550317
v 0.0000000 1.7739569 0.0619352
v -0.0818319 1.7531678 -0.0203570
v -0.0795532 1.7746192 -0.0023292
v -0.0742549 1.7862149 0.0085480
v -0.0672055 1.7976758 0.0202559
v -0.0575181 1.8086317 0.0335578
v -0.0454397 1.8160852 0.0406297
v 0.0000000 1.8238419 0.0472751
v -0.0463378 1.8587635 -0.0565359
v -0.0598642 1.8466066 -0.0545153
v -0.0575742 1.8422512 -0.0807262
v -0.0725936 1.7958237 -0.0953639
v -0.0710108 1.8307903 -0.0517539
v -0.0793961 1.8123584 -0.0486445
v -0.0629623 1.8084296 -0.1063198
v -0.0793287 1.8092940 -0.0276758
v -0.0835494 1.7923214 -0.0316608
v -0.0833922 1.7631470 -0.0386653
v -0.0496716 1.8173761 -0.1160970
v -0.0351013 1.8235837 -0.1239546
v -0.0179042 1.8146147 -0.1370096
v 0.0000000 1.8164556 -0.1385250
v -0.0069147 1.8159842 -0.1381096
v -0.0776786 1.8105400 -0.0657855
v -0.0693944 1.8281748 -0.0736319
v -0.0831453 1.7940613 -0.0468822
v -0.0820115 1.7932306 -0.0598473
v -0.0061739 1.6089797 -0.1187461
v -0.0147051 1.6112921 -0.1152102
v 0.0000000 1.6078011 -0.1200931
v -0.0601897 1.6706848 -0.0353090
v -0.0230566 1.6146597 -0.1110680
v -0.0315204 1.6188467 -0.1055228
v -0.0380535 1.6230561 -0.1001459
v -0.0606836 1.6654314 -0.0459842
v -0.0605489 1.6593136 -0.0558624
v -0.0572375 1.6503110 -0.0653140
v -0.0493686 1.6366723 -0.0819049
v -0.0458775 1.6319914 -0.0886176
v -0.0531851 1.6424309 -0.0742493
v -0.0606387 1.6760729 -0.0250154
v -0.0657013 1.7034288 -0.0077398
v -0.0683841 1.7134193 -0.0040691
v -0.0719425 1.7232975 -0.0013639
v -0.0776786 1.7474991 -0.0031038
v -0.0821013 1.7633154 -0.0122411
v -0.0844250 1.7761234 -0.0359376
v -0.0670708 1.8216642 -0.0894034
v -0.0759836 1.8062856 -0.0789414
v -0.0810686 1.7907050 -0.0704776
v -0.0544536 1.8336864 -0.0988662
v 0.0000000 1.8473475 -0.1129651
v -0.0073076 1.8287585 -0.1295223
v 0.0000000 1.8289493 -0.1301846
v -0.0396812 1.8411063 -0.1056575
v -0.0101027 1.5846546 0.0440085
v -0.0060616 1.6672387 0.0332435
v -0.0055004 1.6577533 0.0311107
v -0.0105629 1.8457086 -0.1124039
v -0.0168042 1.8225509 0.0465005
v -0.0141438 1.7731150 0.0615087
v -0.0062749 1.6748943 0.0346018
v -0.0170511 1.8684060 -0.0597014
v -0.0196105 1.8662059 -0.0164506
v -0.0130100 1.7318848 0.0597238
v -0.0114497 1.7155520 0.0540214
v -0.0085536 1.7015879 0.0465117
v -0.0134254 1.8594595 -0.0908177
v -0.0053320 1.6268615 0.0299545
v -0.0051748 1.6449566 0.0287198
v -0.0076668 1.6029181 0.0365550
v -0.0398945 1.6299148 -0.0673458
v -0.0370096 1.6271870 -0.0720491
v -0.0343268 1.6207662 -0.0563563
v -0.0308806 1.6180048 -0.0602178
v -0.0198125 1.6117636 -0.0698602
v -0.0148510 1.6105400 -0.0732951
v -0.0166021 1.6662396 0.0329068
v -0.0178144 1.6032997 0.0396756
v -0.0267834 1.8573604 -0.0898075
v -0.0170511 1.6734238 0.0341640
v -0.0201381 1.7019134 0.0456137
v -0.0154010 1.6438902 0.0303699
v -0.0214402 1.5849128 0.0441993
v -0.0272661 1.7713751 0.0596340
v -0.0254251 1.7320868 0.0577931
v -0.0234607 1.7159786 0.0522815
v -0.0313184 1.8204518 0.0450076
v -0.0338890 1.8624791 -0.0162710
v -0.0155694 1.6255032 0.0315934
v -0.0303979 1.8658354 -0.0591738
v -0.0158164 1.6569451 0.0312903
v -0.0230903 1.8442044 -0.1107088
v -0.0391424 1.7398434 -0.1378739
v -0.0349554 1.7398210 -0.1388056
v -0.0427232 1.7390577 -0.1364146
v -0.0456530 1.7380586 -0.1346410
v -0.0475725 1.7372616 -0.1332267
v -0.0482348 1.7363412 -0.1327889
v -0.0487175 1.7354993 -0.1324746
v -0.0488298 1.7348707 -0.1322501
v -0.0487400 1.7343655 -0.1322164
v -0.0484481 1.7334675 -0.1325082
v -0.0471684 1.7326368 -0.1336308
v -0.0450020 1.7315368 -0.1351462
v -0.0427345 1.7305826 -0.1363248
v -0.0392546 1.7298530 -0.1377280
v -0.0348992 1.7297071 -0.1383005
v -0.0309816 1.7300101 -0.1377504
v -0.0273671 1.7306163 -0.1368636
v -0.0244486 1.7314582 -0.1354717
v -0.0305326 1.7390016 -0.1386597
v -0.0264130 1.7373627 -0.1374024
v -0.0246282 1.7357350 -0.1363136
v -0.0234271 1.7341635 -0.1357074
v -0.0227872 1.7334787 -0.1356289
v -0.0227872 1.7327154 -0.1354605
v -0.0236628 1.7320644 -0.1352921
v -0.0240108 1.7349605 -0.1360105
v -0.0393781 1.7391363 -0.1348094
v -0.0352585 1.7390801 -0.1355166
v -0.0431722 1.7386199 -0.1337430
v -0.0456418 1.7381821 -0.1323623
v -0.0473368 1.7372167 -0.1309928
v -0.0480440 1.7364871 -0.1303305
v -0.0485154 1.7356340 -0.1296121
v -0.0486614 1.7348931 -0.1291070
v -0.0486951 1.7342084 -0.1287927
v -0.0487961 1.7336696 -0.1287478
v -0.0477521 1.7324797 -0.1299826
v -0.0450918 1.7314021 -0.1319470
v -0.0427345 1.7308745 -0.1330695
v -0.0396026 1.7303020 -0.1341022
v -0.0348319 1.7302908 -0.1347421
v -0.0311388 1.7305153 -0.1343155
v -0.0269855 1.7311776 -0.1331705
v -0.0249425 1.7315031 -0.1326093
v -0.0303755 1.7383393 -0.1352584
v -0.0264242 1.7372616 -0.1343267
v -0.0244486 1.7361391 -0.1332716
v -0.0235281 1.7343319 -0.1330695
v -0.0229893 1.7335124 -0.1330134
v -0.0228546 1.7330746 -0.1330021
v -0.0233597 1.7323450 -0.1328787
v -0.0240893 1.7351962 -0.1330583
v -0.0394230 1.7446703 -0.1350788
v -0.0346523 1.7447040 -0.1358534
v -0.0433855 1.7436151 -0.1338104
v -0.0462592 1.7421334 -0.1324072
v -0.0482460 1.7403935 -0.1311388
v -0.0494696 1.7387209 -0.1302295
v -0.0502441 1.7370708 -0.1295223
v -0.0506595 1.7354993 -0.1290621
v -0.0507829 1.7339614 -0.1288825
v -0.0506258 1.7325134 -0.1290060
v -0.0492002 1.7296060 -0.1304540
v -0.0471460 1.7275181 -0.1320368
v -0.0442162 1.7256099 -0.1335634
v -0.0399057 1.7241281 -0.1349441
v -0.0338777 1.7237240 -0.1356064
v -0.0291519 1.7244761 -0.1351013
v -0.0257507 1.7256884 -0.1341022
v -0.0222596 1.7279896 -0.1324297
v -0.0295448 1.7434580 -0.1357860
v -0.0252904 1.7412466 -0.1348431
v -0.0225066 1.7388332 -0.1335859
v -0.0201381 1.7348594 -0.1315429
v -0.0198125 1.7332542 -0.1309255
v -0.0199360 1.7317501 -0.1309479
v -0.0206320 1.7299652 -0.1313969
v -0.0209575 1.7366779 -0.1324970
v -0.0394230 1.7486440 -0.1308694
v -0.0341696 1.7489359 -0.1315765
v -0.0437223 1.7471398 -0.1298030
v -0.0469215 1.7450295 -0.1286243
v -0.0491328 1.7427059 -0.1275018
v -0.0505584 1.7404272 -0.1265925
v -0.0514340 1.7382270 -0.1258854
v -0.0518942 1.7360942 -0.1254139
v -0.0520177 1.7339502 -0.1252343
v -0.0518269 1.7319072 -0.1253578
v -0.0504574 1.7279784 -0.1264803
v -0.0485491 1.7251945 -0.1276702
v -0.0453724 1.7223882 -0.1290060
v -0.0404445 1.7201095 -0.1303193
v -0.0337543 1.7194135 -0.1309816
v -0.0283325 1.7205585 -0.1306561
v -0.0247965 1.7222984 -0.1299601
v -0.0209238 1.7258231 -0.1287927
v -0.0285682 1.7475552 -0.1316439
v -0.0238424 1.7446927 -0.1310153
v -0.0207555 1.7413140 -0.1300387
v -0.0184094 1.7355666 -0.1287141
v -0.0182410 1.7332991 -0.1285121
v -0.0184655 1.7311102 -0.1282876
v -0.0192737 1.7285958 -0.1282539
v -0.0191166 1.7382046 -0.1291407
v -0.0391087 1.7508554 -0.1263568
v -0.0337206 1.7512707 -0.1268507
v -0.0435427 1.7491941 -0.1256047
v -0.0468878 1.7468480 -0.1247179
v -0.0492563 1.7442437 -0.1238311
v -0.0508166 1.7416170 -0.1230566
v -0.0517932 1.7390577 -0.1224168
v -0.0523096 1.7365096 -0.1219790
v -0.0524443 1.7339502 -0.1217769
v -0.0522198 1.7315031 -0.1218106
v -0.0508278 1.7270242 -0.1224953
v -0.0489420 1.7239261 -0.1232811
v -0.0456755 1.7207044 -0.1242689
v -0.0405343 1.7180328 -0.1252792
v -0.0335747 1.7172022 -0.1259415
v -0.0280070 1.7185043 -0.1259415
v -0.0244261 1.7204462 -0.1256496
v -0.0203064 1.7245210 -0.1251108
v -0.0280182 1.7499125 -0.1269405
v -0.0231240 1.7468704 -0.1266150
v -0.0198462 1.7430426 -0.1260650
v -0.0173654 1.7361952 -0.1251557
v -0.0172420 1.7334563 -0.1249088
v -0.0175563 1.7308296 -0.1247965
v -0.0184880 1.7277988 -0.1248751
v -0.0180951 1.7393608 -0.1255486
v -0.0386597 1.7516524 -0.1227984
v -0.0333951 1.7520340 -0.1231127
v -0.0430712 1.7500247 -0.1222708
v -0.0464612 1.7476787 -0.1216310
v -0.0489083 1.7450183 -0.1209463
v -0.0505697 1.7422681 -0.1203176
v -0.0516136 1.7395291 -0.1197788
v -0.0521749 1.7367677 -0.1193859
v -0.0523096 1.7339727 -0.1191614
v -0.0520514 1.7313459 -0.1191165
v -0.0506033 1.7266987 -0.1194757
v -0.0487175 1.7235444 -0.1199472
v -0.0454622 1.7202442 -0.1206095
v -0.0403210 1.7174940 -0.1213616
v -0.0334063 1.7166297 -0.1220239
v -0.0279396 1.7179093 -0.1222933
v -0.0244261 1.7198289 -0.1223045
v -0.0202166 1.7239934 -0.1222035
v -0.0278610 1.7507095 -0.1232025
v -0.0230678 1.7477685 -0.1230678
v -0.0197340 1.7439519 -0.1228433
v -0.0170399 1.7366892 -0.1224392
v -0.0168940 1.7336808 -0.1223045
v -0.0172420 1.7307847 -0.1222147
v -0.0182635 1.7274845 -0.1221810
v -0.0178593 1.7401129 -0.1226188
v -0.0381995 1.7517534 -0.1200258
v -0.0168940 1.7339614 -0.1202166
v -0.0425212 1.7502380 -0.1196778
v -0.0199697 1.7443672 -0.1203176
v -0.0484032 1.7453550 -0.1187124
v -0.0501207 1.7425936 -0.1182297
v -0.0518157 1.7369586 -0.1174215
v -0.0519504 1.7340737 -0.1171858
v -0.0278835 1.7180104 -0.1195319
v -0.0501992 1.7267661 -0.1171970
v -0.0483246 1.7236679 -0.1174215
v -0.0450918 1.7203901 -0.1178144
v -0.0399955 1.7176624 -0.1183644
v -0.0332155 1.7167756 -0.1190380
v -0.0516697 1.7313908 -0.1170960
v -0.0244710 1.7198513 -0.1197676
v -0.0202840 1.7239597 -0.1199248
v -0.0512207 1.7397985 -0.1177920
v -0.0232699 1.7480042 -0.1203401
v -0.0278498 1.7507768 -0.1203289
v -0.0459112 1.7479817 -0.1192176
v -0.0171073 1.7371045 -0.1202615
v -0.0331257 1.7520565 -0.1202391
v -0.0172420 1.7309194 -0.1201493
v -0.0182859 1.7275069 -0.1200258
v -0.0180165 1.7405955 -0.1202952
v -0.0377392 1.7514728 -0.1175226
v -0.0171409 1.7342757 -0.1182297
v -0.0419038 1.7501033 -0.1172981
v -0.0204187 1.7445019 -0.1180052
v -0.0477521 1.7454448 -0.1166358
v -0.0495145 1.7427508 -0.1162878
v -0.0512544 1.7371606 -0.1155918
v -0.0514003 1.7342645 -0.1153224
v -0.0278386 1.7185267 -0.1169725
v -0.0496380 1.7271140 -0.1150867
v -0.0477746 1.7241057 -0.1150867
v -0.0445754 1.7209065 -0.1152551
v -0.0395802 1.7182573 -0.1156367
v -0.0330022 1.7173818 -0.1163102
v -0.0511197 1.7315929 -0.1151989
v -0.0245384 1.7202666 -0.1174103
v -0.0204636 1.7242404 -0.1177807
v -0.0506370 1.7400006 -0.1159286
v -0.0235954 1.7478695 -0.1178930
v -0.0279284 1.7504401 -0.1177471
v -0.0452377 1.7479930 -0.1169837
v -0.0174216 1.7374525 -0.1181848
v -0.0329012 1.7516861 -0.1176348
v -0.0174328 1.7312000 -0.1181624
v -0.0184655 1.7277875 -0.1179716
v -0.0184318 1.7409098 -0.1180950
v -0.0372678 1.7507544 -0.1149295
v -0.0177134 1.7346013 -0.1159286
v -0.0411517 1.7495757 -0.1147948
v -0.0211371 1.7443560 -0.1155132
v -0.0468429 1.7452652 -0.1143234
v -0.0486053 1.7427059 -0.1141213
v -0.0503227 1.7373739 -0.1134815
v -0.0504574 1.7345339 -0.1131896
v -0.0279284 1.7195258 -0.1142111
v -0.0487512 1.7277202 -0.1127743
v -0.0468990 1.7248914 -0.1125835
v -0.0437672 1.7218494 -0.1125835
v -0.0390301 1.7193799 -0.1128304
v -0.0328563 1.7185267 -0.1134478
v -0.0501992 1.7319409 -0.1130549
v -0.0247741 1.7210973 -0.1148060
v -0.0208677 1.7248578 -0.1153336
v -0.0497278 1.7401016 -0.1138407
v -0.0241118 1.7473644 -0.1153112
v -0.0281304 1.7496767 -0.1150755
v -0.0443397 1.7476562 -0.1145591
v -0.0180838 1.7376882 -0.1158051
v -0.0327664 1.7508554 -0.1149520
v -0.0179491 1.7316266 -0.1158612
v -0.0189482 1.7283151 -0.1155918
v -0.0191727 1.7410221 -0.1156479
v -0.0367963 1.7492614 -0.1118650
v -0.0190717 1.7349268 -0.1127855
v -0.0401863 1.7483073 -0.1117865
v -0.0224954 1.7437386 -0.1123702
v -0.0453724 1.7445131 -0.1114273
v -0.0470562 1.7422569 -0.1113262
v -0.0485940 1.7374412 -0.1107425
v -0.0487063 1.7348145 -0.1104619
v -0.0284784 1.7213218 -0.1109446
v -0.0471347 1.7286856 -0.1100129
v -0.0453612 1.7262048 -0.1097210
v -0.0424763 1.7235220 -0.1096200
v -0.0383005 1.7213667 -0.1097771
v -0.0329012 1.7205810 -0.1102374
v -0.0484930 1.7324348 -0.1103496
v -0.0255599 1.7226127 -0.1115844
v -0.0219790 1.7259803 -0.1121120
v -0.0480889 1.7399332 -0.1111017
v -0.0251557 1.7462867 -0.1121793
v -0.0287141 1.7482287 -0.1119099
v -0.0430375 1.7466459 -0.1115844
v -0.0195319 1.7377668 -0.1126284
v -0.0328338 1.7492726 -0.1118201
v -0.0192513 1.7322103 -0.1127182
v -0.0201942 1.7291683 -0.1123926
v -0.0206544 1.7408088 -0.1124600
v -0.0379188 1.7297744 -0.1044788
v -0.0371106 1.7285396 -0.1047370
v -0.0363361 1.7273947 -0.1050738
v -0.0340910 1.7270467 -0.1051524
v -0.0387495 1.7332991 -0.1040860
v -0.0322052 1.7286182 -0.1047033
v -0.0309592 1.7305602 -0.1043778
v -0.0385138 1.7380250 -0.1043778
v -0.0318235 1.7417966 -0.1054442
v -0.0329348 1.7427283 -0.1057473
v -0.0369198 1.7418864 -0.1053993
v -0.0297918 1.7374076 -0.1045125
v -0.0339563 1.7435365 -0.1061289
v -0.0296122 1.7340512 -0.1042992
v -0.0301285 1.7322889 -0.1042768
v -0.0302969 1.7390801 -0.1047707
v -0.0387832 1.7319970 -0.1042207
v -0.0316103 1.7294377 -0.1045350
v -0.0263119 1.7263283 -0.1078576
v -0.0447101 1.7315368 -0.1069596
v -0.0239883 1.7400118 -0.1082842
v -0.0234720 1.7305265 -0.1080597
v -0.0226301 1.7330073 -0.1083179
v -0.0332828 1.7463990 -0.1083179
v -0.0229780 1.7375647 -0.1083179
v -0.0407925 1.7444233 -0.1080260
v -0.0302408 1.7455683 -0.1082617
v -0.0275467 1.7441764 -0.1083291
v -0.0447774 1.7391587 -0.1075321
v -0.0249312 1.7279447 -0.1079138
v -0.0277824 1.7253068 -0.1076780
v -0.0450581 1.7330522 -0.1069821
v -0.0333502 1.7239261 -0.1070157
v -0.0373688 1.7245435 -0.1067688
v -0.0403547 1.7261823 -0.1066229
v -0.0425436 1.7282029 -0.1066453
v -0.0439805 1.7300663 -0.1068361
v -0.0300724 1.7244200 -0.1073413
v -0.0451928 1.7349941 -0.1070382
v -0.0451254 1.7371382 -0.1072515
v -0.0280855 1.5885835 -0.0509008
v -0.0256946 1.6037936 -0.0543245
v -0.0280406 1.6155577 -0.0631812
v -0.0340798 1.6241001 -0.0764270
v -0.0391536 1.6264013 -0.0870685
v -0.0423191 1.6278156 -0.0944659
v -0.0451816 1.6289943 -0.1005163
v -0.0461245 1.6311944 -0.1058034
v -0.0454510 1.6339671 -0.1104843
v -0.0358534 1.6489415 -0.1357523
v -0.0324858 1.6523764 -0.1386709
v -0.0313745 1.6537347 -0.1394791
v -0.0287590 1.6564737 -0.1409608
v -0.0280182 1.6572033 -0.1410619
v -0.0275467 1.6576972 -0.1412864
v -0.0271089 1.6580789 -0.1414660
v -0.0268059 1.6583707 -0.1410843
v -0.0265701 1.6586065 -0.1401751
v -0.0266824 1.6588085 -0.1384576
v -0.0274457 1.6588759 -0.1360330
v -0.0272436 1.6580901 -0.1344502
v -0.0274794 1.6568553 -0.1333501
v -0.0277488 1.6561257 -0.1322501
v -0.0286468 1.6549695 -0.1297244
v -0.0312510 1.6545092 -0.1241679
v -0.0336083 1.6547786 -0.1125947
v -0.0370096 1.6556542 -0.0952292
v -0.0354493 1.6558450 -0.0733625
v -0.0293764 1.6559685 -0.0492507
v -0.0212381 1.6566196 -0.0455688
v -0.0221698 1.6643201 -0.0453443
v -0.0324409 1.6734238 -0.0539092
v -0.0363024 1.6813600 -0.0735982
v -0.0363136 1.6851317 -0.0961609
v -0.0315429 1.6817080 -0.1159173
v -0.0291182 1.6768924 -0.1277263
v -0.0265589 1.6719757 -0.1335073
v -0.0256609 1.6680469 -0.1355278
v -0.0255262 1.6648028 -0.1363024
v -0.0256160 1.6616934 -0.1367851
v -0.0258629 1.6601331 -0.1386260
v -0.0259864 1.6594371 -0.1403322
v -0.0263905 1.6590442 -0.1415109
v -0.0269293 1.6589544 -0.1420609
v -0.0274232 1.6589993 -0.1421732
v -0.0279508 1.6590330 -0.1420497
v -0.0289050 1.6592238 -0.1419374
v -0.0297693 1.6593585 -0.1415782
v -0.0321378 1.6607617 -0.1407027
v -0.0336420 1.6614689 -0.1399506
v -0.0726497 1.7342533 -0.1006847
v -0.0707414 1.7423467 -0.1043329
v -0.0679575 1.7501931 -0.1103945
v -0.0641410 1.7573211 -0.1181512
v -0.0577875 1.7639103 -0.1261660
v -0.0492114 1.7688158 -0.1340461
v -0.0388617 1.7723517 -0.1408486
v -0.0281192 1.7748662 -0.1463377
v -0.0173542 1.7761571 -0.1506594
v -0.0068474 1.7764377 -0.1527361
v 0.0000000 1.7768081 -0.1532861
v -0.0347533 1.7404721 -0.1405343
v -0.0389852 1.7405731 -0.1399730
v -0.0429253 1.7400006 -0.1391648
v -0.0460571 1.7389903 -0.1378627
v -0.0482124 1.7378790 -0.1366503
v -0.0493012 1.7368351 -0.1356289
v -0.0498176 1.7360269 -0.1347533
v -0.0499298 1.7351401 -0.1340573
v -0.0497053 1.7343206 -0.1339338
v -0.0492563 1.7335012 -0.1340349
v -0.0477072 1.7319858 -0.1351462
v -0.0460908 1.7307959 -0.1362013
v -0.0438345 1.7297744 -0.1375147
v -0.0395353 1.7289774 -0.1391199
v -0.0348992 1.7288427 -0.1394230
v -0.0307347 1.7291683 -0.1389178
v -0.0267385 1.7297969 -0.1382107
v -0.0225852 1.7307398 -0.1370994
v -0.0303193 1.7395853 -0.1399618
v -0.0261885 1.7381148 -0.1388505
v -0.0232026 1.7363187 -0.1387382
v -0.0200819 1.7343206 -0.1388280
v -0.0192737 1.7335685 -0.1378178
v -0.0191278 1.7326368 -0.1371106
v -0.0197115 1.7317613 -0.1370432
v -0.0213167 1.7351513 -0.1387158
v -0.0174328 1.7307173 -0.1385362
v -0.0248863 1.7406853 -0.1399169
v -0.0213504 1.7384066 -0.1396138
v -0.0439580 1.7427845 -0.1375259
v -0.0510074 1.7394057 -0.1339787
v -0.0525116 1.7378341 -0.1325307
v -0.0531290 1.7364198 -0.1314306
v -0.0532862 1.7350615 -0.1308469
v -0.0532188 1.7336247 -0.1307010
v -0.0508391 1.7287080 -0.1317449
v -0.0527698 1.7320195 -0.1303867
v -0.0408823 1.7243414 -0.1373351
v -0.0453163 1.7254078 -0.1352584
v -0.0356738 1.7241506 -0.1387382
v -0.0299938 1.7246669 -0.1388842
v -0.0198013 1.7285060 -0.1374586
v -0.0252006 1.7258905 -0.1383678
v -0.0486053 1.7269569 -0.1337318
v -0.0192849 1.7366779 -0.1394791
v -0.0170624 1.7323001 -0.1393556
v -0.0180277 1.7351064 -0.1395577
v -0.0173093 1.7337257 -0.1396138
v -0.0294887 1.7425038 -0.1399730
v -0.0392771 1.7435927 -0.1393332
v -0.0344951 1.7434916 -0.1400516
v -0.0480889 1.7412578 -0.1358758
v -0.0391648 1.6971988 -0.1419599
v -0.0106527 1.6962559 -0.1651624
v -0.0194084 1.6907443 -0.1490991
v -0.0037492 1.6961324 -0.1695964
v -0.0072739 1.6963120 -0.1681371
v 0.0000000 1.6956946 -0.1705169
v -0.0181736 1.6935057 -0.1542403
v -0.0192288 1.6917433 -0.1513442
v -0.0136499 1.6958967 -0.1621428
v -0.0239771 1.7087383 -0.1444743
v -0.0317674 1.7041023 -0.1446203
v -0.0374923 1.7070321 -0.1426222
v -0.0272212 1.7115110 -0.1437896
v -0.0038952 1.7184257 -0.1558006
v 0.0000000 1.7192676 -0.1572599
v -0.0072178 1.7168317 -0.1539372
v -0.0558231 1.6964130 -0.1297917
v -0.0617051 1.7005888 -0.1238087
v -0.0266487 1.6928210 -0.1452938
v -0.0308020 1.6866583 -0.1439467
v -0.0191951 1.6949537 -0.1489981
v -0.0075658 1.7023175 -0.1647022
v -0.0020767 1.6773301 -0.1576303
v 0.0000000 1.6769597 -0.1569007
v -0.0099792 1.6786098 -0.1542740
v -0.0041982 1.6778353 -0.1569905
v -0.0256160 1.6851429 -0.1456979
v -0.0507156 1.7312337 -0.1321041
v -0.0494584 1.7321093 -0.1334399
v -0.0482124 1.7330410 -0.1347645
v -0.0237975 1.7293703 -0.1377055
v -0.0248976 1.7308857 -0.1373351
v -0.0232026 1.7283713 -0.1377504
v -0.0207779 1.7255201 -0.1378627
v -0.0537015 1.7294713 -0.1292866
v -0.0195656 1.7236791 -0.1398944
v -0.0560700 1.7280906 -0.1277151
v -0.0204187 1.7147102 -0.1434079
v -0.0613683 1.7243077 -0.1224953
v -0.0152888 1.7030471 -0.1512881
v -0.0646910 1.7221413 -0.1194645
v -0.0117865 1.7215800 -0.1460908
v -0.0674300 1.7197054 -0.1156704
v -0.0762867 1.7021603 -0.0808161
v -0.0156816 1.7010939 -0.1542964
v -0.0159286 1.6991071 -0.1561935
v -0.0159174 1.6931016 -0.1585845
v -0.0162317 1.6971314 -0.1574283
v -0.0777235 1.6972886 -0.0617444
v -0.0771286 1.6979846 -0.0681428
v -0.0586294 1.7263619 -0.1251669
v -0.0157490 1.7179093 -0.1443509
v -0.0478981 1.7330410 -0.1330583
v -0.0254813 1.7310765 -0.1360442
v -0.0482685 1.7330746 -0.1293652
v -0.0257395 1.7313347 -0.1327664
v -0.0501319 1.7311551 -0.1295560
v -0.0238312 1.7267212 -0.1332491
v -0.0513667 1.7300775 -0.1257506
v -0.0226862 1.7238924 -0.1293539
v -0.0517259 1.7293815 -0.1220463
v -0.0222260 1.7222647 -0.1253578
v -0.0515238 1.7291121 -0.1192288
v -0.0222260 1.7216586 -0.1222596
v -0.0511309 1.7291458 -0.1171072
v -0.0223045 1.7216361 -0.1198686
v -0.0505697 1.7294040 -0.1151316
v -0.0224392 1.7219729 -0.1176348
v -0.0496716 1.7298754 -0.1129427
v -0.0227648 1.7226688 -0.1151316
v -0.0480215 1.7305826 -0.1102486
v -0.0237077 1.7239710 -0.1119436
v -0.0439692 1.7410109 -0.1077342
v -0.0426110 1.7427845 -0.1078576
v -0.0254700 1.7422905 -0.1083403
v -0.0386934 1.7457030 -0.1082505
v -0.0225066 1.7352411 -0.1083964
v -0.0362799 1.7464439 -0.1083964
v -0.0486165 1.7327379 -0.1344278
v -0.0244598 1.7302908 -0.1375708
v -0.0520738 1.7303806 -0.1306336
v -0.0221249 1.7270691 -0.1376606
v -0.0164562 1.6950660 -0.1578324
v -0.0181624 1.7217371 -0.1414772
v -0.0526351 1.7018685 -0.1331818
v 0.0000000 1.7029237 -0.1674187
v -0.0137172 1.6791149 -0.1522534
v -0.0208453 1.6840540 -0.1470561
v -0.0184094 1.6801589 -0.1494696
v -0.0067800 1.6783067 -0.1556547
v -0.0197227 1.6902392 -0.1468990
v -0.0408823 1.6691469 -0.1365381
v -0.0380760 1.6750177 -0.1394230
v -0.0370545 1.6531847 -0.1359207
v -0.0373576 1.6575850 -0.1366616
v -0.0361565 1.6621199 -0.1383341
v -0.0337318 1.6665090 -0.1409496
v -0.0225852 1.6911708 -0.1461020
v -0.0323399 1.6950436 -0.1444856
v -0.0365381 1.6886676 -0.1415558
v -0.0365157 1.6679009 -0.1388056
v -0.0432284 1.6909127 -0.1388729
v -0.0605713 1.6854123 -0.1208677
v -0.0653196 1.6905086 -0.1144244
v -0.0617724 1.6790588 -0.1148285
v -0.0662850 1.6849184 -0.1080597
v -0.0392883 1.6626700 -0.1362013
v -0.0404894 1.6569788 -0.1339900
v -0.0075883 1.6277371 -0.1491440
v -0.0152888 1.6296566 -0.1460571
v -0.0223382 1.6329792 -0.1413874
v -0.0289611 1.6370652 -0.1371443
v -0.0345064 1.6414767 -0.1337879
v 0.0000000 1.6270299 -0.1502217
v -0.0378403 1.6461352 -0.1325531
v -0.0397485 1.6513999 -0.1327215
v -0.0314980 1.6283657 -0.1315541
v -0.0246731 1.6226408 -0.1366279
v -0.0169725 1.6184426 -0.1414772
v -0.0085200 1.6164669 -0.1438682
v -0.0450356 1.6478976 -0.1239658
v -0.0417242 1.6407359 -0.1244036
v 0.0000000 1.6157934 -0.1452601
v -0.0372004 1.6343263 -0.1271987
v -0.0471796 1.6635119 -0.1293876
v -0.0469551 1.6558001 -0.1259527
v -0.0657013 1.7054718 -0.1184430
v -0.0691137 1.6969069 -0.1086658
v -0.0700230 1.6920352 -0.1022787
v -0.0684066 1.7110732 -0.1140203
v -0.0714935 1.7037880 -0.1039962
v -0.0727170 1.6998030 -0.0976651
v -0.0698322 1.7169328 -0.1110456
v -0.0728068 1.7109946 -0.1007970
v -0.0741539 1.7079862 -0.0945221
v -0.0701352 1.7227923 -0.1096088
v -0.0734018 1.7185043 -0.0992254
v -0.0748049 1.7164501 -0.0929954
v -0.0699556 1.7286631 -0.1094965
v -0.0734691 1.7263170 -0.0992591
v -0.0750294 1.7252282 -0.0931301
v -0.0412415 1.7836443 -0.1376494
v -0.0619408 1.7723293 -0.1197901
v 0.0000000 1.7890885 -0.1500645
v -0.0067913 1.7887518 -0.1496716
v -0.0179604 1.7887181 -0.1476735
v -0.0758489 1.7344329 -0.0887972
v -0.0292754 1.7868659 -0.1434753
v -0.0526239 1.7788511 -0.1297356
v -0.0740304 1.7451754 -0.0936353
v -0.0715159 1.7553230 -0.1002245
v -0.0680586 1.7642134 -0.1096200
v -0.0761969 1.7143846 -0.0864287
v -0.0766010 1.7242853 -0.0870124
v -0.0754111 1.7049442 -0.0877083
v -0.0739294 1.6958069 -0.0908177
v -0.0707863 1.6870175 -0.0949711
v -0.0670595 1.6786996 -0.1003929
v -0.0435202 1.6563951 -0.1306112
v -0.0623898 1.6716277 -0.1078576
v -0.0285794 1.7166409 -0.1417803
v -0.0303418 1.6318567 -0.1344278
v 0.0000000 1.6207774 -0.1484032
v -0.0424201 1.6495701 -0.1285906
v -0.0235730 1.6271534 -0.1394679
v -0.0080934 1.6214734 -0.1468092
v -0.0164674 1.6232694 -0.1445754
v -0.0398047 1.6433177 -0.1287029
v -0.0357411 1.6375816 -0.1308245
v -0.0429590 1.6631863 -0.1336195
v -0.0363248 1.7151816 -0.1404108
v -0.0080485 1.6137168 -0.1416793
v -0.0169052 1.6160179 -0.1390076
v -0.0246618 1.6200927 -0.1342594
v -0.0316776 1.6258176 -0.1288713
v -0.0383903 1.6316771 -0.1234607
v 0.0000000 1.6128636 -0.1429702
v -0.0435539 1.6384572 -0.1199697
v -0.0476736 1.6462811 -0.1185216
v -0.0511309 1.6551042 -0.1187573
v -0.0575854 1.7923551 -0.1204299
v -0.0670932 1.7832065 -0.1092271
v -0.0446652 1.7984055 -0.1294887
v -0.0313633 1.8028170 -0.1376157
v -0.0745019 1.7608571 -0.0896840
v -0.0722793 1.7722956 -0.0989336
v -0.0779480 1.7109834 -0.0752371
v -0.0781613 1.7227250 -0.0765729
v -0.0771735 1.7350503 -0.0791435
v -0.0747151 1.6884207 -0.0752371
v -0.0758713 1.7484307 -0.0825111
v -0.0621541 1.6553624 -0.0907055
v -0.0671381 1.6647579 -0.0824325
v -0.0711567 1.6757025 -0.0768423
v 0.0000000 1.8057692 -0.1442049
v -0.0070382 1.8055559 -0.1437784
v -0.0176124 1.8048488 -0.1423640
v -0.0766010 1.6995673 -0.0750351
v -0.0150306 1.7248353 -0.1420385
v -0.0221025 1.7190431 -0.1416231
v -0.0367065 1.7117467 -0.1413537
v -0.0267610 1.7007796 -0.1452826
v -0.0214177 1.7051799 -0.1455969
v -0.0158949 1.7055616 -0.1489981
v -0.0171858 1.7086036 -0.1469663
v -0.0131447 1.7083342 -0.1519054
v -0.0137734 1.7116457 -0.1493349
v -0.0103160 1.7106242 -0.1546444
v -0.0105742 1.7144407 -0.1518156
v -0.0298254 1.6718073 -0.1442162
v -0.0480889 1.7647186 -0.1352472
v -0.0563058 1.7603183 -0.1281753
v -0.0624347 1.7545597 -0.1210810
v -0.0662962 1.7482736 -0.1142897
v -0.0689566 1.7414599 -0.1090251
v -0.0708649 1.7344778 -0.1058708
v -0.0171634 1.7705108 -0.1510411
v 0.0000000 1.6853899 0.0387327
v -0.0067464 1.6854684 0.0385980
v -0.0179155 1.6852776 0.0381040
v -0.0298928 1.6841214 0.0363305
v -0.0402425 1.6836724 0.0304597
v -0.0490992 1.6830550 0.0221530
v -0.0551159 1.6831673 0.0091879
v -0.0596397 1.6843010 -0.0044171
v -0.0624684 1.6878370 -0.0147219
v -0.0643992 1.6916872 -0.0223326
v -0.0641522 1.6861083 -0.0260145
v -0.0613571 1.6814273 -0.0193467
v -0.0544648 1.6758035 0.0065050
v -0.0489757 1.6758035 0.0195600
v -0.0397485 1.6765556 0.0291014
v -0.0290958 1.6777567 0.0345120
v -0.0175787 1.6796650 0.0360386
v -0.0064994 1.6804732 0.0366897
v 0.0000000 1.6806640 0.0369478
v -0.0582589 1.6768699 -0.0088286
v -0.0438233 1.6765556 -0.1362575
v -0.0493461 1.6785874 -0.1322613
v -0.0460796 1.6701909 -0.1330021
v -0.0511983 1.6718410 -0.1278947
v -0.0519391 1.6640731 -0.1231801
v -0.0075321 1.6112248 -0.1383341
v -0.0166021 1.6133239 -0.1358983
v -0.0249537 1.6176456 -0.1309816
v -0.0323511 1.6236399 -0.1251894
v -0.0391648 1.6297015 -0.1198574
v 0.0000000 1.6102033 -0.1394454
v -0.0448111 1.6364254 -0.1152438
v -0.0499635 1.6444514 -0.1118875
v -0.0559466 1.6552501 -0.1088567
v -0.0569344 1.6663294 -0.1155806
v -0.0565527 1.6744677 -0.1218667
v -0.0553292 1.6813263 -0.1271650
v -0.0281192 1.7141152 -0.1428691
v -0.0495594 1.6934720 -0.1348319
v -0.0449121 1.6996908 -0.1381433
v -0.0215749 1.7169889 -0.1426446
v -0.0168940 1.7199299 -0.1427681
v -0.0385474 1.7309306 -0.1043441
v -0.0330808 1.7278212 -0.1048942
v -0.0386821 1.7348482 -0.1040411
v -0.0386260 1.7364759 -0.1041421
v -0.0381995 1.7394618 -0.1046809
v -0.0376270 1.7407527 -0.1050176
v -0.0309480 1.7405843 -0.1051075
v -0.0362350 1.7427957 -0.1057697
v -0.0295224 1.7357238 -0.1043778
v -0.0356289 1.7435814 -0.1061738
v -0.0277712 1.7696240 -0.1469327
v -0.0070158 1.7705894 -0.1532974
v 0.0000000 1.7708588 -0.1538250
v -0.0292417 1.6791486 -0.1440927
v -0.0346860 1.6807089 -0.1417129
v -0.0580793 1.6910586 -0.1250435
v -0.0636807 1.6957620 -0.1195880
v -0.0678790 1.7013409 -0.1141662
v -0.0702138 1.7074699 -0.1096649
v -0.0712914 1.7139805 -0.1062973
v -0.0716956 1.7206595 -0.1049391
v -0.0716506 1.7274957 -0.1047482
v -0.0257844 1.6774424 -0.1463265
v -0.0466745 1.6847612 -0.1358983
v -0.0407364 1.6826846 -0.1391985
v -0.0526576 1.6874777 -0.1312959
v -0.0114273 1.6736819 -0.1557108
v -0.0147163 1.6461240 -0.1497277
v -0.0060167 1.6446872 -0.1518044
v 0.0000000 1.6450351 -0.1521412
v -0.0293428 1.6558114 -0.1407588
v -0.0304765 1.6599198 -0.1413874
v -0.0194309 1.6706399 -0.1513891
v -0.0188359 1.6750514 -0.1505921
v 0.0000000 1.6745575 -0.1574619
v -0.0020767 1.6749279 -0.1580681
v -0.0045911 1.6755229 -0.1575742
v -0.0074872 1.6760617 -0.1562833
v -0.0106640 1.6763872 -0.1545995
v -0.0104170 1.6808661 -0.1445641
v -0.0103497 1.6746136 -0.1471684
v -0.0108099 1.6697307 -0.1476174
v -0.0112701 1.6646232 -0.1476848
v -0.0163103 1.6677326 -0.1557108
v -0.0159847 1.6665202 -0.1557781
v -0.0150418 1.6619965 -0.1546332
v -0.0161419 1.6695061 -0.1552955
v -0.0166133 1.6959752 -0.0751024
v -0.0174665 1.7003755 -0.0973396
v -0.0124376 1.6973335 -0.1198237
v -0.0113150 1.6893075 -0.1353931
v -0.0121794 1.6609525 -0.1493349
v -0.0122804 1.6598637 -0.1503676
v -0.0155020 1.6642191 -0.1550934
v -0.0144581 1.6593585 -0.1543862
v -0.0144918 1.6760954 -0.1527249
v -0.0152439 1.6727390 -0.1534770
v -0.0101476 1.6675754 -0.0461189
v -0.0134591 1.6835826 -0.0571757
v -0.0716956 1.8148392 0.0019476
v 0.0000000 1.8508722 0.0228939
v -0.0838076 1.7704771 -0.0220969
v -0.0190380 1.8482455 0.0230959
v -0.0341584 1.8448555 0.0214009
v -0.0807543 1.7408762 -0.0235000
v -0.0425436 1.7909631 0.0516417
v -0.0538362 1.7861475 0.0434248
v -0.0764214 1.7636522 0.0059999
v -0.0805410 1.7483971 -0.0165404
v -0.0630409 1.7792552 0.0300219
v -0.0707302 1.7717905 0.0178986
v 0.0000000 1.7980014 0.0585115
v -0.0797440 1.7555812 -0.0069204
v -0.0155918 1.7952512 0.0582084
v -0.0294213 1.7938593 0.0566145
v -0.0776449 1.7309531 -0.0192008
v -0.0705843 1.7405057 0.0117472
v -0.0766234 1.7352860 -0.0111523
v -0.0480889 1.7489471 0.0477016
v -0.0570466 1.7466908 0.0367009
v -0.0646461 1.7437611 0.0243195
v 0.0000000 1.7522137 0.0620026
v -0.0377168 1.7503503 0.0548521
v -0.0752652 1.7382382 -0.0002750
v -0.0128192 1.7514728 0.0616209
v -0.0255711 1.7508442 0.0597463
v -0.0780266 1.7673789 -0.0778750
v -0.0840770 1.7779531 -0.0463434
v -0.0830555 1.7770775 -0.0561542
v -0.0816523 1.7747539 -0.0646180
v -0.0783970 1.7522922 -0.0725431
v -0.0830667 1.7641012 -0.0464556
v -0.0824269 1.7632817 -0.0538306
v -0.0809676 1.7605652 -0.0612168
v -0.0791154 1.7360718 -0.0669753
v -0.0821911 1.7528984 -0.0467250
v -0.0817309 1.7518095 -0.0523264
v -0.0807319 1.7487563 -0.0581186
v -0.0698883 1.6843235 -0.0410226
v -0.0680024 1.6878257 -0.0350620
v -0.0710333 1.7066392 -0.0221081
v -0.0685637 1.6956160 -0.0275074
v -0.0678228 1.6910698 -0.0312342
v -0.0789920 1.7213330 -0.0655497
v -0.0796093 1.7076046 -0.0541225
v -0.0923163 1.7416058 -0.0362182
v -0.0808666 1.6918780 -0.0507437
v -0.0881405 1.7411905 -0.0434809
v -0.0954818 1.7377780 -0.0275187
v -0.0961553 1.7310541 -0.0230735
v -0.0910254 1.7140479 -0.0218948
v -0.0937868 1.7205810 -0.0205927
v -0.0835382 1.6860409 -0.0462087
v -0.0795195 1.6997357 -0.0530448
v -0.0961441 1.7345002 -0.0252063
v -0.0957624 1.7268446 -0.0216928
v -0.0801594 1.7213667 -0.0557726
v -0.0843464 1.7387546 -0.0467699
v -0.0816636 1.7349492 -0.0501712
v -0.0811247 1.7310765 -0.0530673
v -0.0840994 1.6865685 -0.0403042
v -0.0834259 1.6891054 -0.0365101
v -0.0878599 1.7076944 -0.0235674
v -0.0855026 1.6988489 -0.0280687
v -0.0841331 1.6933373 -0.0317393
v -0.0799573 1.7148673 -0.0553685
v -0.0818993 1.7081209 -0.0514284
v -0.0945164 1.7395628 -0.0361733
v -0.0814952 1.6948190 -0.0491497
v -0.0903631 1.7388781 -0.0437616
v -0.0978728 1.7372729 -0.0292137
v -0.0987035 1.7295948 -0.0240950
v -0.0935511 1.7143622 -0.0223663
v -0.0958073 1.7202217 -0.0217377
v -0.0828534 1.6912382 -0.0456025
v -0.0821238 1.7015654 -0.0512151
v -0.0986586 1.7328950 -0.0259920
v -0.0979401 1.7256435 -0.0228826
v -0.0809676 1.7196493 -0.0527305
v -0.0873660 1.7369586 -0.0469383
v -0.0848852 1.7322440 -0.0495313
v -0.0830330 1.7287754 -0.0510580
v -0.0843239 1.6910025 -0.0413369
v -0.0849189 1.6923944 -0.0369927
v -0.0913734 1.7091424 -0.0238143
v -0.0885783 1.7012960 -0.0284616
v -0.0861087 1.6952568 -0.0332435
v -0.0808104 1.7141264 -0.0523938
v -0.0838300 1.7079413 -0.0495762
v -0.0938991 1.7380923 -0.0361958
v -0.0817646 1.6973110 -0.0478588
v -0.0908009 1.7366667 -0.0439299
v -0.0972779 1.7358136 -0.0303362
v -0.0975585 1.7284162 -0.0255655
v -0.0943032 1.7137448 -0.0238817
v -0.0962788 1.7198401 -0.0240388
v -0.0828983 1.6944037 -0.0448167
v -0.0831790 1.7032941 -0.0491497
v -0.0981534 1.7319297 -0.0270696
v -0.0969523 1.7243414 -0.0244429
v -0.0818319 1.7184257 -0.0507549
v -0.0877589 1.7338941 -0.0465566
v -0.0853791 1.7303469 -0.0486109
v -0.0840096 1.7269793 -0.0499803
v -0.0839311 1.6936628 -0.0411798
v -0.0852107 1.6946619 -0.0375091
v -0.0921367 1.7103997 -0.0253185
v -0.0891171 1.7029910 -0.0296851
v -0.0867935 1.6975468 -0.0338834
v -0.0817197 1.7135203 -0.0503171
v -0.0805747 1.7094343 -0.0472863
v -0.0912162 1.7350615 -0.0362070
v -0.0771622 1.7019920 -0.0460852
v -0.0865690 1.7345900 -0.0419543
v -0.0924286 1.7339165 -0.0317955
v -0.0943256 1.7271028 -0.0276085
v -0.0917999 1.7134193 -0.0275187
v -0.0930010 1.7184257 -0.0268115
v -0.0829096 1.6987703 -0.0437391
v -0.0784531 1.7055504 -0.0469608
v -0.0965033 1.7308520 -0.0293147
v -0.0944603 1.7233087 -0.0269574
v -0.0826177 1.7170675 -0.0486445
v -0.0848291 1.7325358 -0.0439748
v -0.0838076 1.7279223 -0.0465342
v -0.0833473 1.7245547 -0.0477914
v -0.0838749 1.6980519 -0.0409440
v -0.0851658 1.6990510 -0.0379806
v -0.0902733 1.7112528 -0.0279564
v -0.0881293 1.7057187 -0.0314026
v -0.0865353 1.7007123 -0.0351181
v -0.0814615 1.7132284 -0.0481506
v -0.0770612 1.7119936 -0.0451759
v -0.0890498 1.7284835 -0.0378346
v -0.0771398 1.7084353 -0.0417073
v -0.0851771 1.7287192 -0.0406073
v -0.0920132 1.7275069 -0.0359488
v -0.0937756 1.7246220 -0.0327945
v -0.0915305 1.7155408 -0.0307964
v -0.0926531 1.7178757 -0.0309087
v -0.0787225 1.7066168 -0.0400797
v -0.0764550 1.7100966 -0.0437054
v -0.0931806 1.7263844 -0.0343211
v -0.0938205 1.7217035 -0.0316832
v -0.0822136 1.7160572 -0.0463658
v -0.0832239 1.7276977 -0.0429309
v -0.0831341 1.7246557 -0.0443004
v -0.0824381 1.7212769 -0.0451086
v -0.0814503 1.7055167 -0.0388225
v -0.0861649 1.7050677 -0.0376775
v -0.0908795 1.7132172 -0.0314138
v -0.0886681 1.7083005 -0.0342089
v -0.0874895 1.7059769 -0.0361509
v -0.0798002 1.7138346 -0.0458046
v -0.0835045 1.7167756 -0.0440759
v -0.0875568 1.7131947 -0.0337487
v -0.0887804 1.7119487 -0.0331874
v -0.0830555 1.7176512 -0.0451647
v -0.0796206 1.7139805 -0.0443453
v -0.0858842 1.7081771 -0.0356569
v -0.0870741 1.7099282 -0.0340068
v -0.0897457 1.7140366 -0.0324690
v -0.0830667 1.7075372 -0.0364764
v -0.0801706 1.7079638 -0.0372285
v -0.0823258 1.7196493 -0.0440310
v -0.0823034 1.7220627 -0.0429197
v -0.0848964 1.7247680 -0.0423247
v -0.0821013 1.7156082 -0.0453331
v -0.0923837 1.7209963 -0.0331874
v -0.0916203 1.7240383 -0.0354437
v -0.0777010 1.7111742 -0.0420217
v -0.0791716 1.7086710 -0.0390806
v -0.0915081 1.7178644 -0.0323567
v -0.0907784 1.7159674 -0.0323231
v -0.0922153 1.7228821 -0.0342538
v -0.0907335 1.7248578 -0.0369142
v 0.0000000 1.6911596 0.0409553
v -0.0071841 1.6915188 0.0409328
v -0.0182635 1.6919005 0.0405287
v -0.0303755 1.6918331 0.0382949
v -0.0646461 1.8148617 -0.0988887
v -0.0514452 1.8252001 -0.1087781
v -0.0409272 1.6922036 0.0326710
v -0.0742325 1.8013577 -0.0879665
v -0.0791491 1.7866190 -0.0785710
v -0.0497502 1.6918668 0.0237470
v 0.0000000 1.8386367 -0.1227423
v -0.0370545 1.8320924 -0.1159622
v -0.0089353 1.8380530 -0.1220126
v -0.0559802 1.6922821 0.0116911
v -0.0639614 1.6952793 -0.0108716
v -0.0658584 1.6979846 -0.0185385
v -0.0207442 1.8357967 -0.1205085
v -0.0605264 1.6928771 -0.0014873
v -0.0800471 1.7712067 -0.0715889
v -0.0796430 1.7567711 -0.0669866
v -0.0797889 1.7439182 -0.0626985
v -0.0697760 1.7010154 -0.0244654
v -0.0804737 1.7267436 -0.0549082
v -0.0866812 1.7032716 -0.0258124
v -0.0817309 1.7245322 -0.0523601
v -0.0899702 1.7052136 -0.0261380
v -0.0827075 1.7229158 -0.0507212
v -0.0904978 1.7062351 -0.0277207
v -0.0832912 1.7209065 -0.0486109
v -0.0891845 1.7081883 -0.0297076
v -0.0830443 1.7186278 -0.0461301
v -0.0898131 1.7107813 -0.0325700
v -0.0876354 1.7257558 -0.0409328
v -0.0781276 1.7097486 -0.0406185
v -0.0896447 1.7253404 -0.0385867
v -0.0777459 1.7126223 -0.0431779
v -0.0863782 1.7319746 -0.0412022
v -0.0801145 1.7135876 -0.0469046
v -0.0769041 1.7111069 -0.0464781
v -0.0887130 1.7068749 -0.0333558
v -0.0869282 1.7028788 -0.0357355
v -0.0832575 1.7259466 -0.0450412
v -0.0846831 1.7304143 -0.0430656
v -0.0757703 1.7086149 -0.0451647
v -0.0942470 1.7262048 -0.0305158
v -0.0946736 1.7226464 -0.0291800
v -0.0840882 1.7020256 -0.0408542
v -0.0804849 1.7033502 -0.0421339
v -0.0823258 1.7163939 -0.0472414
v -0.0825728 1.7226352 -0.0460403
v -0.0933490 1.7292693 -0.0322220
v -0.0927092 1.7306051 -0.0344109
v -0.0917326 1.7148898 -0.0289330
v -0.0925296 1.7178308 -0.0286187
v -0.0910815 1.7124314 -0.0294382
v -0.0859965 1.7017899 -0.0382163
v -0.0765112 1.7059994 -0.0436156
v -0.0912050 1.7319409 -0.0369815
v -0.0830779 1.7194809 -0.0470057
v -0.0899815 1.7096813 -0.0314812
v -0.0854801 1.7112977 -0.0356794
v -0.0813717 1.7134978 -0.0414492
v -0.0841331 1.7169777 -0.0417859
v -0.0815625 1.7180328 -0.0404501
v -0.0878936 1.7228597 -0.0370264
v -0.0866251 1.6998816 -0.0347028
v -0.0820115 1.7133070 -0.0488915
v -0.0909693 1.7363749 -0.0362070
v -0.0829994 1.7216249 -0.0407981
v -0.0823146 1.7149571 -0.0441993
v -0.0971207 1.7312449 -0.0284616
v -0.0838974 1.7256099 -0.0489027
v -0.0833698 1.7089404 -0.0477353
v -0.0829545 1.6968171 -0.0443340
v -0.0833698 1.7092996 -0.0361060
v -0.0822360 1.7095914 -0.0372285
v -0.0903743 1.7205248 -0.0344109
v -0.0891171 1.7222760 -0.0360835
v -0.0873772 1.7185941 -0.0339619
v -0.0867598 1.7232189 -0.0381602
v -0.0787787 1.7129702 -0.0409777
v -0.0864118 1.7174491 -0.0336589
v -0.0869843 1.7205360 -0.0354100
v -0.0795644 1.7140254 -0.0426503
v -0.0852332 1.7099507 -0.0353426
v -0.0865690 1.7114099 -0.0344334
v -0.0877701 1.7150245 -0.0330302
v -0.0822248 1.7180328 -0.0428748
v -0.0815176 1.7195595 -0.0414828
v -0.0875568 1.7199748 -0.0345905
v -0.0862884 1.7209738 -0.0363417
v -0.0847280 1.7104221 -0.0363866
v -0.0844137 1.7108711 -0.0371387
v -0.0898467 1.7078628 -0.0294606
v -0.0832126 1.7217484 -0.0495538
v -0.0792389 1.7121620 -0.0403603
v -0.0810462 1.7103884 -0.0383173
v -0.0896784 1.7180889 -0.0334119
v -0.0824269 1.7124988 -0.0401246
v -0.0838637 1.7114661 -0.0381602
v -0.0886344 1.7166409 -0.0330639
v -0.0899590 1.7214902 -0.0352079
v -0.0855924 1.7212994 -0.0373856
v -0.0843352 1.7160909 -0.0428972
v -0.0861312 1.7144071 -0.0341864
v -0.0846495 1.7227025 -0.0402930
v -0.0801369 1.7112865 -0.0394847
v -0.0847842 1.7216137 -0.0382837
v -0.0816860 1.7130039 -0.0408430
v -0.0946624 1.7238699 -0.0261043
v -0.0852669 1.7335798 -0.0447157
v -0.0800696 1.7005439 -0.0465903
v -0.0858842 1.7160460 -0.0336027
v -0.0860414 1.7127345 -0.0348824
v -0.0851771 1.6975580 -0.0378010
v -0.0937980 1.7183808 -0.0262727
v -0.0960880 1.7342084 -0.0312679
v -0.0824493 1.7175838 -0.0494864
v -0.0824044 1.7198962 -0.0397766
v -0.0827749 1.7146091 -0.0426839
v -0.0833698 1.7211085 -0.0393837
v -0.0830892 1.7120161 -0.0391480
v -0.0966380 1.7275181 -0.0267666
v -0.0838862 1.6965926 -0.0409328
v -0.0911264 1.7109834 -0.0278330
v -0.0922265 1.7133295 -0.0271931
v -0.0844025 1.7289213 -0.0476006
v -0.0886232 1.7052024 -0.0310322
v -0.0869057 1.7355779 -0.0427401
v -0.0803839 1.7043156 -0.0478700
v -0.0826289 1.7185829 -0.0374867
v -0.0844137 1.7157878 -0.0389123
v -0.0821013 1.7166746 -0.0379357
v -0.0849974 1.7144520 -0.0395746
v -0.0843239 1.7131611 -0.0398889
v -0.0844474 1.7151030 -0.0412471
v -0.0834259 1.7162143 -0.0352641
v -0.0842341 1.7150357 -0.0358702
v -0.0840096 1.7183696 -0.0354324
v -0.0859404 1.7135764 -0.0358702
v -0.0854240 1.7121396 -0.0364427
v -0.0853005 1.7140928 -0.0382163
v -0.0847393 1.7129253 -0.0386541
v -0.0819105 1.7172134 -0.0393388
v -0.0844250 1.7164388 -0.0406297
v -0.0822809 1.7189645 -0.0386204
v -0.0837065 1.7135203 -0.0409889
v -0.0833137 1.7184594 -0.0364652
v -0.0842903 1.7153500 -0.0376101
v -0.0825616 1.7163490 -0.0366335
v -0.0849974 1.7180665 -0.0345120
v -0.0848740 1.7148000 -0.0346804
v -0.0844474 1.7161358 -0.0344222
v -0.0857046 1.7139693 -0.0370376
v -0.0850985 1.7126447 -0.0374530
v -0.0807431 1.7133631 -0.0475445
v -0.0865914 1.7017226 -0.0352304
v -0.0848178 1.7314470 -0.0434697
v -0.0943930 1.7229944 -0.0280462
v -0.0826626 1.7008919 -0.0432789
v -0.0828759 1.7236118 -0.0468597
v -0.0939552 1.7302683 -0.0304597
v -0.0917550 1.7135203 -0.0282371
v -0.0909580 1.7114548 -0.0286749
v -0.0860189 1.7334114 -0.0413594
v -0.0784082 1.7102537 -0.0468934
v -0.0885671 1.7064484 -0.0318179
v -0.0835157 1.7270018 -0.0457597
v -0.0765785 1.7070882 -0.0460740
v -0.0940450 1.7269906 -0.0286973
v -0.0839760 1.6997469 -0.0409777
v -0.0825054 1.7166970 -0.0479373
v -0.0918448 1.7328389 -0.0326598
v -0.0932031 1.7176848 -0.0276421
v -0.0854577 1.7001510 -0.0380591
v -0.0765448 1.7042819 -0.0449963
v -0.0915979 1.7336134 -0.0367121
v -0.0832014 1.7201881 -0.0477914
v -0.0896110 1.7083791 -0.0303699
v -0.0853454 1.7211198 -0.0257675
v -0.0894202 1.7370820 -0.0313128
v -0.0868721 1.7388781 -0.0365999
v -0.0838076 1.7137336 -0.0269125
v -0.0793063 1.7076832 -0.0563899
v -0.0786664 1.6987479 -0.0548296
v -0.0903182 1.7342870 -0.0279452
v -0.0893977 1.7308184 -0.0267666
v -0.0799461 1.6905647 -0.0523264
v -0.0816972 1.6827182 -0.0469608
v -0.0792277 1.6879829 -0.0368131
v -0.0784980 1.6961324 -0.0360611
v -0.0796767 1.7162031 -0.0578717
v -0.0798675 1.7240720 -0.0583880
v -0.0797440 1.7007909 -0.0332211
v -0.0817085 1.7377780 -0.0507998
v -0.0808553 1.7343880 -0.0544143
v -0.0880844 1.7264405 -0.0257563
v -0.0823371 1.7391812 -0.0474996
v -0.0831453 1.7387546 -0.0430207
v -0.0801145 1.6845929 -0.0403266
v -0.0818768 1.7087720 -0.0292137
v -0.0802380 1.7300326 -0.0569624
v -0.0805410 1.7056514 -0.0309423
v -0.0791828 1.7216024 -0.0253410
v -0.0827749 1.7376770 -0.0317393
v -0.0765561 1.7138907 -0.0262614
v -0.0789807 1.7082107 -0.0595779
v -0.0826289 1.7311776 -0.0272941
v -0.0774990 1.6889370 -0.0539765
v -0.0733906 1.6906994 -0.0379581
v -0.0794859 1.7282702 -0.0615760
v -0.0815289 1.7428967 -0.0513947
v -0.0820452 1.7437049 -0.0415726
v -0.0754111 1.7084353 -0.0276758
v -0.0822248 1.7416507 -0.0343548
v -0.0782399 1.6980407 -0.0574227
v -0.0828422 1.7347809 -0.0291126
v -0.0780378 1.6829764 -0.0476679
v -0.0730875 1.6947068 -0.0350957
v -0.0794522 1.7183135 -0.0612168
v -0.0738396 1.6991295 -0.0322445
v -0.0806533 1.7398771 -0.0558848
v -0.0812594 1.7273049 -0.0260594
v -0.0820564 1.7440641 -0.0472526
v -0.0751080 1.6867144 -0.0430431
v -0.0800134 1.7352748 -0.0592412
v -0.0748498 1.7039901 -0.0296290
v -0.0349329 1.7398098 -0.1395577
v -0.0391761 1.7397424 -0.1389178
v -0.0492226 1.7354881 -0.1341247
v -0.0487512 1.7363973 -0.1347757
v -0.0481226 1.7371157 -0.1353370
v -0.0460683 1.7382831 -0.1366167
v -0.0430263 1.7390801 -0.1379862
v -0.0305663 1.7389118 -0.1391873
v -0.0207779 1.7325583 -0.1362575
v -0.0221137 1.7317613 -0.1354380
v -0.0238312 1.7313347 -0.1359993
v -0.0217096 1.7340512 -0.1362687
v -0.0226525 1.7348707 -0.1368075
v -0.0207330 1.7333553 -0.1365044
v -0.0476848 1.7326368 -0.1347645
v -0.0272100 1.7305153 -0.1375147
v -0.0309816 1.7299203 -0.1383903
v -0.0237526 1.7357350 -0.1371667
v -0.0349554 1.7295162 -0.1390974
v -0.0264130 1.7373627 -0.1379637
v -0.0395016 1.7296285 -0.1387382
v -0.0431947 1.7304143 -0.1372565
v -0.0456979 1.7314357 -0.1361789
v -0.0487400 1.7334675 -0.1335971
v -0.0491328 1.7342982 -0.1334063
v -0.0493237 1.7348707 -0.1335971
v -0.0251894 1.7309867 -0.1366952
v -0.0482236 1.7330297 -0.1341359
v 0.0391985 1.7396302 -0.1399618
v 0.0349105 1.7398098 -0.1403098
v 0.0390750 1.7414936 -0.1398046
v 0.0347421 1.7413925 -0.1404220
v 0.0391424 1.7427171 -0.1395465
v 0.0345737 1.7426273 -0.1402649
v 0.0430488 1.7389903 -0.1392097
v 0.0432059 1.7409098 -0.1387944
v 0.0436212 1.7419762 -0.1383229
v 0.0460122 1.7381709 -0.1379300
v 0.0466296 1.7397536 -0.1374249
v 0.0474827 1.7406517 -0.1366054
v 0.0480328 1.7370147 -0.1367289
v 0.0489757 1.7383842 -0.1360442
v 0.0500870 1.7390352 -0.1351798
v 0.0486838 1.7363636 -0.1361228
v 0.0502105 1.7372280 -0.1348880
v 0.0514340 1.7375535 -0.1336532
v 0.0492226 1.7355666 -0.1352135
v 0.0507493 1.7361728 -0.1340349
v 0.0520626 1.7362850 -0.1325980
v 0.0493237 1.7348594 -0.1343941
v 0.0508615 1.7351176 -0.1330695
v 0.0521412 1.7351401 -0.1319021
v 0.0490206 1.7342870 -0.1340573
v 0.0506595 1.7341410 -0.1330695
v 0.0519840 1.7338492 -0.1318684
v 0.0486726 1.7335236 -0.1341920
v 0.0500982 1.7330634 -0.1331032
v 0.0514565 1.7325134 -0.1316888
v 0.0476960 1.7326481 -0.1352472
v 0.0484144 1.7311551 -0.1343043
v 0.0496380 1.7299316 -0.1331481
v 0.0458663 1.7314470 -0.1365044
v 0.0464949 1.7298418 -0.1357074
v 0.0475613 1.7285845 -0.1349553
v 0.0433855 1.7304479 -0.1376831
v 0.0440815 1.7287754 -0.1371106
v 0.0446315 1.7273049 -0.1365718
v 0.0403772 1.7263170 -0.1381545
v 0.0396924 1.7277763 -0.1387607
v 0.0395016 1.7296060 -0.1392883
v 0.0354830 1.7261262 -0.1392097
v 0.0347645 1.7274620 -0.1388954
v 0.0348992 1.7294826 -0.1396250
v 0.0303979 1.7265415 -0.1390525
v 0.0302632 1.7277426 -0.1388617
v 0.0309816 1.7299203 -0.1389515
v 0.0260650 1.7274732 -0.1383678
v 0.0261772 1.7287192 -0.1383454
v 0.0270528 1.7304143 -0.1381545
v 0.0208340 1.7294377 -0.1374137
v 0.0217433 1.7299652 -0.1372790
v 0.0235730 1.7312112 -0.1368075
v 0.0305888 1.7388220 -0.1397261
v 0.0301061 1.7404496 -0.1400291
v 0.0298030 1.7416283 -0.1400067
v 0.0264130 1.7373627 -0.1385362
v 0.0258517 1.7388781 -0.1392434
v 0.0254251 1.7398547 -0.1396026
v 0.0234944 1.7356564 -0.1381882
v 0.0226301 1.7369586 -0.1390189
v 0.0220464 1.7377892 -0.1393332
v 0.0203962 1.7340176 -0.1372565
v 0.0195319 1.7344778 -0.1389852
v 0.0188359 1.7346911 -0.1391760
v 0.0196666 1.7333104 -0.1369422
v 0.0188135 1.7335910 -0.1384576
v 0.0180951 1.7336022 -0.1390862
v 0.0197227 1.7325807 -0.1366503
v 0.0185329 1.7326032 -0.1381882
v 0.0177695 1.7324123 -0.1389066
v 0.0207218 1.7316490 -0.1364258
v 0.0188023 1.7315143 -0.1378402
v 0.0179828 1.7311663 -0.1383903
v 0.0498625 1.7249588 -0.1317561
v 0.0463490 1.7231291 -0.1339338
v 0.0415109 1.7219280 -0.1366279
v 0.0356850 1.7216473 -0.1381321
v 0.0294662 1.7223545 -0.1389178
v 0.0240781 1.7239373 -0.1383678
v 0.0183196 1.7274508 -0.1378851
v 0.0520402 1.7397312 -0.1323960
v 0.0537015 1.7379464 -0.1309479
v 0.0543413 1.7364310 -0.1300724
v 0.0546107 1.7349829 -0.1296121
v 0.0546332 1.7333777 -0.1293539
v 0.0543413 1.7313684 -0.1289947
v 0.0523994 1.7273161 -0.1299264
v 0.0393108 1.7445580 -0.1390974
v 0.0343380 1.7445131 -0.1399281
v 0.0443397 1.7436488 -0.1371443
v 0.0488410 1.7419089 -0.1351349
v 0.0291070 1.7434355 -0.1402985
v 0.0242128 1.7416283 -0.1404557
v 0.0204411 1.7395179 -0.1405343
v 0.0166582 1.7355666 -0.1404220
v 0.0159623 1.7338828 -0.1403884
v 0.0158164 1.7321317 -0.1401302
v 0.0163215 1.7300663 -0.1390638
v 0.0207667 1.7356115 -0.1389291
v 0.0200707 1.7361279 -0.1391760
v 0.0219117 1.7345676 -0.1377392
v 0.0179940 1.7374300 -0.1403210
v 0.0145142 1.7359034 -0.1418813
v 0.0138070 1.7338941 -0.1416793
v 0.0137509 1.7317950 -0.1413762
v 0.0145816 1.7292917 -0.1409047
v 0.0159847 1.7381260 -0.1419823
v 0.0118426 1.7362850 -0.1441488
v 0.0111579 1.7338492 -0.1439131
v 0.0112589 1.7314133 -0.1437335
v 0.0122243 1.7284162 -0.1432059
v 0.0133019 1.7388781 -0.1443060
v 0.0091149 1.7370484 -0.1469663
v 0.0084975 1.7340400 -0.1468092
v 0.0087557 1.7310765 -0.1467082
v 0.0099456 1.7274845 -0.1459112
v 0.0103833 1.7399332 -0.1469776
v 0.0072403 1.7217371 -0.1511982
v 0.0061739 1.7376209 -0.1493236
v 0.0057810 1.7344441 -0.1492675
v 0.0061290 1.7309531 -0.1493012
v 0.0074760 1.7263058 -0.1490206
v 0.0071280 1.7407302 -0.1494134
v 0.0037268 1.7236567 -0.1534545
v 0.0031992 1.7382719 -0.1506931
v 0.0030420 1.7348819 -0.1508278
v 0.0032104 1.7314919 -0.1513891
v 0.0035921 1.7280794 -0.1519616
v 0.0036482 1.7414823 -0.1508503
v 0.0519616 1.7223994 -0.1306224
v 0.0481899 1.7201768 -0.1336308
v 0.0426559 1.7187512 -0.1367514
v 0.0359881 1.7186390 -0.1392209
v 0.0290509 1.7195931 -0.1403322
v 0.0231015 1.7215463 -0.1401863
v 0.0167593 1.7261936 -0.1397934
v 0.0533311 1.7404833 -0.1312398
v 0.0553741 1.7383954 -0.1293090
v 0.0563843 1.7365994 -0.1283886
v 0.0567660 1.7348482 -0.1278273
v 0.0568221 1.7328726 -0.1273671
v 0.0566650 1.7305602 -0.1273110
v 0.0546332 1.7252843 -0.1285457
v 0.0395016 1.7458826 -0.1393556
v 0.0339114 1.7459949 -0.1405680
v 0.0449907 1.7446815 -0.1370881
v 0.0498737 1.7426610 -0.1341022
v 0.0280968 1.7449397 -0.1413874
v 0.0227086 1.7428967 -0.1418925
v 0.0185665 1.7405394 -0.1420497
v 0.0588314 1.7367677 -0.1262446
v 0.0576977 1.7389567 -0.1274457
v 0.0552506 1.7414599 -0.1297581
v 0.0192176 1.7023063 -0.1471796
v 0.0070719 1.7123529 -0.1566200
v 0.0038278 1.7135764 -0.1583263
v 0.0157939 1.7417630 -0.1442723
v 0.0125161 1.7430426 -0.1469663
v 0.0087557 1.7441652 -0.1495706
v 0.0042880 1.7448836 -0.1508839
v 0.0395353 1.7482062 -0.1397261
v 0.0328675 1.7485093 -0.1417803
v 0.0458663 1.7466347 -0.1368749
v 0.0513891 1.7440529 -0.1330807
v 0.0260874 1.7472970 -0.1436212
v 0.0200146 1.7448274 -0.1445192
v 0.0392883 1.7508778 -0.1403547
v 0.0311388 1.7512371 -0.1433630
v 0.0464612 1.7493063 -0.1366279
v 0.0526239 1.7465561 -0.1323623
v 0.0229893 1.7499911 -0.1459785
v 0.0166695 1.7467694 -0.1468878
v 0.0145591 1.7150357 -0.1467418
v 0.0504574 1.7167419 -0.1331256
v 0.0228321 1.6981417 -0.1461581
v 0.0593702 1.7346349 -0.1256047
v 0.0595049 1.7321991 -0.1250659
v 0.0593029 1.7293928 -0.1248190
v 0.0615704 1.7373065 -0.1235954
v 0.0600438 1.7403374 -0.1254027
v 0.0571027 1.7434467 -0.1284896
v 0.0442499 1.7150357 -0.1370432
v 0.0483022 1.7071556 -0.1365493
v 0.0622215 1.7345002 -0.1227086
v 0.0626256 1.7313010 -0.1221137
v 0.0621653 1.7278886 -0.1218443
v 0.0598642 1.7205360 -0.1246618
v 0.0177022 1.7000612 -0.1486950
v 0.0100690 1.7072005 -0.1570354
v 0.0071505 1.7084914 -0.1595049
v 0.0041197 1.7094231 -0.1614581
v 0.0128641 1.7054157 -0.1543638
v 0.0203289 1.6962110 -0.1473704
v 0.0381658 1.7546383 -0.1413200
v 0.0287141 1.7551883 -0.1453162
v 0.0465735 1.7527525 -0.1367289
v 0.0535556 1.7496767 -0.1316663
v 0.0181287 1.7539199 -0.1491104
v 0.0119324 1.7486216 -0.1495930
v 0.0637369 1.7382831 -0.1207330
v 0.0617500 1.7421222 -0.1231801
v 0.0588651 1.7459163 -0.1270191
v 0.0556098 1.7095353 -0.1308245
v 0.0109334 1.7183808 -0.1487848
v 0.0646349 1.7344553 -0.1192288
v 0.0653645 1.7303694 -0.1185665
v 0.0652635 1.7262609 -0.1186451
v 0.0628501 1.7177634 -0.1217432
v 0.0592468 1.7051687 -0.1278161
v 0.0055340 1.7496767 -0.1515575
v 0.0378627 1.7589039 -0.1417129
v 0.0279957 1.7601162 -0.1464500
v 0.0470113 1.7566925 -0.1364820
v 0.0542515 1.7532800 -0.1307571
v 0.0191166 1.8270747 -0.1283998
v 0.0076556 1.7547618 -0.1520514
v 0.0379637 1.7633379 -0.1418140
v 0.0277263 1.7647073 -0.1468765
v 0.0474827 1.7607897 -0.1360330
v 0.0552057 1.7568833 -0.1296009
v 0.0172532 1.7603519 -0.1506370
v 0.0075097 1.7604417 -0.1527473
v 0.0165572 1.7652349 -0.1511421
v 0.0071392 1.7652125 -0.1532300
v 0.0425099 1.7905254 -0.1338665
v 0.0302295 1.7943868 -0.1407363
v 0.0549026 1.7851597 -0.1259078
v 0.0648369 1.7777062 -0.1151653
v 0.0177471 1.7823309 -0.1497951
v 0.0067464 1.7831504 -0.1514901
v 0.0475164 1.8080592 -0.1237750
v 0.0333389 1.8129197 -0.1314418
v 0.0606836 1.8004709 -0.1141550
v 0.0698097 1.7894141 -0.1026828
v 0.0182185 1.7965870 -0.1450356
v 0.0068923 1.7977656 -0.1467755
v 0.0657686 1.7392485 -0.1173542
v 0.0633664 1.7442437 -0.1206207
v 0.0599427 1.7488573 -0.1253129
v 0.0673402 1.7346013 -0.1152775
v 0.0677555 1.7296622 -0.1142560
v 0.0678116 1.7246108 -0.1144356
v 0.0658248 1.7146428 -0.1181961
v 0.0673514 1.7404159 -0.1131896
v 0.0647247 1.7461745 -0.1175787
v 0.0607397 1.7517759 -0.1230903
v 0.0691811 1.7346686 -0.1103047
v 0.0749284 1.7466796 -0.0882023
v 0.0728742 1.7580283 -0.0950384
v 0.0701128 1.7681086 -0.1045574
v 0.0766571 1.7348370 -0.0833193
v 0.0775102 1.7235893 -0.0811079
v 0.0772184 1.7125886 -0.0801201
v 0.0742325 1.6918668 -0.0832295
v 0.0763540 1.7639552 -0.0841612
v 0.0748835 1.7772459 -0.0919515
v 0.0771398 1.7817585 -0.0853510
v 0.0097884 1.6888809 -0.1637705
v 0.0088455 1.6898238 -0.1656563
v 0.0099231 1.6933710 -0.1656900
v 0.0107650 1.6989050 -0.1637144
v 0.0106078 1.7016215 -0.1619745
v 0.0105293 1.7043942 -0.1600101
v 0.0137397 1.7006562 -0.1595610
v 0.0129090 1.7029686 -0.1567211
v 0.0178481 1.6970080 -0.1532637
v 0.0178706 1.6985121 -0.1516473
v 0.0191390 1.6943476 -0.1505360
v 0.0090475 1.6816069 -0.1538923
v 0.0156480 1.6844918 -0.1503788
v 0.0152663 1.6910923 -0.1594039
v 0.0184655 1.6870400 -0.1486052
v 0.0074536 1.7053371 -0.1624347
v 0.0041421 1.7059657 -0.1640399
v 0.0075658 1.6993091 -0.1664758
v 0.0039064 1.6993091 -0.1682381
v 0.0066117 1.6932475 -0.1684514
v 0.0033114 1.6929220 -0.1698658
v 0.0072403 1.6869951 -0.1633552
v 0.0060953 1.6869614 -0.1643879
v 0.0058371 1.6897003 -0.1677667
v 0.0029971 1.6894422 -0.1686647
v 0.0058820 1.6853337 -0.1610540
v 0.0048156 1.6845929 -0.1618398
v 0.0042656 1.6868828 -0.1648594
v 0.0022226 1.6864899 -0.1654206
v 0.0058371 1.6836275 -0.1587865
v 0.0048156 1.6827744 -0.1589773
v 0.0032441 1.6840877 -0.1617163
v 0.0016950 1.6835601 -0.1619857
v 0.0064770 1.6824601 -0.1561935
v 0.0059943 1.6808661 -0.1562721
v 0.0029859 1.6819325 -0.1588875
v 0.0014032 1.6813824 -0.1586406
v 0.0177583 1.6874665 -0.1512431
v 0.0173430 1.6898799 -0.1556322
v 0.0145928 1.6854011 -0.1515013
v 0.0136611 1.6881400 -0.1593590
v 0.0145030 1.6896330 -0.1594151
v 0.0163664 1.6882860 -0.1563619
v 0.0155245 1.6873655 -0.1568333
v 0.0156592 1.6867481 -0.1529606
v 0.0169725 1.6864113 -0.1528708
v 0.0098558 1.6880615 -0.1624459
v 0.0078689 1.6869726 -0.1624796
v 0.0062525 1.6860746 -0.1603131
v 0.0064545 1.6845704 -0.1583712
v 0.0070607 1.6838295 -0.1560588
v 0.0091598 1.6833020 -0.1540719
v 0.0128753 1.6829203 -0.1516585
v 0.0127631 1.6841888 -0.1519616
v 0.0128529 1.6934720 -0.1627266
v 0.0177808 1.6913617 -0.1550934
v 0.0189370 1.6892401 -0.1511421
v 0.0137621 1.6982540 -0.1608632
v 0.0180277 1.6955824 -0.1542291
v 0.0190155 1.6939772 -0.1518942
v 0.0034349 1.6800017 -0.1573721
v 0.0015603 1.6792833 -0.1579334
v 0.0137734 1.6860634 -0.1524555
v 0.0124039 1.6886115 -0.1576303
v 0.0141999 1.6876798 -0.1561486
v 0.0141775 1.6872532 -0.1536117
v 0.0093618 1.6882074 -0.1603468
v 0.0080709 1.6877584 -0.1602682
v 0.0067464 1.6872869 -0.1592355
v 0.0064545 1.6859960 -0.1574507
v 0.0074648 1.6848286 -0.1557557
v 0.0091822 1.6844469 -0.1542627
v 0.0122916 1.6850980 -0.1526126
v 0.0080709 1.6734238 -0.1571364
v 0.0051524 1.6726043 -0.1589437
v 0.0019869 1.6716502 -0.1586630
v 0.0169389 1.6842561 -0.1489981
v 0.0092496 1.6801477 -0.1540831
v 0.0133693 1.6810457 -0.1518044
v 0.0304653 1.6569563 -0.1402873
v 0.0272436 1.6643987 -0.1460010
v 0.0113599 1.6894646 -0.1628051
v 0.0110344 1.6882523 -0.1616826
v 0.0109109 1.6880053 -0.1600774
v 0.0121008 1.6912045 -0.1629174
v 0.0298816 1.6616597 -0.1427344
v 0.0308133 1.6586963 -0.1406016
v 0.0212045 1.6491885 -0.1464051
v 0.0257395 1.6527020 -0.1429477
v 0.0238087 1.6747596 -0.1477633
v 0.0282315 1.6546664 -0.1412302
v 0.0233822 1.6713359 -0.1484256
v 0.0234271 1.6677662 -0.1489308
v 0.0280519 1.6694612 -0.1454509
v 0.0275467 1.6669356 -0.1459673
v 0.0306561 1.6631414 -0.1424089
v 0.0323287 1.6586738 -0.1400740
v 0.0323960 1.6558563 -0.1393669
v 0.0126059 1.6871298 -0.1539035
v 0.0116855 1.6882747 -0.1575293
v 0.0127855 1.6879941 -0.1557894
v 0.0132458 1.6875900 -0.1543750
v 0.0096874 1.6883982 -0.1592131
v 0.0090363 1.6882074 -0.1587753
v 0.0081832 1.6878370 -0.1581242
v 0.0080597 1.6871185 -0.1567435
v 0.0089128 1.6863664 -0.1553853
v 0.0098894 1.6858725 -0.1544536
v 0.0113824 1.6864675 -0.1539035
v 0.0106078 1.6884094 -0.1586294
v 0.0108885 1.6882523 -0.1566986
v 0.0117865 1.6878482 -0.1552842
v 0.0100129 1.6884094 -0.1578099
v 0.0096088 1.6878370 -0.1563619
v 0.0104395 1.6872869 -0.1550597
v 0.0092047 1.6881513 -0.1573497
v 0.0292417 1.6517927 -0.1404669
v 0.0263568 1.6494916 -0.1422405
v 0.0215188 1.6469210 -0.1452152
v 0.0299489 1.6586963 -0.1408261
v 0.0296346 1.6573941 -0.1405455
v 0.0278835 1.6555532 -0.1413762
v 0.0255935 1.6539143 -0.1431834
v 0.0209351 1.6512876 -0.1472806
v 0.0291744 1.6608515 -0.1430824
v 0.0268395 1.6628384 -0.1460571
v 0.0122467 1.6707409 -0.1576752
v 0.0200595 1.6674632 -0.1529718
v 0.0236628 1.6652181 -0.1498624
v 0.0263007 1.6616822 -0.1460346
v 0.0232250 1.6638599 -0.1499073
v 0.0257731 1.6609413 -0.1462030
v 0.0227311 1.6627149 -0.1499298
v 0.0247965 1.6594371 -0.1456754
v 0.0213953 1.6604474 -0.1489757
v 0.0237638 1.6593698 -0.1445866
v 0.0207218 1.6593473 -0.1486950
v 0.0232699 1.6596167 -0.1436212
v 0.0193972 1.6595494 -0.1467980
v 0.0290621 1.6587748 -0.1410394
v 0.0287927 1.6579442 -0.1404333
v 0.0284896 1.6600321 -0.1433069
v 0.0283774 1.6586738 -0.1413088
v 0.0283774 1.6582360 -0.1406690
v 0.0276814 1.6595718 -0.1432957
v 0.0276477 1.6587524 -0.1410619
v 0.0276590 1.6585728 -0.1407027
v 0.0262109 1.6591677 -0.1430600
v 0.0272549 1.6589095 -0.1403996
v 0.0273783 1.6587636 -0.1399169
v 0.0255149 1.6591789 -0.1426334
v 0.0270416 1.6593024 -0.1389964
v 0.0274008 1.6590442 -0.1383790
v 0.0249312 1.6595718 -0.1416568
v 0.0236516 1.6583932 -0.1420385
v 0.0237638 1.6578880 -0.1432620
v 0.0246618 1.6563390 -0.1440478
v 0.0251445 1.6553062 -0.1438345
v 0.0272324 1.6564737 -0.1416905
v 0.0267048 1.6571472 -0.1419038
v 0.0259527 1.6581574 -0.1414772
v 0.0257507 1.6584605 -0.1404220
v 0.0259640 1.6585615 -0.1385250
v 0.0244037 1.6586177 -0.1395689
v 0.0200034 1.6661049 -0.1535780
v 0.0197003 1.6649375 -0.1533310
v 0.0182522 1.6611434 -0.1523993
v 0.0057810 1.6699664 -0.1610540
v 0.0124039 1.6690347 -0.1582252
v 0.0122131 1.6676315 -0.1585171
v 0.0117304 1.6623894 -0.1566874
v 0.0025145 1.6687316 -0.1612785
v 0.0089690 1.6710103 -0.1599090
v 0.0090475 1.6694500 -0.1602121
v 0.0090139 1.6683163 -0.1604927
v 0.0086434 1.6623332 -0.1577089
v 0.0059718 1.6684398 -0.1610765
v 0.0059830 1.6671264 -0.1610540
v 0.0056126 1.6616485 -0.1584385
v 0.0025818 1.6671152 -0.1614693
v 0.0026155 1.6660263 -0.1613459
v 0.0022226 1.6610087 -0.1590335
v 0.0175114 1.6593361 -0.1521636
v 0.0113824 1.6591902 -0.1554077
v 0.0085424 1.6591228 -0.1554077
v 0.0052310 1.6589769 -0.1558118
v 0.0024134 1.6587636 -0.1559128
v 0.0183869 1.6584044 -0.1456867
v 0.0193523 1.6576860 -0.1479654
v 0.0204748 1.6551491 -0.1479205
v 0.0206207 1.6533979 -0.1476960
v 0.0145591 1.6436657 -0.1484368
v 0.0145479 1.6479874 -0.1516360
v 0.0124263 1.6581799 -0.1522422
v 0.0129202 1.6568890 -0.1522759
v 0.0138519 1.6537459 -0.1531739
v 0.0143346 1.6510294 -0.1522197
v 0.0059943 1.6421503 -0.1503451
v 0.0064096 1.6459444 -0.1550148
v 0.0057024 1.6578207 -0.1542066
v 0.0057361 1.6565635 -0.1550373
v 0.0059269 1.6525785 -0.1563394
v 0.0061065 1.6497946 -0.1558230
v 0.0220015 1.6613342 -0.1492563
v 0.0251782 1.6600994 -0.1459785
v 0.0268395 1.6593024 -0.1430824
v 0.0279957 1.6586963 -0.1412639
v 0.0279508 1.6584493 -0.1409945
v 0.0241118 1.6572145 -0.1438120
v 0.0262558 1.6577197 -0.1419262
v 0.0188584 1.6629731 -0.1527810
v 0.0119100 1.6649375 -0.1575293
v 0.0088118 1.6651059 -0.1590447
v 0.0057810 1.6642191 -0.1596284
v 0.0024022 1.6634108 -0.1599876
v 0.0200483 1.6566084 -0.1483021
v 0.0134254 1.6554185 -0.1531178
v 0.0058034 1.6544419 -0.1562721
v 0.0082393 1.6599198 -0.1516473
v 0.0106527 1.6599198 -0.1511533
v 0.0161307 1.6597514 -0.1484705
v 0.0057024 1.6583819 -0.1538362
v 0.0117191 1.6584830 -0.1511982
v 0.0178144 1.6587861 -0.1439355
v 0.0021328 1.6597402 -0.1511870
v 0.0047483 1.6597514 -0.1512319
v 0.0231240 1.6604137 -0.1424313
v 0.0187125 1.6607056 -0.1452152
v 0.0271538 1.6599535 -0.1369983
v 0.0280182 1.6593810 -0.1361789
v 0.0245608 1.6603127 -0.1402649
v 0.0268844 1.6583707 -0.1358983
v 0.0238199 1.6582023 -0.1377616
v 0.0081495 1.6610199 -0.1508166
v 0.0104619 1.6610087 -0.1501992
v 0.0159286 1.6609525 -0.1473817
v 0.0061963 1.6579442 -0.1515126
v 0.0107762 1.6584717 -0.1494359
v 0.0202054 1.6581687 -0.1404220
v 0.0020318 1.6609862 -0.1510972
v 0.0048493 1.6609525 -0.1510635
v 0.0217208 1.6630067 -0.1407027
v 0.0175563 1.6636466 -0.1435426
v 0.0277151 1.6608178 -0.1350002
v 0.0287366 1.6595943 -0.1343492
v 0.0235169 1.6625577 -0.1385699
v 0.0257395 1.6565747 -0.1345625
v 0.0225403 1.6556879 -0.1358758
v 0.0071954 1.6649487 -0.1499298
v 0.0096874 1.6647916 -0.1486164
v 0.0145142 1.6645221 -0.1458663
v 0.0071617 1.6563390 -0.1489981
v 0.0122018 1.6567318 -0.1465510
v 0.0192400 1.6560246 -0.1380647
v 0.0017511 1.6639272 -0.1508054
v 0.0043329 1.6645446 -0.1504798
v 0.0209463 1.6675193 -0.1405455
v 0.0172532 1.6686081 -0.1431834
v 0.0278722 1.6629618 -0.1342032
v 0.0292754 1.6600096 -0.1330134
v 0.0231689 1.6666437 -0.1384015
v 0.0256721 1.6537010 -0.1336981
v 0.0222147 1.6522305 -0.1354492
v 0.0068811 1.6698092 -0.1499747
v 0.0092720 1.6699103 -0.1485603
v 0.0140652 1.6694500 -0.1457540
v 0.0069372 1.6515682 -0.1486613
v 0.0129988 1.6524101 -0.1451815
v 0.0186114 1.6521744 -0.1381658
v 0.0017175 1.6692704 -0.1509176
v 0.0041533 1.6694949 -0.1506819
v 0.0203962 1.6720094 -0.1401414
v 0.0164113 1.6729635 -0.1429028
v 0.0283886 1.6653079 -0.1331256
v 0.0298703 1.6605933 -0.1317000
v 0.0229444 1.6707858 -0.1379300
v 0.0256272 1.6516580 -0.1327889
v 0.0218892 1.6495252 -0.1348094
v 0.0065443 1.6748830 -0.1493798
v 0.0088118 1.6747932 -0.1481113
v 0.0138519 1.6743779 -0.1451029
v 0.0066004 1.6473251 -0.1478980
v 0.0132570 1.6480211 -0.1438008
v 0.0180165 1.6488293 -0.1377167
v 0.0016838 1.6741983 -0.1503002
v 0.0039850 1.6746585 -0.1500196
v 0.0204299 1.6773526 -0.1381770
v 0.0166358 1.6790251 -0.1405455
v 0.0297469 1.6682489 -0.1309479
v 0.0311949 1.6612332 -0.1293090
v 0.0233709 1.6757025 -0.1360779
v 0.0260874 1.6487058 -0.1301285
v 0.0220800 1.6454056 -0.1320817
v 0.0064657 1.6811243 -0.1466408
v 0.0088343 1.6811355 -0.1454622
v 0.0136948 1.6801926 -0.1420160
v 0.0050850 1.6410165 -0.1425997
v 0.0139754 1.6421727 -0.1381658
v 0.0179379 1.6437330 -0.1344278
v 0.0015603 1.6800017 -0.1473031
v 0.0036482 1.6806977 -0.1472133
v 0.0219790 1.6844582 -0.1312847
v 0.0180165 1.6867257 -0.1324297
v 0.0327215 1.6717175 -0.1256047
v 0.0341359 1.6626475 -0.1241230
v 0.0255149 1.6820784 -0.1298479
v 0.0283549 1.6463597 -0.1242128
v 0.0236852 1.6416900 -0.1255823
v 0.0066117 1.6898575 -0.1368524
v 0.0096986 1.6897228 -0.1359993
v 0.0147836 1.6881962 -0.1335634
v 0.0068362 1.6353141 -0.1331705
v 0.0139081 1.6379296 -0.1303979
v 0.0191615 1.6390184 -0.1273110
v 0.0013134 1.6883196 -0.1374137
v 0.0038278 1.6892962 -0.1373014
v 0.0236516 1.6912494 -0.1183757
v 0.0204973 1.6932251 -0.1185777
v 0.0355615 1.6749616 -0.1138968
v 0.0366504 1.6643201 -0.1127631
v 0.0275355 1.6884431 -0.1179267
v 0.0305551 1.6452484 -0.1124263
v 0.0260313 1.6425544 -0.1124151
v 0.0075209 1.6981305 -0.1205197
v 0.0107201 1.6979060 -0.1201493
v 0.0168154 1.6951670 -0.1191165
v 0.0070607 1.6346855 -0.1149408
v 0.0155357 1.6368295 -0.1142336
v 0.0214851 1.6398154 -0.1132682
v 0.0014705 1.6961212 -0.1211483
v 0.0044789 1.6974345 -0.1208452
v 0.0284672 1.6951221 -0.0971600
v 0.0251108 1.6972661 -0.0972161
v 0.0401751 1.6781720 -0.0954650
v 0.0408149 1.6660712 -0.0944659
v 0.0324634 1.6920913 -0.0968681
v 0.0332155 1.6452372 -0.0959813
v 0.0283774 1.6426329 -0.0949037
v 0.0096649 1.7018909 -0.0976651
v 0.0137285 1.7019022 -0.0975865
v 0.0212045 1.6988826 -0.0970253
v 0.0083179 1.6361897 -0.0965650
v 0.0167817 1.6377724 -0.0959926
v 0.0238199 1.6392991 -0.0952180
v 0.0016277 1.6993765 -0.0984733
v 0.0056238 1.7009480 -0.0979570
v 0.0278498 1.6912494 -0.0746983
v 0.0241679 1.6935506 -0.0748555
v 0.0404333 1.6748157 -0.0728461
v 0.0393669 1.6649375 -0.0725094
v 0.0321715 1.6879043 -0.0743391
v 0.0334512 1.6453831 -0.0743054
v 0.0311500 1.6342926 -0.0722736
v 0.0093618 1.6976478 -0.0751922
v 0.0132345 1.6976029 -0.0750575
v 0.0203626 1.6948303 -0.0745075
v 0.0092496 1.6170619 -0.0586911
v 0.0191615 1.6212489 -0.0618117
v 0.0275243 1.6265360 -0.0657967
v 0.0017960 1.6958742 -0.0767974
v 0.0056238 1.6969855 -0.0755851
v 0.0242689 1.6802936 -0.0555930
v 0.0203401 1.6819213 -0.0561542
v 0.0361789 1.6689224 -0.0530112
v 0.0346298 1.6626363 -0.0505753
v 0.0287029 1.6779251 -0.0547960
v 0.0241342 1.6490201 -0.0495538
v 0.0233036 1.6393552 -0.0496436
v 0.0077117 1.6847388 -0.0569961
v 0.0104731 1.6847051 -0.0568951
v 0.0163888 1.6825162 -0.0574563
v 0.0072852 1.6258849 -0.0509682
v 0.0126733 1.6283657 -0.0502273
v 0.0186676 1.6327211 -0.0504294
v 0.0018971 1.6834703 -0.0580288
v 0.0042431 1.6842224 -0.0573329
v 0.0169725 1.6662059 -0.0460740
v 0.0158388 1.6685520 -0.0457821
v 0.0256272 1.6631639 -0.0448392
v 0.0237975 1.6592238 -0.0452545
v 0.0187237 1.6654651 -0.0458495
v 0.0186900 1.6540153 -0.0458831
v 0.0168042 1.6519836 -0.0463209
v 0.0058483 1.6693378 -0.0458495
v 0.0082281 1.6675866 -0.0461862
v 0.0128080 1.6693265 -0.0456474
v 0.0049952 1.6485150 -0.0464332
v 0.0092496 1.6498171 -0.0469271
v 0.0138407 1.6501314 -0.0458944
v 0.0019532 1.6671264 -0.0479037
v 0.0035359 1.6690347 -0.0460627
v 0.0315990 1.6649263 -0.1420609
v 0.0344053 1.6581911 -0.1387719
v 0.0290060 1.7806135 -0.1456081
v 0.0397485 1.7775827 -0.1394230
v 0.0506595 1.7733957 -0.1322501
v 0.0596397 1.7678279 -0.1236179
v 0.0724140 1.7436263 -0.0989111
v 0.0742774 1.7342757 -0.0946006
v 0.0698322 1.7526402 -0.1053656
v 0.0657911 1.7605540 -0.1142448
v 0.0215861 1.6433738 -0.1436100
v 0.0145030 1.6405451 -0.1466857
v 0.0060279 1.6387378 -0.1484705
v 0.0339675 1.6550144 -0.1383005
v 0.0071617 1.6092042 -0.1324858
v 0.0161980 1.6113258 -0.1299152
v 0.0146938 1.6365376 -0.1462816
v 0.0302295 1.6493793 -0.1395465
v 0.0266487 1.6466179 -0.1415670
v 0.0065555 1.6346294 -0.1488297
v 0.0217882 1.6392093 -0.1424089
v 0.0623225 1.6634221 -0.0997418
v 0.0674300 1.6718634 -0.0919178
v 0.0571477 1.6476731 -0.0989672
v 0.0643093 1.6732666 -0.0500701
v 0.0620419 1.6553511 -0.0696582
v 0.0575069 1.6455403 -0.0791996
v 0.0532637 1.6388500 -0.0872930
v 0.0497165 1.6338997 -0.0943425
v 0.0399394 1.6239991 -0.1066453
v 0.0066229 1.6091481 -0.1263905
v 0.0548240 1.6524438 -0.0521356
v 0.0154571 1.6111911 -0.1231464
v 0.0567884 1.6582697 -0.0421676
v 0.0503901 1.6456750 -0.0483302
v 0.0524667 1.6496263 -0.0388112
v 0.0456755 1.6334283 -0.0429197
v 0.0495145 1.6382888 -0.0344783
v 0.0456979 1.6181844 -0.0362968
v 0.0485940 1.6238531 -0.0287759
v 0.0470562 1.6011333 -0.0282034
v 0.0485716 1.6040631 -0.0199641
v 0.0514340 1.5825106 -0.0190661
v 0.0541954 1.5866303 -0.0106584
v 0.0483807 1.6389511 -0.0690857
v 0.0519840 1.6453831 -0.0612392
v 0.0432957 1.6341467 -0.0619689
v 0.0470562 1.6390633 -0.0558736
v 0.0383454 1.6255594 -0.0534938
v 0.0420048 1.6304985 -0.0477353
v 0.0376382 1.6108768 -0.0463546
v 0.0425661 1.6142780 -0.0427176
v 0.0415783 1.5949369 -0.0420329
v 0.0442835 1.5978443 -0.0356233
v 0.0458214 1.5784471 -0.0342875
v 0.0493349 1.5803666 -0.0270472
v 0.0449121 1.6341916 -0.0758208
v 0.0329348 1.6078572 -0.0491833
v 0.0370994 1.5921868 -0.0462087
v 0.0419262 1.5759102 -0.0408318
v 0.0063086 1.6099226 -0.1090700
v 0.0138968 1.6124483 -0.1051748
v 0.0351911 1.6225286 -0.0923556
v 0.0058371 1.6104502 -0.0954425
v 0.0123814 1.6120891 -0.0924791
v 0.0303867 1.6213948 -0.0809059
v 0.0042431 1.6088113 -0.0772352
v 0.0091486 1.6097206 -0.0755177
v 0.0242914 1.6133126 -0.0670876
v 0.0032104 1.5985290 -0.0655497
v 0.0171634 1.6000669 -0.0609362
v 0.0073301 1.5989219 -0.0642925
v 0.0215973 1.6017843 -0.0578492
v 0.0038054 1.5828586 -0.0614750
v 0.0178369 1.5858670 -0.0553797
v 0.0082281 1.5831168 -0.0604198
v 0.0229893 1.5869446 -0.0533479
v 0.0128192 1.5842056 -0.0584329
v 0.0123253 1.5991801 -0.0631588
v 0.0547904 1.6547674 -0.0258012
v 0.0524780 1.6440024 -0.0224448
v 0.0503227 1.6298362 -0.0184150
v 0.0503115 1.6086317 -0.0103216
v 0.0556996 1.5903570 -0.0019364
v 0.0545658 1.6582023 -0.0107257
v 0.0523994 1.6474373 -0.0082225
v 0.0498962 1.6338324 -0.0058540
v 0.0517932 1.6140311 0.0007016
v 0.0559578 1.5942410 0.0076724
v 0.0662625 1.5775715 0.0159454
v 0.0517708 1.6599310 0.0048661
v 0.0505248 1.6497273 0.0065162
v 0.0504799 1.6367060 0.0086154
v 0.0515238 1.6182630 0.0125217
v 0.0549700 1.5986974 0.0181793
v 0.0635348 1.5812646 0.0252063
v 0.0478756 1.6610648 0.0188416
v 0.0473480 1.6517254 0.0195487
v 0.0468653 1.6389735 0.0208733
v 0.0473368 1.6219897 0.0231857
v 0.0500645 1.6019078 0.0275523
v 0.0573722 1.5838801 0.0347589
v 0.0399955 1.6624567 0.0276534
v 0.0390077 1.6533867 0.0275860
v 0.0385362 1.6406349 0.0280126
v 0.0385923 1.6230786 0.0298535
v 0.0387607 1.6022446 0.0341864
v 0.0458775 1.5850026 0.0412808
v 0.0279957 1.6642976 0.0321547
v 0.0268620 1.6552052 0.0308525
v 0.0262558 1.6430034 0.0303811
v 0.0265140 1.6249083 0.0318965
v 0.0279957 1.6023793 0.0369029
v 0.0339451 1.5853955 0.0448953
v 0.0788011 1.7091424 -0.0637537
v 0.0830892 1.7589263 -0.0287085
v 0.0607060 1.8279615 0.0112645
v 0.0498737 1.8389286 0.0176629
v 0.0820901 1.7847556 -0.0149239
v 0.0773194 1.7988433 -0.0068867
v 0.0822697 1.7483073 -0.0329517
v 0.0752652 1.6843796 -0.0585901
v 0.0787001 1.7222535 -0.0709715
v 0.0783746 1.7099507 -0.0692653
v 0.0747937 1.6853225 -0.0675927
v 0.0781725 1.7356564 -0.0735309
v 0.0768704 1.7497890 -0.0782567
v 0.0824156 1.7522137 -0.0408542
v 0.0816972 1.7445693 -0.0267778
v 0.0793399 1.7366443 -0.0210417
v 0.0728293 1.7130713 -0.0201212
v 0.0747600 1.7199299 -0.0192232
v 0.0716731 1.8267267 -0.0242184
v 0.0489645 1.8550031 -0.0171802
v 0.0611102 1.8424533 -0.0204580
v 0.0432845 1.8518264 -0.0856766
v 0.0632654 1.6769597 -0.0399113
v 0.0572824 1.6635568 -0.0297076
v 0.0572936 1.6686979 -0.0139361
v 0.0535107 1.6684285 0.0043161
v 0.0480777 1.6687204 0.0183140
v 0.0392883 1.6700225 0.0283605
v 0.0284896 1.6713583 0.0329741
v 0.0398832 1.6258288 -0.1117191
v 0.0514228 1.6368744 -0.0998091
v 0.0561823 1.6430371 -0.0929842
v 0.0603693 1.6494130 -0.0839816
v 0.0650614 1.6591228 -0.0746871
v 0.0383342 1.7677606 -0.1414884
v 0.0326879 1.6456638 -0.1371892
v 0.0278722 1.6423186 -0.1394903
v 0.0041982 1.7027216 -0.1664309
v 0.0330920 1.6736146 -0.1422742
v 0.0600774 1.7134754 -0.1257282
v 0.0631981 1.7097374 -0.1223270
v 0.0545546 1.7195033 -0.1294213
v 0.0571701 1.7230954 -0.1267946
v 0.0528259 1.7132284 -0.1321939
v 0.0570242 1.7167756 -0.1279508
v 0.0188359 1.7119151 -0.1452938
v 0.0461357 1.7113201 -0.1376494
v 0.0132009 1.7233648 -0.1437671
v 0.0709435 1.6817866 -0.0867317
v 0.0681596 1.6689786 -0.0601616
v 0.0714374 1.6713808 -0.0680979
v 0.0242240 1.6145025 -0.1185665
v 0.0250435 1.6162986 -0.1282314
v 0.0512095 1.6406685 -0.1054442
v 0.0326317 1.6221020 -0.1221249
v 0.0395240 1.6278605 -0.1160745
v 0.0165235 1.6119656 -0.1329685
v 0.0072852 1.6099563 -0.1352135
v 0.0327777 1.6192732 -0.1125161
v 0.0249649 1.6153107 -0.1244710
v 0.0330695 1.6205192 -0.1179828
v 0.0293989 1.6192845 -0.0968906
v 0.0255374 1.6186783 -0.0848684
v 0.0193074 1.6151648 -0.0889094
v 0.0220800 1.6157261 -0.1013021
v 0.0420834 1.6303189 -0.0818937
v 0.0296009 1.6060275 -0.0515631
v 0.0329573 1.5899978 -0.0489027
v 0.0732446 1.6827407 -0.0487680
v 0.0632766 1.6817753 -0.0318516
v 0.0678116 1.7048207 -0.0156536
v 0.0620643 1.7031818 0.0026323
v 0.0573497 1.7024522 0.0145198
v 0.0509401 1.7029798 0.0262390
v 0.0424201 1.7032380 0.0356682
v 0.0320031 1.7019358 0.0420553
v 0.0701914 1.7127906 -0.0130381
v 0.0642532 1.7142611 0.0055284
v 0.0595611 1.7150245 0.0174159
v 0.0527810 1.7161807 0.0293820
v 0.0443621 1.7170562 0.0394286
v 0.0345625 1.7166970 0.0471516
v 0.0729977 1.7211871 -0.0116574
v 0.0677106 1.7264517 0.0096593
v 0.0622551 1.7286519 0.0213560
v 0.0551159 1.7306388 0.0331762
v 0.0465623 1.7323113 0.0439299
v 0.0366504 1.7327267 0.0520682
v 0.0788685 1.7420997 -0.0140821
v 0.0731099 1.7523371 0.0098614
v 0.0672504 1.7576467 0.0231184
v 0.0593029 1.7622602 0.0352304
v 0.0501543 1.7659870 0.0470506
v 0.0397822 1.7689729 0.0550317
v 0.0818319 1.7531678 -0.0203570
v 0.0795532 1.7746192 -0.0023292
v 0.0742549 1.7862149 0.0085480
v 0.0672055 1.7976758 0.0202559
v 0.0575181 1.8086317 0.0335578
v 0.0454397 1.8160852 0.0406297
v 0.0463378 1.8587635 -0.0565359
v 0.0598642 1.8466066 -0.0545153
v 0.0575742 1.8422512 -0.0807262
v 0.0725936 1.7958237 -0.0953639
v 0.0710108 1.8307903 -0.0517539
v 0.0793961 1.8123584 -0.0486445
v 0.0629623 1.8084296 -0.1063198
v 0.0793287 1.8092940 -0.0276758
v 0.0835494 1.7923214 -0.0316608
v 0.0833922 1.7631470 -0.0386653
v 0.0496716 1.8173761 -0.1160970
v 0.0351013 1.8235837 -0.1239546
v 0.0179042 1.8146147 -0.1370096
v 0.0069147 1.8159842 -0.1381096
v 0.0776786 1.8105400 -0.0657855
v 0.0693944 1.8281748 -0.0736319
v 0.0831453 1.7940613 -0.0468822
v 0.0820115 1.7932306 -0.0598473
v 0.0061739 1.6089797 -0.1187461
v 0.0147051 1.6112921 -0.1152102
v 0.0601897 1.6706848 -0.0353090
v 0.0230566 1.6146597 -0.1110680
v 0.0315204 1.6188467 -0.1055228
v 0.0380535 1.6230561 -0.1001459
v 0.0606836 1.6654314 -0.0459842
v 0.0605489 1.6593136 -0.0558624
v 0.0572375 1.6503110 -0.0653140
v 0.0493686 1.6366723 -0.0819049
v 0.0458775 1.6319914 -0.0886176
v 0.0531851 1.6424309 -0.0742493
v 0.0606387 1.6760729 -0.0250154
v 0.0657013 1.7034288 -0.0077398
v 0.0683841 1.7134193 -0.0040691
v 0.0719425 1.7232975 -0.0013639
v 0.0776786 1.7474991 -0.0031038
v 0.0821013 1.7633154 -0.0122411
v 0.0844250 1.7761234 -0.0359376
v 0.0670708 1.8216642 -0.0894034
v 0.0759836 1.8062856 -0.0789414
v 0.0810686 1.7907050 -0.0704776
v 0.0544536 1.8336864 -0.0988662
v 0.0073076 1.8287585 -0.1295223
v 0.0396812 1.8411063 -0.1056575
v 0.0101027 1.5846546 0.0440085
v 0.0060616 1.6672387 0.0332435
v 0.0055004 1.6577533 0.0311107
v 0.0105629 1.8457086 -0.1124039
v 0.0168042 1.8225509 0.0465005
v 0.0141438 1.7731150 0.0615087
v 0.0062749 1.6748943 0.0346018
v 0.0170511 1.8684060 -0.0597014
v 0.0196105 1.8662059 -0.0164506
v 0.0130100 1.7318848 0.0597238
v 0.0114497 1.7155520 0.0540214
v 0.0085536 1.7015879 0.0465117
v 0.0134254 1.8594595 -0.0908177
v 0.0053320 1.6268615 0.0299545
v 0.0051748 1.6449566 0.0287198
v 0.0076668 1.6029181 0.0365550
v 0.0398945 1.6299148 -0.0673458
v 0.0370096 1.6271870 -0.0720491
v 0.0343268 1.6207662 -0.0563563
v 0.0308806 1.6180048 -0.0602178
v 0.0198125 1.6117636 -0.0698602
v 0.0148510 1.6105400 -0.0732951
v 0.0166021 1.6662396 0.0329068
v 0.0178144 1.6032997 0.0396756
v 0.0267834 1.8573604 -0.0898075
v 0.0170511 1.6734238 0.0341640
v 0.0201381 1.7019134 0.0456137
v 0.0154010 1.6438902 0.0303699
v 0.0214402 1.5849128 0.0441993
v 0.0272661 1.7713751 0.0596340
v 0.0254251 1.7320868 0.0577931
v 0.0234607 1.7159786 0.0522815
v 0.0313184 1.8204518 0.0450076
v 0.0338890 1.8624791 -0.0162710
v 0.0155694 1.6255032 0.0315934
v 0.0303979 1.8658354 -0.0591738
v 0.0158164 1.6569451 0.0312903
v 0.0230903 1.8442044 -0.1107088
v 0.0391424 1.7398434 -0.1378739
v 0.0349554 1.7398210 -0.1388056
v 0.0427232 1.7390577 -0.1364146
v 0.0456530 1.7380586 -0.1346410
v 0.0475725 1.7372616 -0.1332267
v 0.0482348 1.7363412 -0.1327889
v 0.0487175 1.7354993 -0.1324746
v 0.0488298 1.7348707 -0.1322501
v 0.0487400 1.7343655 -0.1322164
v 0.0484481 1.7334675 -0.1325082
v 0.0471684 1.7326368 -0.1336308
v 0.0450020 1.7315368 -0.1351462
v 0.0427345 1.7305826 -0.1363248
v 0.0392546 1.7298530 -0.1377280
v 0.0348992 1.7297071 -0.1383005
v 0.0309816 1.7300101 -0.1377504
v 0.0273671 1.7306163 -0.1368636
v 0.0244486 1.7314582 -0.1354717
v 0.0305326 1.7390016 -0.1386597
v 0.0264130 1.7373627 -0.1374024
v 0.0246282 1.7357350 -0.1363136
v 0.0234271 1.7341635 -0.1357074
v 0.0227872 1.7334787 -0.1356289
v 0.0227872 1.7327154 -0.1354605
v 0.0236628 1.7320644 -0.1352921
v 0.0240108 1.7349605 -0.1360105
v 0.0393781 1.7391363 -0.1348094
v 0.0352585 1.7390801 -0.1355166
v 0.0431722 1.7386199 -0.1337430
v 0.0456418 1.7381821 -0.1323623
v 0.0473368 1.7372167 -0.1309928
v 0.0480440 1.7364871 -0.1303305
v 0.0485154 1.7356340 -0.1296121
v 0.0486614 1.7348931 -0.1291070
v 0.0486951 1.7342084 -0.1287927
v 0.0487961 1.7336696 -0.1287478
v 0.0477521 1.7324797 -0.1299826
v 0.0450918 1.7314021 -0.1319470
v 0.0427345 1.7308745 -0.1330695
v 0.0396026 1.7303020 -0.1341022
v 0.0348319 1.7302908 -0.1347421
v 0.0311388 1.7305153 -0.1343155
v 0.0269855 1.7311776 -0.1331705
v 0.0249425 1.7315031 -0.1326093
v 0.0303755 1.7383393 -0.1352584
v 0.0264242 1.7372616 -0.1343267
v 0.0244486 1.7361391 -0.1332716
v 0.0235281 1.7343319 -0.1330695
v 0.0229893 1.7335124 -0.1330134
v 0.0228546 1.7330746 -0.1330021
v 0.0233597 1.7323450 -0.1328787
v 0.0240893 1.7351962 -0.1330583
v 0.0394230 1.7446703 -0.1350788
v 0.0346523 1.7447040 -0.1358534
v 0.0433855 1.7436151 -0.1338104
v 0.0462592 1.7421334 -0.1324072
v 0.0482460 1.7403935 -0.1311388
v 0.0494696 1.7387209 -0.1302295
v 0.0502441 1.7370708 -0.1295223
v 0.0506595 1.7354993 -0.1290621
v 0.0507829 1.7339614 -0.1288825
v 0.0506258 1.7325134 -0.1290060
v 0.0492002 1.7296060 -0.1304540
v 0.0471460 1.7275181 -0.1320368
v 0.0442162 1.7256099 -0.1335634
v 0.0399057 1.7241281 -0.1349441
v 0.0338777 1.7237240 -0.1356064
v 0.0291519 1.7244761 -0.1351013
v 0.0257507 1.7256884 -0.1341022
v 0.0222596 1.7279896 -0.1324297
v 0.0295448 1.7434580 -0.1357860
v 0.0252904 1.7412466 -0.1348431
v 0.0225066 1.7388332 -0.1335859
v 0.0201381 1.7348594 -0.1315429
v 0.0198125 1.7332542 -0.1309255
v 0.0199360 1.7317501 -0.1309479
v 0.0206320 1.7299652 -0.1313969
v 0.0209575 1.7366779 -0.1324970
v 0.0394230 1.7486440 -0.1308694
v 0.0341696 1.7489359 -0.1315765
v 0.0437223 1.7471398 -0.1298030
v 0.0469215 1.7450295 -0.1286243
v 0.0491328 1.7427059 -0.1275018
v 0.0505584 1.7404272 -0.1265925
v 0.0514340 1.7382270 -0.1258854
v 0.0518942 1.7360942 -0.1254139
v 0.0520177 1.7339502 -0.1252343
v 0.0518269 1.7319072 -0.1253578
v 0.0504574 1.7279784 -0.1264803
v 0.0485491 1.7251945 -0.1276702
v 0.0453724 1.7223882 -0.1290060
v 0.0404445 1.7201095 -0.1303193
v 0.0337543 1.7194135 -0.1309816
v 0.0283325 1.7205585 -0.1306561
v 0.0247965 1.7222984 -0.1299601
v 0.0209238 1.7258231 -0.1287927
v 0.0285682 1.7475552 -0.1316439
v 0.0238424 1.7446927 -0.1310153
v 0.0207555 1.7413140 -0.1300387
v 0.0184094 1.7355666 -0.1287141
v 0.0182410 1.7332991 -0.1285121
v 0.0184655 1.7311102 -0.1282876
v 0.0192737 1.7285958 -0.1282539
v 0.0191166 1.7382046 -0.1291407
v 0.0391087 1.7508554 -0.1263568
v 0.0337206 1.7512707 -0.1268507
v 0.0435427 1.7491941 -0.1256047
v 0.0468878 1.7468480 -0.1247179
v 0.0492563 1.7442437 -0.1238311
v 0.0508166 1.7416170 -0.1230566
v 0.0517932 1.7390577 -0.1224168
v 0.0523096 1.7365096 -0.1219790
v 0.0524443 1.7339502 -0.1217769
v 0.0522198 1.7315031 -0.1218106
v 0.0508278 1.7270242 -0.1224953
v 0.0489420 1.7239261 -0.1232811
v 0.0456755 1.7207044 -0.1242689
v 0.0405343 1.7180328 -0.1252792
v 0.0335747 1.7172022 -0.1259415
v 0.0280070 1.7185043 -0.1259415
v 0.0244261 1.7204462 -0.1256496
v 0.0203064 1.7245210 -0.1251108
v 0.0280182 1.7499125 -0.1269405
v 0.0231240 1.7468704 -0.1266150
v 0.0198462 1.7430426 -0.1260650
v 0.0173654 1.7361952 -0.1251557
v 0.0172420 1.7334563 -0.1249088
v 0.0175563 1.7308296 -0.1247965
v 0.0184880 1.7277988 -0.1248751
v 0.0180951 1.7393608 -0.1255486
v 0.0386597 1.7516524 -0.1227984
v 0.0333951 1.7520340 -0.1231127
v 0.0430712 1.7500247 -0.1222708
v 0.0464612 1.7476787 -0.1216310
v 0.0489083 1.7450183 -0.1209463
v 0.0505697 1.7422681 -0.1203176
v 0.0516136 1.7395291 -0.1197788
v 0.0521749 1.7367677 -0.1193859
v 0.0523096 1.7339727 -0.1191614
v 0.0520514 1.7313459 -0.1191165
v 0.0506033 1.7266987 -0.1194757
v 0.0487175 1.7235444 -0.1199472
v 0.0454622 1.7202442 -0.1206095
v 0.0403210 1.7174940 -0.1213616
v 0.0334063 1.7166297 -0.1220239
v 0.0279396 1.7179093 -0.1222933
v 0.0244261 1.7198289 -0.1223045
v 0.0202166 1.7239934 -0.1222035
v 0.0278610 1.7507095 -0.1232025
v 0.0230678 1.7477685 -0.1230678
v 0.0197340 1.7439519 -0.1228433
v 0.0170399 1.7366892 -0.1224392
v 0.0168940 1.7336808 -0.1223045
v 0.0172420 1.7307847 -0.1222147
v 0.0182635 1.7274845 -0.1221810
v 0.0178593 1.7401129 -0.1226188
v 0.0381995 1.7517534 -0.1200258
v 0.0168940 1.7339614 -0.1202166
v 0.0425212 1.7502380 -0.1196778
v 0.0199697 1.7443672 -0.1203176
v 0.0484032 1.7453550 -0.1187124
v 0.0501207 1.7425936 -0.1182297
v 0.0518157 1.7369586 -0.1174215
v 0.0519504 1.7340737 -0.1171858
v 0.0278835 1.7180104 -0.1195319
v 0.0501992 1.7267661 -0.1171970
v 0.0483246 1.7236679 -0.1174215
v 0.0450918 1.7203901 -0.1178144
v 0.0399955 1.7176624 -0.1183644
v 0.0332155 1.7167756 -0.1190380
v 0.0516697 1.7313908 -0.1170960
v 0.0244710 1.7198513 -0.1197676
v 0.0202840 1.7239597 -0.1199248
v 0.0512207 1.7397985 -0.1177920
v 0.0232699 1.7480042 -0.1203401
v 0.0278498 1.7507768 -0.1203289
v 0.0459112 1.7479817 -0.1192176
v 0.0171073 1.7371045 -0.1202615
v 0.0331257 1.7520565 -0.1202391
v 0.0172420 1.7309194 -0.1201493
v 0.0182859 1.7275069 -0.1200258
v 0.0180165 1.7405955 -0.1202952
v 0.0377392 1.7514728 -0.1175226
v 0.0171409 1.7342757 -0.1182297
v 0.0419038 1.7501033 -0.1172981
v 0.0204187 1.7445019 -0.1180052
v 0.0477521 1.7454448 -0.1166358
v 0.0495145 1.7427508 -0.1162878
v 0.0512544 1.7371606 -0.1155918
v 0.0514003 1.7342645 -0.1153224
v 0.0278386 1.7185267 -0.1169725
v 0.0496380 1.7271140 -0.1150867
v 0.0477746 1.7241057 -0.1150867
v 0.0445754 1.7209065 -0.1152551
v 0.0395802 1.7182573 -0.1156367
v 0.0330022 1.7173818 -0.1163102
v 0.0511197 1.7315929 -0.1151989
v 0.0245384 1.7202666 -0.1174103
v 0.0204636 1.7242404 -0.1177807
v 0.0506370 1.7400006 -0.1159286
v 0.0235954 1.7478695 -0.1178930
v 0.0279284 1.7504401 -0.1177471
v 0.0452377 1.7479930 -0.1169837
v 0.0174216 1.7374525 -0.1181848
v 0.0329012 1.7516861 -0.1176348
v 0.0174328 1.7312000 -0.1181624
v 0.0184655 1.7277875 -0.1179716
v 0.0184318 1.7409098 -0.1180950
v 0.0372678 1.7507544 -0.1149295
v 0.0177134 1.7346013 -0.1159286
v 0.0411517 1.7495757 -0.1147948
v 0.0211371 1.7443560 -0.1155132
v 0.0468429 1.7452652 -0.1143234
v 0.0486053 1.7427059 -0.1141213
v 0.0503227 1.7373739 -0.1134815
v 0.0504574 1.7345339 -0.1131896
v 0.0279284 1.7195258 -0.1142111
v 0.0487512 1.7277202 -0.1127743
v 0.0468990 1.7248914 -0.1125835
v 0.0437672 1.7218494 -0.1125835
v 0.0390301 1.7193799 -0.1128304
v 0.0328563 1.7185267 -0.1134478
v 0.0501992 1.7319409 -0.1130549
v 0.0247741 1.7210973 -0.1148060
v 0.0208677 1.7248578 -0.1153336
v 0.0497278 1.7401016 -0.1138407
v 0.0241118 1.7473644 -0.1153112
v 0.0281304 1.7496767 -0.1150755
v 0.0443397 1.7476562 -0.1145591
v 0.0180838 1.7376882 -0.1158051
v 0.0327664 1.7508554 -0.1149520
v 0.0179491 1.7316266 -0.1158612
v 0.0189482 1.7283151 -0.1155918
v 0.0191727 1.7410221 -0.1156479
v 0.0367963 1.7492614 -0.1118650
v 0.0190717 1.7349268 -0.1127855
v 0.0401863 1.7483073 -0.1117865
v 0.0224954 1.7437386 -0.1123702
v 0.0453724 1.7445131 -0.1114273
v 0.0470562 1.7422569 -0.1113262
v 0.0485940 1.7374412 -0.1107425
v 0.0487063 1.7348145 -0.1104619
v 0.0284784 1.7213218 -0.1109446
v 0.0471347 1.7286856 -0.1100129
v 0.0453612 1.7262048 -0.1097210
v 0.0424763 1.7235220 -0.1096200
v 0.0383005 1.7213667 -0.1097771
v 0.0329012 1.7205810 -0.1102374
v 0.0484930 1.7324348 -0.1103496
v 0.0255599 1.7226127 -0.1115844
v 0.0219790 1.7259803 -0.1121120
v 0.0480889 1.7399332 -0.1111017
v 0.0251557 1.7462867 -0.1121793
v 0.0287141 1.7482287 -0.1119099
v 0.0430375 1.7466459 -0.1115844
v 0.0195319 1.7377668 -0.1126284
v 0.0328338 1.7492726 -0.1118201
v 0.0192513 1.7322103 -0.1127182
v 0.0201942 1.7291683 -0.1123926
v 0.0206544 1.7408088 -0.1124600
v 0.0379188 1.7297744 -0.1044788
v 0.0371106 1.7285396 -0.1047370
v 0.0363361 1.7273947 -0.1050738
v 0.0340910 1.7270467 -0.1051524
v 0.0387495 1.7332991 -0.1040860
v 0.0322052 1.7286182 -0.1047033
v 0.0309592 1.7305602 -0.1043778
v 0.0385138 1.7380250 -0.1043778
v 0.0318235 1.7417966 -0.1054442
v 0.0329348 1.7427283 -0.1057473
v 0.0369198 1.7418864 -0.1053993
v 0.0297918 1.7374076 -0.1045125
v 0.0339563 1.7435365 -0.1061289
v 0.0296122 1.7340512 -0.1042992
v 0.0301285 1.7322889 -0.1042768
v 0.0302969 1.7390801 -0.1047707
v 0.0387832 1.7319970 -0.1042207
v 0.0316103 1.7294377 -0.1045350
v 0.0263119 1.7263283 -0.1078576
v 0.0447101 1.7315368 -0.1069596
v 0.0239883 1.7400118 -0.1082842
v 0.0234720 1.7305265 -0.1080597
v 0.0226301 1.7330073 -0.1083179
v 0.0332828 1.7463990 -0.1083179
v 0.0229780 1.7375647 -0.1083179
v 0.0407925 1.7444233 -0.1080260
v 0.0302408 1.7455683 -0.1082617
v 0.0275467 1.7441764 -0.1083291
v 0.0447774 1.7391587 -0.1075321
v 0.0249312 1.7279447 -0.1079138
v 0.0277824 1.7253068 -0.1076780
v 0.0450581 1.7330522 -0.1069821
v 0.0333502 1.7239261 -0.1070157
v 0.0373688 1.7245435 -0.1067688
v 0.0403547 1.7261823 -0.1066229
v 0.0425436 1.7282029 -0.1066453
v 0.0439805 1.7300663 -0.1068361
v 0.0300724 1.7244200 -0.1073413
v 0.0451928 1.7349941 -0.1070382
v 0.0451254 1.7371382 -0.1072515
v 0.0280855 1.5885835 -0.0509008
v 0.0256946 1.6037936 -0.0543245
v 0.0280406 1.6155577 -0.0631812
v 0.0340798 1.6241001 -0.0764270
v 0.0391536 1.6264013 -0.0870685
v 0.0423191 1.6278156 -0.0944659
v 0.0451816 1.6289943 -0.1005163
v 0.0461245 1.6311944 -0.1058034
v 0.0454510 1.6339671 -0.1104843
v 0.0358534 1.6489415 -0.1357523
v 0.0324858 1.6523764 -0.1386709
v 0.0313745 1.6537347 -0.1394791
v 0.0287590 1.6564737 -0.1409608
v 0.0280182 1.6572033 -0.1410619
v 0.0275467 1.6576972 -0.1412864
v 0.0271089 1.6580789 -0.1414660
v 0.0268059 1.6583707 -0.1410843
v 0.0265701 1.6586065 -0.1401751
v 0.0266824 1.6588085 -0.1384576
v 0.0274457 1.6588759 -0.1360330
v 0.0272436 1.6580901 -0.1344502
v 0.0274794 1.6568553 -0.1333501
v 0.0277488 1.6561257 -0.1322501
v 0.0286468 1.6549695 -0.1297244
v 0.0312510 1.6545092 -0.1241679
v 0.0336083 1.6547786 -0.1125947
v 0.0370096 1.6556542 -0.0952292
v 0.0354493 1.6558450 -0.0733625
v 0.0293764 1.6559685 -0.0492507
v 0.0212381 1.6566196 -0.0455688
v 0.0221698 1.6643201 -0.0453443
v 0.0324409 1.6734238 -0.0539092
v 0.0363024 1.6813600 -0.0735982
v 0.0363136 1.6851317 -0.0961609
v 0.0315429 1.6817080 -0.1159173
v 0.0291182 1.6768924 -0.1277263
v 0.0265589 1.6719757 -0.1335073
v 0.0256609 1.6680469 -0.1355278
v 0.0255262 1.6648028 -0.1363024
v 0.0256160 1.6616934 -0.1367851
v 0.0258629 1.6601331 -0.1386260
v 0.0259864 1.6594371 -0.1403322
v 0.0263905 1.6590442 -0.1415109
v 0.0269293 1.6589544 -0.1420609
v 0.0274232 1.6589993 -0.1421732
v 0.0279508 1.6590330 -0.1420497
v 0.0289050 1.6592238 -0.1419374
v 0.0297693 1.6593585 -0.1415782
v 0.0321378 1.6607617 -0.1407027
v 0.0336420 1.6614689 -0.1399506
v 0.0726497 1.7342533 -0.1006847
v 0.0707414 1.7423467 -0.1043329
v 0.0679575 1.7501931 -0.1103945
v 0.0641410 1.7573211 -0.1181512
v 0.0577875 1.7639103 -0.1261660
v 0.0492114 1.7688158 -0.1340461
v 0.0388617 1.7723517 -0.1408486
v 0.0281192 1.7748662 -0.1463377
v 0.0173542 1.7761571 -0.1506594
v 0.0068474 1.7764377 -0.1527361
v 0.0347533 1.7404721 -0.1405343
v 0.0389852 1.7405731 -0.1399730
v 0.0429253 1.7400006 -0.1391648
v 0.0460571 1.7389903 -0.1378627
v 0.0482124 1.7378790 -0.1366503
v 0.0493012 1.7368351 -0.1356289
v 0.0498176 1.7360269 -0.1347533
v 0.0499298 1.7351401 -0.1340573
v 0.0497053 1.7343206 -0.1339338
v 0.0492563 1.7335012 -0.1340349
v 0.0477072 1.7319858 -0.1351462
v 0.0460908 1.7307959 -0.1362013
v 0.0438345 1.7297744 -0.1375147
v 0.0395353 1.7289774 -0.1391199
v 0.0348992 1.7288427 -0.1394230
v 0.0307347 1.7291683 -0.1389178
v 0.0267385 1.7297969 -0.1382107
v 0.0225852 1.7307398 -0.1370994
v 0.0303193 1.7395853 -0.1399618
v 0.0261885 1.7381148 -0.1388505
v 0.0232026 1.7363187 -0.1387382
v 0.0200819 1.7343206 -0.1388280
v 0.0192737 1.7335685 -0.1378178
v 0.0191278 1.7326368 -0.1371106
v 0.0197115 1.7317613 -0.1370432
v 0.0213167 1.7351513 -0.1387158
v 0.0174328 1.7307173 -0.1385362
v 0.0248863 1.7406853 -0.1399169
v 0.0213504 1.7384066 -0.1396138
v 0.0439580 1.7427845 -0.1375259
v 0.0510074 1.7394057 -0.1339787
v 0.0525116 1.7378341 -0.1325307
v 0.0531290 1.7364198 -0.1314306
v 0.0532862 1.7350615 -0.1308469
v 0.0532188 1.7336247 -0.1307010
v 0.0508391 1.7287080 -0.1317449
v 0.0527698 1.7320195 -0.1303867
v 0.0408823 1.7243414 -0.1373351
v 0.0453163 1.7254078 -0.1352584
v 0.0356738 1.7241506 -0.1387382
v 0.0299938 1.7246669 -0.1388842
v 0.0198013 1.7285060 -0.1374586
v 0.0252006 1.7258905 -0.1383678
v 0.0486053 1.7269569 -0.1337318
v 0.0192849 1.7366779 -0.1394791
v 0.0170624 1.7323001 -0.1393556
v 0.0180277 1.7351064 -0.1395577
v 0.0173093 1.7337257 -0.1396138
v 0.0294887 1.7425038 -0.1399730
v 0.0392771 1.7435927 -0.1393332
v 0.0344951 1.7434916 -0.1400516
v 0.0480889 1.7412578 -0.1358758
v 0.0391648 1.6971988 -0.1419599
v 0.0106527 1.6962559 -0.1651624
v 0.0194084 1.6907443 -0.1490991
v 0.0037492 1.6961324 -0.1695964
v 0.0072739 1.6963120 -0.1681371
v 0.0181736 1.6935057 -0.1542403
v 0.0192288 1.6917433 -0.1513442
v 0.0136499 1.6958967 -0.1621428
v 0.0239771 1.7087383 -0.1444743
v 0.0317674 1.7041023 -0.1446203
v 0.0374923 1.7070321 -0.1426222
v 0.0272212 1.7115110 -0.1437896
v 0.0038952 1.7184257 -0.1558006
v 0.0072178 1.7168317 -0.1539372
v 0.0558231 1.6964130 -0.1297917
v 0.0617051 1.7005888 -0.1238087
v 0.0266487 1.6928210 -0.1452938
v 0.0308020 1.6866583 -0.1439467
v 0.0191951 1.6949537 -0.1489981
v 0.0075658 1.7023175 -0.1647022
v 0.0020767 1.6773301 -0.1576303
v 0.0099792 1.6786098 -0.1542740
v 0.0041982 1.6778353 -0.1569905
v 0.0256160 1.6851429 -0.1456979
v 0.0507156 1.7312337 -0.1321041
v 0.0494584 1.7321093 -0.1334399
v 0.0482124 1.7330410 -0.1347645
v 0.0237975 1.7293703 -0.1377055
v 0.0248976 1.7308857 -0.1373351
v 0.0232026 1.7283713 -0.1377504
v 0.0207779 1.7255201 -0.1378627
v 0.0537015 1.7294713 -0.1292866
v 0.0195656 1.7236791 -0.1398944
v 0.0560700 1.7280906 -0.1277151
v 0.0204187 1.7147102 -0.1434079
v 0.0613683 1.7243077 -0.1224953
v 0.0152888 1.7030471 -0.1512881
v 0.0646910 1.7221413 -0.1194645
v 0.0117865 1.7215800 -0.1460908
v 0.0674300 1.7197054 -0.1156704
v 0.0762867 1.7021603 -0.0808161
v 0.0156816 1.7010939 -0.1542964
v 0.0159286 1.6991071 -0.1561935
v 0.0159174 1.6931016 -0.1585845
v 0.0162317 1.6971314 -0.1574283
v 0.0777235 1.6972886 -0.0617444
v 0.0771286 1.6979846 -0.0681428
v 0.0586294 1.7263619 -0.1251669
v 0.0157490 1.7179093 -0.1443509
v 0.0478981 1.7330410 -0.1330583
v 0.0254813 1.7310765 -0.1360442
v 0.0482685 1.7330746 -0.1293652
v 0.0257395 1.7313347 -0.1327664
v 0.0501319 1.7311551 -0.1295560
v 0.0238312 1.7267212 -0.1332491
v 0.0513667 1.7300775 -0.1257506
v 0.0226862 1.7238924 -0.1293539
v 0.0517259 1.7293815 -0.1220463
v 0.0222260 1.7222647 -0.1253578
v 0.0515238 1.7291121 -0.1192288
v 0.0222260 1.7216586 -0.1222596
v 0.0511309 1.7291458 -0.1171072
v 0.0223045 1.7216361 -0.1198686
v 0.0505697 1.7294040 -0.1151316
v 0.0224392 1.7219729 -0.1176348
v 0.0496716 1.7298754 -0.1129427
v 0.0227648 1.7226688 -0.1151316
v 0.0480215 1.7305826 -0.1102486
v 0.0237077 1.7239710 -0.1119436
v 0.0439692 1.7410109 -0.1077342
v 0.0426110 1.7427845 -0.1078576
v 0.0254700 1.7422905 -0.1083403
v 0.0386934 1.7457030 -0.1082505
v 0.0225066 1.7352411 -0.1083964
v 0.0362799 1.7464439 -0.1083964
v 0.0486165 1.7327379 -0.1344278
v 0.0244598 1.7302908 -0.1375708
v 0.0520738 1.7303806 -0.1306336
v 0.0221249 1.7270691 -0.1376606
v 0.0164562 1.6950660 -0.1578324
v 0.0181624 1.7217371 -0.1414772
v 0.0526351 1.7018685 -0.1331818
v 0.0137172 1.6791149 -0.1522534
v 0.0208453 1.6840540 -0.1470561
v 0.0184094 1.6801589 -0.1494696
v 0.0067800 1.6783067 -0.1556547
v 0.0197227 1.6902392 -0.1468990
v 0.0408823 1.6691469 -0.1365381
v 0.0380760 1.6750177 -0.1394230
v 0.0370545 1.6531847 -0.1359207
v 0.0373576 1.6575850 -0.1366616
v 0.0361565 1.6621199 -0.1383341
v 0.0337318 1.6665090 -0.1409496
v 0.0225852 1.6911708 -0.1461020
v 0.0323399 1.6950436 -0.1444856
v 0.0365381 1.6886676 -0.1415558
v 0.0365157 1.6679009 -0.1388056
v 0.0432284 1.6909127 -0.1388729
v 0.0605713 1.6854123 -0.1208677
v 0.0653196 1.6905086 -0.1144244
v 0.0617724 1.6790588 -0.1148285
v 0.0662850 1.6849184 -0.1080597
v 0.0392883 1.6626700 -0.1362013
v 0.0404894 1.6569788 -0.1339900
v 0.0075883 1.6277371 -0.1491440
v 0.0152888 1.6296566 -0.1460571
v 0.0223382 1.6329792 -0.1413874
v 0.0289611 1.6370652 -0.1371443
v 0.0345064 1.6414767 -0.1337879
v 0.0378403 1.6461352 -0.1325531
v 0.0397485 1.6513999 -0.1327215
v 0.0314980 1.6283657 -0.1315541
v 0.0246731 1.6226408 -0.1366279
v 0.0169725 1.6184426 -0.1414772
v 0.0085200 1.6164669 -0.1438682
v 0.0450356 1.6478976 -0.1239658
v 0.0417242 1.6407359 -0.1244036
v 0.0372004 1.6343263 -0.1271987
v 0.0471796 1.6635119 -0.1293876
v 0.0469551 1.6558001 -0.1259527
v 0.0657013 1.7054718 -0.1184430
v 0.0691137 1.6969069 -0.1086658
v 0.0700230 1.6920352 -0.1022787
v 0.0684066 1.7110732 -0.1140203
v 0.0714935 1.7037880 -0.1039962
v 0.0727170 1.6998030 -0.0976651
v 0.0698322 1.7169328 -0.1110456
v 0.0728068 1.7109946 -0.1007970
v 0.0741539 1.7079862 -0.0945221
v 0.0701352 1.7227923 -0.1096088
v 0.0734018 1.7185043 -0.0992254
v 0.0748049 1.7164501 -0.0929954
v 0.0699556 1.7286631 -0.1094965
v 0.0734691 1.7263170 -0.0992591
v 0.0750294 1.7252282 -0.0931301
v 0.0412415 1.7836443 -0.1376494
v 0.0619408 1.7723293 -0.1197901
v 0.0067913 1.7887518 -0.1496716
v 0.0179604 1.7887181 -0.1476735
v 0.0758489 1.7344329 -0.0887972
v 0.0292754 1.7868659 -0.1434753
v 0.0526239 1.7788511 -0.1297356
v 0.0740304 1.7451754 -0.0936353
v 0.0715159 1.7553230 -0.1002245
v 0.0680586 1.7642134 -0.1096200
v 0.0761969 1.7143846 -0.0864287
v 0.0766010 1.7242853 -0.0870124
v 0.0754111 1.7049442 -0.0877083
v 0.0739294 1.6958069 -0.0908177
v 0.0707863 1.6870175 -0.0949711
v 0.0670595 1.6786996 -0.1003929
v 0.0435202 1.6563951 -0.1306112
v 0.0623898 1.6716277 -0.1078576
v 0.0285794 1.7166409 -0.1417803
v 0.0303418 1.6318567 -0.1344278
v 0.0424201 1.6495701 -0.1285906
v 0.0235730 1.6271534 -0.1394679
v 0.0080934 1.6214734 -0.1468092
v 0.0164674 1.6232694 -0.1445754
v 0.0398047 1.6433177 -0.1287029
v 0.0357411 1.6375816 -0.1308245
v 0.0429590 1.6631863 -0.1336195
v 0.0363248 1.7151816 -0.1404108
v 0.0080485 1.6137168 -0.1416793
v 0.0169052 1.6160179 -0.1390076
v 0.0246618 1.6200927 -0.1342594
v 0.0316776 1.6258176 -0.1288713
v 0.0383903 1.6316771 -0.1234607
v 0.0435539 1.6384572 -0.1199697
v 0.0476736 1.6462811 -0.1185216
v 0.0511309 1.6551042 -0.1187573
v 0.0575854 1.7923551 -0.1204299
v 0.0670932 1.7832065 -0.1092271
v 0.0446652 1.7984055 -0.1294887
v 0.0313633 1.8028170 -0.1376157
v 0.0745019 1.7608571 -0.0896840
v 0.0722793 1.7722956 -0.0989336
v 0.0779480 1.7109834 -0.0752371
v 0.0781613 1.7227250 -0.0765729
v 0.0771735 1.7350503 -0.0791435
v 0.0747151 1.6884207 -0.0752371
v 0.0758713 1.7484307 -0.0825111
v 0.0621541 1.6553624 -0.0907055
v 0.0671381 1.6647579 -0.0824325
v 0.0711567 1.6757025 -0.0768423
v 0.0070382 1.8055559 -0.1437784
v 0.0176124 1.8048488 -0.1423640
v 0.0766010 1.6995673 -0.0750351
v 0.0150306 1.7248353 -0.1420385
v 0.0221025 1.7190431 -0.1416231
v 0.0367065 1.7117467 -0.1413537
v 0.0267610 1.7007796 -0.1452826
v 0.0214177 1.7051799 -0.1455969
v 0.0158949 1.7055616 -0.1489981
v 0.0171858 1.7086036 -0.1469663
v 0.0131447 1.7083342 -0.1519054
v 0.0137734 1.7116457 -0.1493349
v 0.0103160 1.7106242 -0.1546444
v 0.0105742 1.7144407 -0.1518156
v 0.0298254 1.6718073 -0.1442162
v 0.0480889 1.7647186 -0.1352472
v 0.0563058 1.7603183 -0.1281753
v 0.0624347 1.7545597 -0.1210810
v 0.0662962 1.7482736 -0.1142897
v 0.0689566 1.7414599 -0.1090251
v 0.0708649 1.7344778 -0.1058708
v 0.0171634 1.7705108 -0.1510411
v 0.0067464 1.6854684 0.0385980
v 0.0179155 1.6852776 0.0381040
v 0.0298928 1.6841214 0.0363305
v 0.0402425 1.6836724 0.0304597
v 0.0490992 1.6830550 0.0221530
v 0.0551159 1.6831673 0.0091879
v 0.0596397 1.6843010 -0.0044171
v 0.0624684 1.6878370 -0.0147219
v 0.0643992 1.6916872 -0.0223326
v 0.0641522 1.6861083 -0.0260145
v 0.0613571 1.6814273 -0.0193467
v 0.0544648 1.6758035 0.0065050
v 0.0489757 1.6758035 0.0195600
v 0.0397485 1.6765556 0.0291014
v 0.0290958 1.6777567 0.0345120
v 0.0175787 1.6796650 0.0360386
v 0.0064994 1.6804732 0.0366897
v 0.0582589 1.6768699 -0.0088286
v 0.0438233 1.6765556 -0.1362575
v 0.0493461 1.6785874 -0.1322613
v 0.0460796 1.6701909 -0.1330021
v 0.0511983 1.6718410 -0.1278947
v 0.0519391 1.6640731 -0.1231801
v 0.0075321 1.6112248 -0.1383341
v 0.0166021 1.6133239 -0.1358983
v 0.0249537 1.6176456 -0.1309816
v 0.0323511 1.6236399 -0.1251894
v 0.0391648 1.6297015 -0.1198574
v 0.0448111 1.6364254 -0.1152438
v 0.0499635 1.6444514 -0.1118875
v 0.0559466 1.6552501 -0.1088567
v 0.0569344 1.6663294 -0.1155806
v 0.0565527 1.6744677 -0.1218667
v 0.0553292 1.6813263 -0.1271650
v 0.0281192 1.7141152 -0.1428691
v 0.0495594 1.6934720 -0.1348319
v 0.0449121 1.6996908 -0.1381433
v 0.0215749 1.7169889 -0.1426446
v 0.0168940 1.7199299 -0.1427681
v 0.0385474 1.7309306 -0.1043441
v 0.0330808 1.7278212 -0.1048942
v 0.0386821 1.7348482 -0.1040411
v 0.0386260 1.7364759 -0.1041421
v 0.0381995 1.7394618 -0.1046809
v 0.0376270 1.7407527 -0.1050176
v 0.0309480 1.7405843 -0.1051075
v 0.0362350 1.7427957 -0.1057697
v 0.0295224 1.7357238 -0.1043778
v 0.0356289 1.7435814 -0.1061738
v 0.0277712 1.7696240 -0.1469327
v 0.0070158 1.7705894 -0.1532974
v 0.0292417 1.6791486 -0.1440927
v 0.0346860 1.6807089 -0.1417129
v 0.0580793 1.6910586 -0.1250435
v 0.0636807 1.6957620 -0.1195880
v 0.0678790 1.7013409 -0.1141662
v 0.0702138 1.7074699 -0.1096649
v 0.0712914 1.7139805 -0.1062973
v 0.0716956 1.7206595 -0.1049391
v 0.0716506 1.7274957 -0.1047482
v 0.0257844 1.6774424 -0.1463265
v 0.0466745 1.6847612 -0.1358983
v 0.0407364 1.6826846 -0.1391985
v 0.0526576 1.6874777 -0.1312959
v 0.0114273 1.6736819 -0.1557108
v 0.0147163 1.6461240 -0.1497277
v 0.0060167 1.6446872 -0.1518044
v 0.0293428 1.6558114 -0.1407588
v 0.0304765 1.6599198 -0.1413874
v 0.0194309 1.6706399 -0.1513891
v 0.0188359 1.6750514 -0.1505921
v 0.0020767 1.6749279 -0.1580681
v 0.0045911 1.6755229 -0.1575742
v 0.0074872 1.6760617 -0.1562833
v 0.0106640 1.6763872 -0.1545995
v 0.0104170 1.6808661 -0.1445641
v 0.0103497 1.6746136 -0.1471684
v 0.0108099 1.6697307 -0.1476174
v 0.0112701 1.6646232 -0.1476848
v 0.0163103 1.6677326 -0.1557108
v 0.0159847 1.6665202 -0.1557781
v 0.0150418 1.6619965 -0.1546332
v 0.0161419 1.6695061 -0.1552955
v 0.0166133 1.6959752 -0.0751024
v 0.0174665 1.7003755 -0.0973396
v 0.0124376 1.6973335 -0.1198237
v 0.0113150 1.6893075 -0.1353931
v 0.0121794 1.6609525 -0.1493349
v 0.0122804 1.6598637 -0.1503676
v 0.0155020 1.6642191 -0.1550934
v 0.0144581 1.6593585 -0.1543862
v 0.0144918 1.6760954 -0.1527249
v 0.0152439 1.6727390 -0.1534770
v 0.0101476 1.6675754 -0.0461189
v 0.0134591 1.6835826 -0.0571757
v 0.0716956 1.8148392 0.0019476
v 0.0838076 1.7704771 -0.0220969
v 0.0190380 1.8482455 0.0230959
v 0.0341584 1.8448555 0.0214009
v 0.0807543 1.7408762 -0.0235000
v 0.0425436 1.7909631 0.0516417
v 0.0538362 1.7861475 0.0434248
v 0.0764214 1.7636522 0.0059999
v 0.0805410 1.7483971 -0.0165404
v 0.0630409 1.7792552 0.0300219
v 0.0707302 1.7717905 0.0178986
v 0.0797440 1.7555812 -0.0069204
v 0.0155918 1.7952512 0.0582084
v 0.0294213 1.7938593 0.0566145
v 0.0776449 1.7309531 -0.0192008
v 0.0705843 1.7405057 0.0117472
v 0.0766234 1.7352860 -0.0111523
v 0.0480889 1.7489471 0.0477016
v 0.0570466 1.7466908 0.0367009
v 0.0646461 1.7437611 0.0243195
v 0.0377168 1.7503503 0.0548521
v 0.0752652 1.7382382 -0.0002750
v 0.0128192 1.7514728 0.0616209
v 0.0255711 1.7508442 0.0597463
v 0.0780266 1.7673789 -0.0778750
v 0.0840770 1.7779531 -0.0463434
v 0.0830555 1.7770775 -0.0561542
v 0.0816523 1.7747539 -0.0646180
v 0.0783970 1.7522922 -0.0725431
v 0.0830667 1.7641012 -0.0464556
v 0.0824269 1.7632817 -0.0538306
v 0.0809676 1.7605652 -0.0612168
v 0.0791154 1.7360718 -0.0669753
v 0.0821911 1.7528984 -0.0467250
v 0.0817309 1.7518095 -0.0523264
v 0.0807319 1.7487563 -0.0581186
v 0.0698883 1.6843235 -0.0410226
v 0.0680024 1.6878257 -0.0350620
v 0.0710333 1.7066392 -0.0221081
v 0.0685637 1.6956160 -0.0275074
v 0.0678228 1.6910698 -0.0312342
v 0.0789920 1.7213330 -0.0655497
v 0.0796093 1.7076046 -0.0541225
v 0.0923163 1.7416058 -0.0362182
v 0.0808666 1.6918780 -0.0507437
v 0.0881405 1.7411905 -0.0434809
v 0.0954818 1.7377780 -0.0275187
v 0.0961553 1.7310541 -0.0230735
v 0.0910254 1.7140479 -0.0218948
v 0.0937868 1.7205810 -0.0205927
v 0.0835382 1.6860409 -0.0462087
v 0.0795195 1.6997357 -0.0530448
v 0.0961441 1.7345002 -0.0252063
v 0.0957624 1.7268446 -0.0216928
v 0.0801594 1.7213667 -0.0557726
v 0.0843464 1.7387546 -0.0467699
v 0.0816636 1.7349492 -0.0501712
v 0.0811247 1.7310765 -0.0530673
v 0.0840994 1.6865685 -0.0403042
v 0.0834259 1.6891054 -0.0365101
v 0.0878599 1.7076944 -0.0235674
v 0.0855026 1.6988489 -0.0280687
v 0.0841331 1.6933373 -0.0317393
v 0.0799573 1.7148673 -0.0553685
v 0.0818993 1.7081209 -0.0514284
v 0.0945164 1.7395628 -0.0361733
v 0.0814952 1.6948190 -0.0491497
v 0.0903631 1.7388781 -0.0437616
v 0.0978728 1.7372729 -0.0292137
v 0.0987035 1.7295948 -0.0240950
v 0.0935511 1.7143622 -0.0223663
v 0.0958073 1.7202217 -0.0217377
v 0.0828534 1.6912382 -0.0456025
v 0.0821238 1.7015654 -0.0512151
v 0.0986586 1.7328950 -0.0259920
v 0.0979401 1.7256435 -0.0228826
v 0.0809676 1.7196493 -0.0527305
v 0.0873660 1.7369586 -0.0469383
v 0.0848852 1.7322440 -0.0495313
v 0.0830330 1.7287754 -0.0510580
v 0.0843239 1.6910025 -0.0413369
v 0.0849189 1.6923944 -0.0369927
v 0.0913734 1.7091424 -0.0238143
v 0.0885783 1.7012960 -0.0284616
v 0.0861087 1.6952568 -0.0332435
v 0.0808104 1.7141264 -0.0523938
v 0.0838300 1.7079413 -0.0495762
v 0.0938991 1.7380923 -0.0361958
v 0.0817646 1.6973110 -0.0478588
v 0.0908009 1.7366667 -0.0439299
v 0.0972779 1.7358136 -0.0303362
v 0.0975585 1.7284162 -0.0255655
v 0.0943032 1.7137448 -0.0238817
v 0.0962788 1.7198401 -0.0240388
v 0.0828983 1.6944037 -0.0448167
v 0.0831790 1.7032941 -0.0491497
v 0.0981534 1.7319297 -0.0270696
v 0.0969523 1.7243414 -0.0244429
v 0.0818319 1.7184257 -0.0507549
v 0.0877589 1.7338941 -0.0465566
v 0.0853791 1.7303469 -0.0486109
v 0.0840096 1.7269793 -0.0499803
v 0.0839311 1.6936628 -0.0411798
v 0.0852107 1.6946619 -0.0375091
v 0.0921367 1.7103997 -0.0253185
v 0.0891171 1.7029910 -0.0296851
v 0.0867935 1.6975468 -0.0338834
v 0.0817197 1.7135203 -0.0503171
v 0.0805747 1.7094343 -0.0472863
v 0.0912162 1.7350615 -0.0362070
v 0.0771622 1.7019920 -0.0460852
v 0.0865690 1.7345900 -0.0419543
v 0.0924286 1.7339165 -0.0317955
v 0.0943256 1.7271028 -0.0276085
v 0.0917999 1.7134193 -0.0275187
v 0.0930010 1.7184257 -0.0268115
v 0.0829096 1.6987703 -0.0437391
v 0.0784531 1.7055504 -0.0469608
v 0.0965033 1.7308520 -0.0293147
v 0.0944603 1.7233087 -0.0269574
v 0.0826177 1.7170675 -0.0486445
v 0.0848291 1.7325358 -0.0439748
v 0.0838076 1.7279223 -0.0465342
v 0.0833473 1.7245547 -0.0477914
v 0.0838749 1.6980519 -0.0409440
v 0.0851658 1.6990510 -0.0379806
v 0.0902733 1.7112528 -0.0279564
v 0.0881293 1.7057187 -0.0314026
v 0.0865353 1.7007123 -0.0351181
v 0.0814615 1.7132284 -0.0481506
v 0.0770612 1.7119936 -0.0451759
v 0.0890498 1.7284835 -0.0378346
v 0.0771398 1.7084353 -0.0417073
v 0.0851771 1.7287192 -0.0406073
v 0.0920132 1.7275069 -0.0359488
v 0.0937756 1.7246220 -0.0327945
v 0.0915305 1.7155408 -0.0307964
v 0.0926531 1.7178757 -0.0309087
v 0.0787225 1.7066168 -0.0400797
v 0.0764550 1.7100966 -0.0437054
v 0.0931806 1.7263844 -0.0343211
v 0.0938205 1.7217035 -0.0316832
v 0.0822136 1.7160572 -0.0463658
v 0.0832239 1.7276977 -0.0429309
v 0.0831341 1.7246557 -0.0443004
v 0.0824381 1.7212769 -0.0451086
v 0.0814503 1.7055167 -0.0388225
v 0.0861649 1.7050677 -0.0376775
v 0.0908795 1.7132172 -0.0314138
v 0.0886681 1.7083005 -0.0342089
v 0.0874895 1.7059769 -0.0361509
v 0.0798002 1.7138346 -0.0458046
v 0.0835045 1.7167756 -0.0440759
v 0.0875568 1.7131947 -0.0337487
v 0.0887804 1.7119487 -0.0331874
v 0.0830555 1.7176512 -0.0451647
v 0.0796206 1.7139805 -0.0443453
v 0.0858842 1.7081771 -0.0356569
v 0.0870741 1.7099282 -0.0340068
v 0.0897457 1.7140366 -0.0324690
v 0.0830667 1.7075372 -0.0364764
v 0.0801706 1.7079638 -0.0372285
v 0.0823258 1.7196493 -0.0440310
v 0.0823034 1.7220627 -0.0429197
v 0.0848964 1.7247680 -0.0423247
v 0.0821013 1.7156082 -0.0453331
v 0.0923837 1.7209963 -0.0331874
v 0.0916203 1.7240383 -0.0354437
v 0.0777010 1.7111742 -0.0420217
v 0.0791716 1.7086710 -0.0390806
v 0.0915081 1.7178644 -0.0323567
v 0.0907784 1.7159674 -0.0323231
v 0.0922153 1.7228821 -0.0342538
v 0.0907335 1.7248578 -0.0369142
v 0.0071841 1.6915188 0.0409328
v 0.0182635 1.6919005 0.0405287
v 0.0303755 1.6918331 0.0382949
v 0.0646461 1.8148617 -0.0988887
v 0.0514452 1.8252001 -0.1087781
v 0.0409272 1.6922036 0.0326710
v 0.0742325 1.8013577 -0.0879665
v 0.0791491 1.7866190 -0.0785710
v 0.0497502 1.6918668 0.0237470
v 0.0370545 1.8320924 -0.1159622
v 0.0089353 1.8380530 -0.1220126
v 0.0559802 1.6922821 0.0116911
v 0.0639614 1.6952793 -0.0108716
v 0.0658584 1.6979846 -0.0185385
v 0.0207442 1.8357967 -0.1205085
v 0.0605264 1.6928771 -0.0014873
v 0.0800471 1.7712067 -0.0715889
v 0.0796430 1.7567711 -0.0669866
v 0.0797889 1.7439182 -0.0626985
v 0.0697760 1.7010154 -0.0244654
v 0.0804737 1.7267436 -0.0549082
v 0.0866812 1.7032716 -0.0258124
v 0.0817309 1.7245322 -0.0523601
v 0.0899702 1.7052136 -0.0261380
v 0.0827075 1.7229158 -0.0507212
v 0.0904978 1.7062351 -0.0277207
v 0.0832912 1.7209065 -0.0486109
v 0.0891845 1.7081883 -0.0297076
v 0.0830443 1.7186278 -0.0461301
v 0.0898131 1.7107813 -0.0325700
v 0.0876354 1.7257558 -0.0409328
v 0.0781276 1.7097486 -0.0406185
v 0.0896447 1.7253404 -0.0385867
v 0.0777459 1.7126223 -0.0431779
v 0.0863782 1.7319746 -0.0412022
v 0.0801145 1.7135876 -0.0469046
v 0.0769041 1.7111069 -0.0464781
v 0.0887130 1.7068749 -0.0333558
v 0.0869282 1.7028788 -0.0357355
v 0.0832575 1.7259466 -0.0450412
v 0.0846831 1.7304143 -0.0430656
v 0.0757703 1.7086149 -0.0451647
v 0.0942470 1.7262048 -0.0305158
v 0.0946736 1.7226464 -0.0291800
v 0.0840882 1.7020256 -0.0408542
v 0.0804849 1.7033502 -0.0421339
v 0.0823258 1.7163939 -0.0472414
v 0.0825728 1.7226352 -0.0460403
v 0.0933490 1.7292693 -0.0322220
v 0.0927092 1.7306051 -0.0344109
v 0.0917326 1.7148898 -0.0289330
v 0.0925296 1.7178308 -0.0286187
v 0.0910815 1.7124314 -0.0294382
v 0.0859965 1.7017899 -0.0382163
v 0.0765112 1.7059994 -0.0436156
v 0.0912050 1.7319409 -0.0369815
v 0.0830779 1.7194809 -0.0470057
v 0.0899815 1.7096813 -0.0314812
v 0.0854801 1.7112977 -0.0356794
v 0.0813717 1.7134978 -0.0414492
v 0.0841331 1.7169777 -0.0417859
v 0.0815625 1.7180328 -0.0404501
v 0.0878936 1.7228597 -0.0370264
v 0.0866251 1.6998816 -0.0347028
v 0.0820115 1.7133070 -0.0488915
v 0.0909693 1.7363749 -0.0362070
v 0.0829994 1.7216249 -0.0407981
v 0.0823146 1.7149571 -0.0441993
v 0.0971207 1.7312449 -0.0284616
v 0.0838974 1.7256099 -0.0489027
v 0.0833698 1.7089404 -0.0477353
v 0.0829545 1.6968171 -0.0443340
v 0.0833698 1.7092996 -0.0361060
v 0.0822360 1.7095914 -0.0372285
v 0.0903743 1.7205248 -0.0344109
v 0.0891171 1.7222760 -0.0360835
v 0.0873772 1.7185941 -0.0339619
v 0.0867598 1.7232189 -0.0381602
v 0.0787787 1.7129702 -0.0409777
v 0.0864118 1.7174491 -0.0336589
v 0.0869843 1.7205360 -0.0354100
v 0.0795644 1.7140254 -0.0426503
v 0.0852332 1.7099507 -0.0353426
v 0.0865690 1.7114099 -0.0344334
v 0.0877701 1.7150245 -0.0330302
v 0.0822248 1.7180328 -0.0428748
v 0.0815176 1.7195595 -0.0414828
v 0.0875568 1.7199748 -0.0345905
v 0.0862884 1.7209738 -0.0363417
v 0.0847280 1.7104221 -0.0363866
v 0.0844137 1.7108711 -0.0371387
v 0.0898467 1.7078628 -0.0294606
v 0.0832126 1.7217484 -0.0495538
v 0.0792389 1.7121620 -0.0403603
v 0.0810462 1.7103884 -0.0383173
v 0.0896784 1.7180889 -0.0334119
v 0.0824269 1.7124988 -0.0401246
v 0.0838637 1.7114661 -0.0381602
v 0.0886344 1.7166409 -0.0330639
v 0.0899590 1.7214902 -0.0352079
v 0.0855924 1.7212994 -0.0373856
v 0.0843352 1.7160909 -0.0428972
v 0.0861312 1.7144071 -0.0341864
v 0.0846495 1.7227025 -0.0402930
v 0.0801369 1.7112865 -0.0394847
v 0.0847842 1.7216137 -0.0382837
v 0.0816860 1.7130039 -0.0408430
v 0.0946624 1.7238699 -0.0261043
v 0.0852669 1.7335798 -0.0447157
v 0.0800696 1.7005439 -0.0465903
v 0.0858842 1.7160460 -0.0336027
v 0.0860414 1.7127345 -0.0348824
v 0.0851771 1.6975580 -0.0378010
v 0.0937980 1.7183808 -0.0262727
v 0.0960880 1.7342084 -0.0312679
v 0.0824493 1.7175838 -0.0494864
v 0.0824044 1.7198962 -0.0397766
v 0.0827749 1.7146091 -0.0426839
v 0.0833698 1.7211085 -0.0393837
v 0.0830892 1.7120161 -0.0391480
v 0.0966380 1.7275181 -0.0267666
v 0.0838862 1.6965926 -0.0409328
v 0.0911264 1.7109834 -0.0278330
v 0.0922265 1.7133295 -0.0271931
v 0.0844025 1.7289213 -0.0476006
v 0.0886232 1.7052024 -0.0310322
v 0.0869057 1.7355779 -0.0427401
v 0.0803839 1.7043156 -0.0478700
v 0.0826289 1.7185829 -0.0374867
v 0.0844137 1.7157878 -0.0389123
v 0.0821013 1.7166746 -0.0379357
v 0.0849974 1.7144520 -0.0395746
v 0.0843239 1.7131611 -0.0398889
v 0.0844474 1.7151030 -0.0412471
v 0.0834259 1.7162143 -0.0352641
v 0.0842341 1.7150357 -0.0358702
v 0.0840096 1.7183696 -0.0354324
v 0.0859404 1.7135764 -0.0358702
v 0.0854240 1.7121396 -0.0364427
v 0.0853005 1.7140928 -0.0382163
v 0.0847393 1.7129253 -0.0386541
v 0.0819105 1.7172134 -0.0393388
v 0.0844250 1.7164388 -0.0406297
v 0.0822809 1.7189645 -0.0386204
v 0.0837065 1.7135203 -0.0409889
v 0.0833137 1.7184594 -0.0364652
v 0.0842903 1.7153500 -0.0376101
v 0.0825616 1.7163490 -0.0366335
v 0.0849974 1.7180665 -0.0345120
v 0.0848740 1.7148000 -0.0346804
v 0.0844474 1.7161358 -0.0344222
v 0.0857046 1.7139693 -0.0370376
v 0.0850985 1.7126447 -0.0374530
v 0.0807431 1.7133631 -0.0475445
v 0.0865914 1.7017226 -0.0352304
v 0.0848178 1.7314470 -0.0434697
v 0.0943930 1.7229944 -0.0280462
v 0.0826626 1.7008919 -0.0432789
v 0.0828759 1.7236118 -0.0468597
v 0.0939552 1.7302683 -0.0304597
v 0.0917550 1.7135203 -0.0282371
v 0.0909580 1.7114548 -0.0286749
v 0.0860189 1.7334114 -0.0413594
v 0.0784082 1.7102537 -0.0468934
v 0.0885671 1.7064484 -0.0318179
v 0.0835157 1.7270018 -0.0457597
v 0.0765785 1.7070882 -0.0460740
v 0.0940450 1.7269906 -0.0286973
v 0.0839760 1.6997469 -0.0409777
v 0.0825054 1.7166970 -0.0479373
v 0.0918448 1.7328389 -0.0326598
v 0.0932031 1.7176848 -0.0276421
v 0.0854577 1.7001510 -0.0380591
v 0.0765448 1.7042819 -0.0449963
v 0.0915979 1.7336134 -0.0367121
v 0.0832014 1.7201881 -0.0477914
v 0.0896110 1.7083791 -0.0303699
v 0.0853454 1.7211198 -0.0257675
v 0.0894202 1.7370820 -0.0313128
v 0.0868721 1.7388781 -0.0365999
v 0.0838076 1.7137336 -0.0269125
v 0.0793063 1.7076832 -0.0563899
v 0.0786664 1.6987479 -0.0548296
v 0.0903182 1.7342870 -0.0279452
v 0.0893977 1.7308184 -0.0267666
v 0.0799461 1.6905647 -0.0523264
v 0.0816972 1.6827182 -0.0469608
v 0.0792277 1.6879829 -0.0368131
v 0.0784980 1.6961324 -0.0360611
v 0.0796767 1.7162031 -0.0578717
v 0.0798675 1.7240720 -0.0583880
v 0.0797440 1.7007909 -0.0332211
v 0.0817085 1.7377780 -0.0507998
v 0.0808553 1.7343880 -0.0544143
v 0.0880844 1.7264405 -0.0257563
v 0.0823371 1.7391812 -0.0474996
v 0.0831453 1.7387546 -0.0430207
v 0.0801145 1.6845929 -0.0403266
v 0.0818768 1.7087720 -0.0292137
v 0.0802380 1.7300326 -0.0569624
v 0.0805410 1.7056514 -0.0309423
v 0.0791828 1.7216024 -0.0253410
v 0.0827749 1.7376770 -0.0317393
v 0.0765561 1.7138907 -0.0262614
v 0.0789807 1.7082107 -0.0595779
v 0.0826289 1.7311776 -0.0272941
v 0.0774990 1.6889370 -0.0539765
v 0.0733906 1.6906994 -0.0379581
v 0.0794859 1.7282702 -0.0615760
v 0.0815289 1.7428967 -0.0513947
v 0.0820452 1.7437049 -0.0415726
v 0.0754111 1.7084353 -0.0276758
v 0.0822248 1.7416507 -0.0343548
v 0.0782399 1.6980407 -0.0574227
v 0.0828422 1.7347809 -0.0291126
v 0.0780378 1.6829764 -0.0476679
v 0.0730875 1.6947068 -0.0350957
v 0.0794522 1.7183135 -0.0612168
v 0.0738396 1.6991295 -0.0322445
v 0.0806533 1.7398771 -0.0558848
v 0.0812594 1.7273049 -0.0260594
v 0.0820564 1.7440641 -0.0472526
v 0.0751080 1.6867144 -0.0430431
v 0.0800134 1.7352748 -0.0592412
v 0.0748498 1.7039901 -0.0296290
v 0.0349329 1.7398098 -0.1395577
v 0.0391761 1.7397424 -0.1389178
v 0.0492226 1.7354881 -0.1341247
v 0.0487512 1.7363973 -0.1347757
v 0.0481226 1.7371157 -0.1353370
v 0.0460683 1.7382831 -0.1366167
v 0.0430263 1.7390801 -0.1379862
v 0.0305663 1.7389118 -0.1391873
v 0.0207779 1.7325583 -0.1362575
v 0.0221137 1.7317613 -0.1354380
v 0.0238312 1.7313347 -0.1359993
v 0.0217096 1.7340512 -0.1362687
v 0.0226525 1.7348707 -0.1368075
v 0.0207330 1.7333553 -0.1365044
v 0.0476848 1.7326368 -0.1347645
v 0.0272100 1.7305153 -0.1375147
v 0.0309816 1.7299203 -0.1383903
v 0.0237526 1.7357350 -0.1371667
v 0.0349554 1.7295162 -0.1390974
v 0.0264130 1.7373627 -0.1379637
v 0.0395016 1.7296285 -0.1387382
v 0.0431947 1.7304143 -0.1372565
v 0.0456979 1.7314357 -0.1361789
v 0.0487400 1.7334675 -0.1335971
v 0.0491328 1.7342982 -0.1334063
v 0.0493237 1.7348707 -0.1335971
v 0.0251894 1.7309867 -0.1366952
v 0.0482236 1.7330297 -0.1341359
vt 0.8332180 0.4481470
vt 0.8343630 0.4479740
vt 0.8345010 0.4509310
vt 0.8335040 0.4511060
vt 0.8306400 0.4479890
vt 0.8320590 0.4480690
vt 0.8323420 0.4511870
vt 0.8309240 0.4513900
vt 0.8334920 0.4453940
vt 0.8324250 0.4450840
vt 0.8312060 0.4446290
vt 0.8333580 0.4425310
vt 0.8323060 0.4415540
vt 0.8342820 0.4431180
vt 0.8344100 0.4405820
vt 0.8337350 0.4393260
vt 0.8349860 0.4414250
vt 0.8354450 0.4392520
vt 0.8350600 0.4375800
vt 0.8358300 0.4403600
vt 0.8364820 0.4384210
vt 0.8363080 0.4364450
vt 0.8366690 0.4396110
vt 0.8376950 0.4376910
vt 0.8375030 0.4358880
vt 0.8377220 0.4392130
vt 0.8387230 0.4378660
vt 0.8387960 0.4359510
vt 0.8387220 0.4394000
vt 0.8399480 0.4382370
vt 0.8402150 0.4361370
vt 0.8397640 0.4397620
vt 0.8410310 0.4387830
vt 0.8415620 0.4368160
vt 0.8407700 0.4402790
vt 0.8446230 0.4435120
vt 0.8435800 0.4415360
vt 0.8444620 0.4402400
vt 0.8457990 0.4427210
vt 0.8437550 0.4440180
vt 0.8428640 0.4422400
vt 0.8442620 0.4524590
vt 0.8444640 0.4497960
vt 0.8457450 0.4499120
vt 0.8454590 0.4529130
vt 0.8469900 0.4494490
vt 0.8465490 0.4529450
vt 0.8437610 0.4550210
vt 0.8445830 0.4556040
vt 0.8455700 0.4559240
vt 0.8431640 0.4566120
vt 0.8438120 0.4572960
vt 0.8445300 0.4579510
vt 0.8344080 0.4541330
vt 0.8354340 0.4538410
vt 0.8320420 0.4547780
vt 0.8333370 0.4544070
vt 0.8338130 0.4577400
vt 0.8348420 0.4572350
vt 0.8357520 0.4568190
vt 0.8366320 0.4565040
vt 0.8356690 0.4599640
vt 0.8363580 0.4593190
vt 0.8368820 0.4587270
vt 0.8374760 0.4582950
vt 0.8372340 0.4612140
vt 0.8375990 0.4605290
vt 0.8379410 0.4599770
vt 0.8385650 0.4591440
vt 0.8396350 0.4624270
vt 0.8385820 0.4619790
vt 0.8386510 0.4613300
vt 0.8396770 0.4615670
vt 0.8398170 0.4608890
vt 0.8386650 0.4608480
vt 0.8395130 0.4598820
vt 0.8401970 0.4601990
vt 0.8407230 0.4625430
vt 0.8406100 0.4615950
vt 0.8406810 0.4605820
vt 0.8407220 0.4600290
vt 0.8418440 0.4621220
vt 0.8415820 0.4612370
vt 0.8413940 0.4601860
vt 0.8413790 0.4591710
vt 0.8474270 0.4414650
vt 0.8457050 0.4386630
vt 0.8454220 0.4589920
vt 0.8467530 0.4568230
vt 0.8481500 0.4534260
vt 0.8487380 0.4492870
vt 0.8510070 0.4492200
vt 0.8501360 0.4540560
vt 0.8421480 0.4347950
vt 0.8405070 0.4342710
vt 0.8388640 0.4342430
vt 0.8374520 0.4343340
vt 0.8361000 0.4348670
vt 0.8347120 0.4360420
vt 0.8332240 0.4379200
vt 0.8314410 0.4407110
vt 0.8300160 0.4440680
vt 0.8294710 0.4478540
vt 0.8297580 0.4515000
vt 0.8309710 0.4551370
vt 0.8329150 0.4583330
vt 0.8351530 0.4606680
vt 0.8305390 0.4396960
vt 0.8327360 0.4360910
vt 0.8382900 0.4628060
vt 0.8395400 0.4632750
vt 0.8408100 0.4632860
vt 0.8422170 0.4626150
vt 0.8368400 0.4619900
vt 0.8379480 0.4642240
vt 0.8362510 0.4633340
vt 0.8341290 0.4617680
vt 0.8356930 0.4655130
vt 0.8377610 0.4664390
vt 0.8394490 0.4646290
vt 0.8395550 0.4667710
vt 0.8409720 0.4645460
vt 0.8413460 0.4665820
vt 0.8427370 0.4636340
vt 0.8434210 0.4657040
vt 0.8339940 0.4720610
vt 0.8350140 0.4685550
vt 0.8374600 0.4694760
vt 0.8367290 0.4729920
vt 0.8395580 0.4732800
vt 0.8396740 0.4697450
vt 0.8417830 0.4694920
vt 0.8422670 0.4729200
vt 0.8443120 0.4684330
vt 0.8453730 0.4714080
vt 0.8331880 0.4758180
vt 0.8362000 0.4765540
vt 0.8392960 0.4767700
vt 0.8426330 0.4763210
vt 0.8468280 0.4747820
vt 0.8324890 0.4793910
vt 0.8356210 0.4797660
vt 0.8512330 0.4755870
vt 0.8501220 0.4795090
vt 0.8457790 0.4794710
vt 0.8390050 0.4799060
vt 0.8424220 0.4798160
vt 0.8319570 0.4831680
vt 0.8350370 0.4831680
vt 0.8495680 0.4831680
vt 0.8453540 0.4831680
vt 0.8385830 0.4831680
vt 0.8421170 0.4831680
vt 0.8535560 0.4492260
vt 0.8525070 0.4547480
vt 0.8503520 0.4592240
vt 0.8482020 0.4579980
vt 0.8482300 0.4617380
vt 0.8464770 0.4602130
vt 0.8518040 0.4381620
vt 0.8493630 0.4398880
vt 0.8473810 0.4364560
vt 0.8494530 0.4341100
vt 0.8374440 0.4299180
vt 0.8374170 0.4325770
vt 0.8360240 0.4330930
vt 0.8358120 0.4305870
vt 0.8414910 0.4294520
vt 0.8409380 0.4322080
vt 0.8389650 0.4323360
vt 0.8393100 0.4295110
vt 0.8345450 0.4341110
vt 0.8341500 0.4318940
vt 0.8321430 0.4344690
vt 0.8299600 0.4383960
vt 0.8288260 0.4435960
vt 0.8280120 0.4430630
vt 0.8285870 0.4566960
vt 0.8298270 0.4555810
vt 0.8319060 0.4590940
vt 0.8308190 0.4607340
vt 0.8281530 0.4477840
vt 0.8270860 0.4477300
vt 0.8272720 0.4522080
vt 0.8284750 0.4516830
vt 0.8333060 0.4637560
vt 0.8310240 0.4704200
vt 0.8322510 0.4667480
vt 0.8299090 0.4745140
vt 0.8292780 0.4788130
vt 0.8286920 0.4831680
vt 0.8242490 0.4621030
vt 0.8264960 0.4589480
vt 0.8290340 0.4637310
vt 0.8273890 0.4671920
vt 0.8229580 0.4552150
vt 0.8252120 0.4533930
vt 0.8242750 0.4417200
vt 0.8264480 0.4423010
vt 0.8252120 0.4478430
vt 0.8230360 0.4482520
vt 0.8267190 0.4354440
vt 0.8288390 0.4367380
vt 0.8403370 0.4222000
vt 0.8397430 0.4261860
vt 0.8374980 0.4267300
vt 0.8374490 0.4230010
vt 0.8355620 0.4275740
vt 0.8349330 0.4241110
vt 0.8435050 0.4221290
vt 0.8423540 0.4260120
vt 0.8335880 0.4291460
vt 0.8322530 0.4263500
vt 0.8313080 0.4322410
vt 0.8295190 0.4302400
vt 0.8240610 0.4344090
vt 0.8214460 0.4416520
vt 0.8273150 0.4282490
vt 0.8197340 0.4577190
vt 0.8209980 0.4668810
vt 0.8257760 0.4719030
vt 0.8409850 0.4180700
vt 0.8373010 0.4191450
vt 0.8339090 0.4209000
vt 0.8447510 0.4179570
vt 0.8305630 0.4238780
vt 0.8199970 0.4494380
vt 0.8485820 0.4186340
vt 0.8468500 0.4228650
vt 0.8248670 0.4777970
vt 0.8240400 0.4831680
vt 0.8209700 0.4334620
vt 0.8182020 0.4412460
vt 0.8165310 0.4498520
vt 0.8157020 0.4587040
vt 0.8203970 0.4760510
vt 0.8201120 0.4831680
vt 0.8156340 0.4680460
vt 0.8155950 0.4762360
vt 0.8129210 0.4498780
vt 0.8119850 0.4591050
vt 0.8178710 0.4322700
vt 0.8148160 0.4407630
vt 0.8154060 0.4831680
vt 0.8116700 0.4687390
vt 0.8116630 0.4765510
vt 0.8112980 0.4831680
vt 0.7937610 0.4141560
vt 0.7991200 0.4188780
vt 0.7940040 0.4316430
vt 0.7874050 0.4273420
vt 0.7901130 0.4439940
vt 0.7830870 0.4407970
vt 0.7874710 0.4556910
vt 0.7801670 0.4539630
vt 0.8459800 0.4133610
vt 0.8413520 0.4135320
vt 0.8369300 0.4148210
vt 0.8328580 0.4173900
vt 0.8285450 0.4212520
vt 0.8246920 0.4265710
vt 0.8505430 0.4142300
vt 0.8266290 0.4183930
vt 0.8219960 0.4246960
vt 0.8315110 0.4134540
vt 0.8365250 0.4100270
vt 0.8108390 0.3931780
vt 0.8140200 0.3978920
vt 0.8061430 0.4077540
vt 0.8018110 0.4029780
vt 0.7876370 0.4089120
vt 0.7965450 0.3971160
vt 0.8041210 0.4230190
vt 0.8100820 0.4121340
vt 0.8213350 0.3850520
vt 0.8072950 0.3883250
vt 0.8195760 0.3811560
vt 0.7186990 0.3512070
vt 0.7254530 0.3828230
vt 0.7099280 0.3913670
vt 0.7012410 0.3530300
vt 0.8702500 0.4831680
vt 0.8681900 0.4831680
vt 0.8681270 0.4808370
vt 0.8700320 0.4811660
vt 0.8688180 0.4741770
vt 0.8682760 0.4764910
vt 0.8663240 0.4758660
vt 0.8667240 0.4731290
vt 0.8695730 0.4716250
vt 0.8679990 0.4706640
vt 0.8637550 0.4749360
vt 0.8646530 0.4720440
vt 0.8660360 0.4689950
vt 0.8660470 0.4783340
vt 0.8681610 0.4788080
vt 0.8658960 0.4805640
vt 0.8658570 0.4831680
vt 0.8630040 0.4831680
vt 0.8631930 0.4802200
vt 0.8633400 0.4776990
vt 0.8699420 0.4791920
vt 0.8682560 0.4662820
vt 0.8715180 0.4642130
vt 0.8724910 0.4658790
vt 0.8697800 0.4682170
vt 0.8754500 0.4776310
vt 0.8767980 0.4787890
vt 0.8766140 0.4796080
vt 0.8746960 0.4785560
vt 0.8746650 0.4706340
vt 0.8765920 0.4681510
vt 0.8780030 0.4688170
vt 0.8755400 0.4711940
vt 0.8745400 0.4803020
vt 0.8766820 0.4806190
vt 0.8767540 0.4817540
vt 0.8745950 0.4816480
vt 0.8786850 0.4789090
vt 0.8787760 0.4798640
vt 0.8766690 0.4831680
vt 0.8746160 0.4831680
vt 0.8792250 0.4808030
vt 0.8794230 0.4818360
vt 0.8804790 0.4785420
vt 0.8809730 0.4793300
vt 0.8796670 0.4831680
vt 0.8816710 0.4806260
vt 0.8822210 0.4817760
vt 0.8820000 0.4773170
vt 0.8830560 0.4778860
vt 0.8826710 0.4831680
vt 0.8821900 0.4720430
vt 0.8835630 0.4718090
vt 0.8839600 0.4751900
vt 0.8829530 0.4751150
vt 0.8808730 0.4697070
vt 0.8813040 0.4722530
vt 0.8802730 0.4710200
vt 0.8760970 0.4763960
vt 0.8762070 0.4772010
vt 0.8751920 0.4766150
vt 0.8768550 0.4727180
vt 0.8762440 0.4744060
vt 0.8753340 0.4740130
vt 0.8764230 0.4720730
vt 0.8786530 0.4711540
vt 0.8783060 0.4702960
vt 0.8770190 0.4782320
vt 0.8786840 0.4782200
vt 0.8801040 0.4778840
vt 0.8811800 0.4767460
vt 0.8818390 0.4749910
vt 0.8744770 0.4736480
vt 0.8718360 0.4831680
vt 0.8715990 0.4813830
vt 0.8729850 0.4816030
vt 0.8731900 0.4831680
vt 0.8742190 0.4762700
vt 0.8700010 0.4769950
vt 0.8703160 0.4747000
vt 0.8709480 0.4692610
vt 0.8719720 0.4698520
vt 0.8709450 0.4721810
vt 0.8729320 0.4671300
vt 0.8731610 0.4681640
vt 0.8811080 0.4681980
vt 0.8747700 0.4588490
vt 0.8731880 0.4539220
vt 0.8789890 0.4499820
vt 0.8803450 0.4555420
vt 0.8834810 0.4800740
vt 0.8839450 0.4816550
vt 0.8843220 0.4831680
vt 0.8798540 0.4719380
vt 0.8787980 0.4722780
vt 0.8806920 0.4727740
vt 0.8797030 0.4770150
vt 0.8806650 0.4762630
vt 0.8772760 0.4766270
vt 0.8777890 0.4771720
vt 0.8775680 0.4731400
vt 0.8786770 0.4773160
vt 0.8768430 0.4758790
vt 0.8810980 0.4749670
vt 0.8774370 0.4744660
vt 0.8867990 0.4831680
vt 0.8865530 0.4814310
vt 0.8978830 0.4621820
vt 0.9027850 0.4590470
vt 0.9042630 0.4604760
vt 0.9003380 0.4631700
vt 0.9166600 0.4645380
vt 0.9177690 0.4638620
vt 0.9220100 0.4678780
vt 0.9202010 0.4688180
vt 0.9139330 0.4622480
vt 0.9147950 0.4614370
vt 0.8960720 0.4831670
vt 0.8932680 0.4831690
vt 0.8932920 0.4820000
vt 0.8959690 0.4817170
vt 0.8901400 0.4831690
vt 0.8900310 0.4816250
vt 0.8798760 0.4753590
vt 0.8802090 0.4746430
vt 0.8781690 0.4737160
vt 0.8787070 0.4730240
vt 0.8798200 0.4737300
vt 0.8792340 0.4731450
vt 0.8776350 0.4760970
vt 0.8780290 0.4762350
vt 0.8785860 0.4763890
vt 0.8775850 0.4755270
vt 0.8777460 0.4747350
vt 0.8793010 0.4760720
vt 0.8781080 0.4755300
vt 0.8783320 0.4748380
vt 0.8787190 0.4740110
vt 0.8785480 0.4757350
vt 0.8788840 0.4752900
vt 0.8793150 0.4745520
vt 0.9175950 0.4593130
vt 0.9206690 0.4622410
vt 0.9240640 0.4667390
vt 0.9049960 0.4617410
vt 0.9018410 0.4640920
vt 0.8896530 0.4796590
vt 0.8861740 0.4796190
vt 0.9029560 0.4649850
vt 0.9007310 0.4675720
vt 0.8994630 0.4668110
vt 0.9036430 0.4658140
vt 0.9018090 0.4683210
vt 0.9045000 0.4665970
vt 0.9052470 0.4671770
vt 0.9040710 0.4697060
vt 0.9031780 0.4690160
vt 0.9064290 0.4679170
vt 0.9050540 0.4704860
vt 0.9073840 0.4683410
vt 0.9064040 0.4713200
vt 0.9089150 0.4629860
vt 0.9089160 0.4617230
vt 0.9103820 0.4618180
vt 0.9101290 0.4626530
vt 0.9090660 0.4637530
vt 0.9099180 0.4638410
vt 0.9095030 0.4657010
vt 0.9092350 0.4645810
vt 0.9099180 0.4648900
vt 0.9098260 0.4660930
vt 0.9095720 0.4667530
vt 0.9096500 0.4669730
vt 0.9148890 0.4666920
vt 0.9128160 0.4646210
vt 0.9132420 0.4635520
vt 0.9156190 0.4657940
vt 0.9108860 0.4679540
vt 0.9101000 0.4673820
vt 0.9110830 0.4667950
vt 0.9123750 0.4680800
vt 0.9056990 0.4629640
vt 0.9061950 0.4640340
vt 0.9066860 0.4650210
vt 0.9069230 0.4657340
vt 0.9074330 0.4664540
vt 0.9082430 0.4670210
vt 0.9088100 0.4589670
vt 0.9112400 0.4590900
vt 0.9108690 0.4604240
vt 0.9089160 0.4602960
vt 0.9141550 0.4674130
vt 0.9124450 0.4654810
vt 0.9119000 0.4661090
vt 0.9133900 0.4678740
vt 0.8930490 0.4797840
vt 0.8922390 0.4773500
vt 0.8949310 0.4777960
vt 0.8953880 0.4797650
vt 0.8976420 0.4729510
vt 0.8988850 0.4702910
vt 0.8999370 0.4708120
vt 0.8987950 0.4734130
vt 0.9002600 0.4738120
vt 0.9013050 0.4714690
vt 0.9026390 0.4721690
vt 0.9016660 0.4743130
vt 0.8892450 0.4773160
vt 0.8858710 0.4773950
vt 0.8859180 0.4749420
vt 0.8890650 0.4748750
vt 0.8930390 0.4720580
vt 0.8947510 0.4687320
vt 0.8976360 0.4695370
vt 0.8963170 0.4726650
vt 0.8991530 0.4782150
vt 0.8994890 0.4762830
vt 0.9010560 0.4764910
vt 0.9008940 0.4783430
vt 0.8964360 0.4780080
vt 0.8967650 0.4757370
vt 0.8978300 0.4761040
vt 0.8972330 0.4781330
vt 0.8995000 0.4799860
vt 0.9010520 0.4801320
vt 0.8969230 0.4797780
vt 0.8977570 0.4798660
vt 0.8998010 0.4818680
vt 0.9011510 0.4820140
vt 0.8976970 0.4817470
vt 0.8982550 0.4817580
vt 0.8998170 0.4831690
vt 0.9011210 0.4831710
vt 0.8977490 0.4831670
vt 0.8983670 0.4831670
vt 0.9032110 0.4750510
vt 0.9030690 0.4768170
vt 0.9032320 0.4784230
vt 0.9031750 0.4803240
vt 0.9032200 0.4818810
vt 0.9030700 0.4831700
vt 0.8951000 0.4754660
vt 0.9171190 0.4702280
vt 0.9185030 0.4696230
vt 0.9133330 0.4718330
vt 0.9150850 0.4716310
vt 0.9160590 0.4710110
vt 0.9231720 0.4738190
vt 0.9207230 0.4743070
vt 0.9186380 0.4750860
vt 0.9172090 0.4754750
vt 0.9157310 0.4757400
vt 0.9144950 0.4761910
vt 0.9179930 0.4799120
vt 0.9194610 0.4797940
vt 0.9215140 0.4795980
vt 0.9270190 0.4789060
vt 0.9251920 0.4728660
vt 0.9276300 0.4723180
vt 0.9295710 0.4785320
vt 0.9243690 0.4793700
vt 0.9148950 0.4799060
vt 0.9161810 0.4798700
vt 0.9132170 0.4765330
vt 0.9120730 0.4720350
vt 0.9141010 0.4799600
vt 0.9052960 0.4769990
vt 0.9051370 0.4784930
vt 0.9053660 0.4805190
vt 0.9055850 0.4759540
vt 0.9114580 0.4768980
vt 0.9107310 0.4708300
vt 0.9054170 0.4819450
vt 0.9050220 0.4831660
vt 0.9094190 0.4670710
vt 0.9095400 0.4670800
vt 0.9066500 0.4819160
vt 0.9066420 0.4831620
vt 0.9086380 0.4685820
vt 0.9090060 0.4673750
vt 0.9067160 0.4771990
vt 0.9067010 0.4784750
vt 0.9096620 0.4672830
vt 0.9099000 0.4684970
vt 0.8257000 0.0271500
vt 0.8245060 0.0314310
vt 0.8166470 0.0404940
vt 0.8148750 0.0375760
vt 0.9067530 0.4804700
vt 0.9114160 0.4797320
vt 0.9067340 0.4760770
vt 0.9075470 0.4717740
vt 0.7802060 0.0136820
vt 0.7777680 0.0165270
vt 0.7764490 0.0145600
vt 0.7782810 0.0118630
vt 0.7866090 0.0182930
vt 0.7825410 0.0217890
vt 0.7799420 0.0190930
vt 0.7831850 0.0156950
vt 0.8318860 0.0248990
vt 0.8307970 0.0287690
vt 0.7907810 0.0220330
vt 0.7869810 0.0256110
vt 0.7852550 0.0241050
vt 0.7890120 0.0202870
vt 0.8107680 0.0460460
vt 0.8079930 0.0444930
vt 0.8110920 0.0410950
vt 0.8140590 0.0436650
vt 0.7978920 0.0370550
vt 0.8016920 0.0348100
vt 0.8028530 0.0380030
vt 0.7997090 0.0400630
vt 0.7937860 0.0322210
vt 0.7973670 0.0295830
vt 0.8198140 0.0427340
vt 0.8259860 0.0363560
vt 0.8038650 0.0458350
vt 0.8048510 0.0430900
vt 0.8059350 0.0444930
vt 0.8056090 0.0470520
vt 0.8168340 0.0459550
vt 0.8014850 0.0471350
vt 0.8051390 0.0487660
vt 0.7738110 0.0218020
vt 0.7723430 0.0201890
vt 0.7783840 0.0260390
vt 0.7760330 0.0237240
vt 0.8327140 0.0338450
vt 0.7822820 0.0295440
vt 0.7806730 0.0282480
vt 0.8133130 0.0481450
vt 0.7928060 0.0391520
vt 0.7952420 0.0417960
vt 0.7889650 0.0355420
vt 0.8276350 0.0404570
vt 0.8222410 0.0448900
vt 0.8245760 0.0495530
vt 0.8283720 0.0471820
vt 0.8188060 0.0476940
vt 0.7992500 0.0488610
vt 0.8045020 0.0503430
vt 0.7705950 0.0267060
vt 0.7690840 0.0253850
vt 0.7747350 0.0303500
vt 0.7725550 0.0285080
vt 0.8340180 0.0377540
vt 0.7783610 0.0332430
vt 0.7768700 0.0320750
vt 0.8149000 0.0496420
vt 0.7885000 0.0415040
vt 0.7912940 0.0439060
vt 0.7847820 0.0379650
vt 0.8345860 0.0972670
vt 0.8406870 0.0969000
vt 0.8406870 0.1018910
vt 0.8345360 0.1021770
vt 0.7845710 0.0455330
vt 0.7876770 0.0475790
vt 0.7807580 0.0431050
vt 0.8333790 0.0762510
vt 0.8406870 0.0759830
vt 0.7733400 0.0379430
vt 0.7714010 0.0363050
vt 0.8291590 0.0537810
vt 0.8253950 0.0560360
vt 0.8209290 0.0514330
vt 0.8340810 0.0644500
vt 0.8406870 0.0634680
vt 0.7970330 0.0519440
vt 0.8039150 0.0530950
vt 0.7673590 0.0331080
vt 0.7656850 0.0321820
vt 0.8345410 0.0523150
vt 0.8406870 0.0528820
vt 0.7691270 0.0345540
vt 0.8354940 0.0444110
vt 0.7747680 0.0389610
vt 0.8165480 0.0527600
vt 0.7626500 0.0453210
vt 0.7609640 0.0448450
vt 0.8406870 0.0447370
vt 0.7673490 0.0479340
vt 0.7649770 0.0466080
vt 0.7713900 0.0499190
vt 0.7699500 0.0492620
vt 0.8168310 0.0582210
vt 0.8216630 0.0572480
vt 0.7813320 0.0538770
vt 0.7848350 0.0551570
vt 0.7775160 0.0527560
vt 0.8406870 0.0368020
vt 0.8238560 0.0657970
vt 0.8283320 0.0649880
vt 0.8406870 0.0338350
vt 0.7953660 0.0578860
vt 0.8028840 0.0583960
vt 0.8202600 0.0665550
vt 0.8406870 0.0288120
vt 0.7945470 0.0674030
vt 0.8023240 0.0674100
vt 0.7595680 0.0622970
vt 0.7576340 0.0618810
vt 0.8406870 0.0249900
vt 0.7651350 0.0638360
vt 0.7624800 0.0631630
vt 0.7692900 0.0645510
vt 0.7678010 0.0643110
vt 0.8166430 0.0668560
vt 0.7792520 0.0653740
vt 0.7828340 0.0656510
vt 0.7764110 0.0652760
vt 0.9137150 0.4831480
vt 0.9116200 0.4829550
vt 0.8280780 0.0769320
vt 0.8235000 0.0780040
vt 0.8304020 0.0963350
vt 0.8264090 0.0950660
vt 0.8198450 0.0784580
vt 0.9149540 0.4831480
vt 0.7947750 0.0803350
vt 0.8022960 0.0800790
vt 0.7603290 0.0828150
vt 0.7581700 0.0821930
vt 0.9164140 0.4831500
vt 0.7672960 0.0823030
vt 0.7640020 0.0826190
vt 0.7732750 0.0816170
vt 0.7703320 0.0818890
vt 0.8162120 0.0779900
vt 0.7815730 0.0806550
vt 0.7848180 0.0804730
vt 0.7789410 0.0809440
vt 0.9178110 0.4831520
vt 0.7657750 0.1007320
vt 0.7636530 0.1014060
vt 0.9192650 0.4831540
vt 0.7719500 0.0987620
vt 0.7691500 0.0999040
vt 0.7772740 0.0969690
vt 0.7746720 0.0976670
vt 0.8162860 0.0916590
vt 0.8224790 0.0923530
vt 0.7852410 0.0948190
vt 0.7886940 0.0942370
vt 0.7824440 0.0954320
vt 0.9214400 0.4831580
vt 0.8317010 0.1027480
vt 0.8280390 0.1033730
vt 0.9241970 0.4831620
vt 0.7981390 0.0936990
vt 0.8041370 0.0935520
vt 0.7918840 0.1081860
vt 0.7951270 0.1069790
vt 0.7890300 0.1093560
vt 0.7817700 0.1128870
vt 0.7799440 0.1141570
vt 0.8237200 0.1050580
vt 0.8024580 0.1055870
vt 0.8063540 0.1072710
vt 0.7758220 0.1173930
vt 0.7738830 0.1182360
vt 0.7776570 0.1159920
vt 0.7839720 0.1117780
vt 0.8185520 0.1095450
vt 0.8199010 0.1179290
vt 0.8225850 0.1168980
vt 0.8298500 0.1175310
vt 0.8258910 0.1165590
vt 0.8406870 0.1181410
vt 0.8335290 0.1171520
vt 0.7987150 0.1220070
vt 0.8002610 0.1212630
vt 0.7961710 0.1213600
vt 0.7860980 0.1105450
vt 0.7939340 0.1228490
vt 0.8058960 0.1170950
vt 0.8110070 0.1182940
vt 0.7863710 0.1308180
vt 0.7851020 0.1321180
vt 0.7887250 0.1266470
vt 0.7872880 0.1279150
vt 0.7930230 0.1257930
vt 0.7917410 0.1268830
vt 0.8167450 0.1317730
vt 0.8150870 0.1302360
vt 0.7858510 0.4661800
vt 0.7786480 0.4660630
vt 0.9330220 0.4779150
vt 0.9307800 0.4714950
vt 0.9093060 0.4538120
vt 0.9130720 0.4539120
vt 0.9122660 0.4562370
vt 0.9087500 0.4568200
vt 0.9199180 0.4575060
vt 0.9234400 0.4611770
vt 0.9274270 0.4654810
vt 0.9622630 0.4756220
vt 0.9610670 0.4663730
vt 0.9678500 0.4640270
vt 0.9685300 0.4749960
vt 0.9393630 0.3923900
vt 0.9316200 0.3975810
vt 0.9249910 0.3851930
vt 0.9318040 0.3804470
vt 0.3424860 0.9496120
vt 0.3437120 0.9534400
vt 0.3393600 0.9557700
vt 0.3378240 0.9514130
vt 0.3406560 0.9422930
vt 0.3355830 0.9453510
vt 0.3364700 0.9327130
vt 0.3315540 0.9369820
vt 0.3290820 0.9210850
vt 0.3232800 0.9244290
vt 0.3180570 0.9083270
vt 0.3120990 0.9133390
vt 0.3507590 0.9450960
vt 0.3523770 0.9494440
vt 0.3481360 0.9511380
vt 0.3468110 0.9469060
vt 0.3485870 0.9379140
vt 0.3441250 0.9404420
vt 0.3456250 0.9268820
vt 0.3413330 0.9297070
vt 0.3402170 0.9145590
vt 0.3348870 0.9176360
vt 0.3306320 0.9017900
vt 0.3242290 0.9048450
vt 0.9136390 0.3723730
vt 0.9201160 0.3666330
vt 0.9770640 0.4602380
vt 0.9901400 0.4518400
vt 0.9921060 0.4689580
vt 0.9778040 0.4736940
vt 0.3766990 0.9505860
vt 0.3761880 0.9441520
vt 0.3783660 0.9451530
vt 0.3785080 0.9513940
vt 0.3757060 0.9323030
vt 0.3781750 0.9324800
vt 0.3755810 0.9186940
vt 0.3777130 0.9185620
vt 0.3644230 0.9054560
vt 0.3700720 0.9039920
vt 0.3716670 0.9189520
vt 0.3668310 0.9194500
vt 0.3743400 0.9030360
vt 0.3769440 0.9028130
vt 0.3673430 0.9319190
vt 0.3633070 0.9324260
vt 0.3618370 0.9203380
vt 0.3805300 0.9024640
vt 0.3368730 0.8983370
vt 0.3451490 0.9117450
vt 0.3497950 0.9244360
vt 0.3805300 0.9324360
vt 0.3805300 0.9459880
vt 0.9441820 0.4029310
vt 0.9381510 0.4079480
vt 0.7798930 0.4224010
vt 0.3318830 0.9545410
vt 0.3293750 0.9492930
vt 0.3063620 0.9183240
vt 0.3171910 0.9293220
vt 0.3256690 0.9417360
vt 0.9271320 0.3015150
vt 0.9174960 0.2793890
vt 0.9336280 0.2722210
vt 0.9429560 0.2931060
vt 0.3005690 0.9237940
vt 0.2878390 0.9129980
vt 0.9542360 0.2646760
vt 0.9637710 0.2828780
vt 0.3190610 0.9459380
vt 0.3109780 0.9352570
vt 0.9107850 0.2553410
vt 0.9261690 0.2498200
vt 0.2948950 0.9303360
vt 0.2831650 0.9196620
vt 0.9457500 0.2432870
vt 0.3119020 0.9504540
vt 0.3048890 0.9411050
vt 0.9054510 0.2332100
vt 0.9196660 0.2295070
vt 0.2900650 0.9368190
vt 0.2785810 0.9271350
vt 0.9390380 0.2242170
vt 0.3061610 0.9549860
vt 0.2997310 0.9469520
vt 0.9001920 0.2154270
vt 0.9140730 0.2119170
vt 0.2846190 0.9438110
vt 0.2750650 0.9354500
vt 0.9336720 0.2078030
vt 0.3017640 0.9592140
vt 0.2949770 0.9518240
vt 0.8940770 0.1962150
vt 0.9081550 0.1927590
vt 0.2810310 0.9493830
vt 0.2723540 0.9424370
vt 0.9269560 0.1891460
vt 0.2976190 0.9644130
vt 0.2909060 0.9576000
vt 0.8849360 0.1629650
vt 0.8829430 0.1537310
vt 0.8984720 0.1515540
vt 0.8998010 0.1600930
vt 0.2760690 0.9589740
vt 0.2743160 0.9622040
vt 0.2664990 0.9578220
vt 0.2684490 0.9539240
vt 0.9189680 0.1486960
vt 0.9197960 0.1568000
vt 0.2909900 0.9721900
vt 0.2893450 0.9738560
vt 0.2832130 0.9683080
vt 0.2849200 0.9665160
vt 0.7139740 0.2829090
vt 0.7048920 0.3150100
vt 0.6868830 0.3110360
vt 0.6989410 0.2749890
vt 0.6686060 0.3073110
vt 0.6832900 0.2666900
vt 0.7464570 0.2990710
vt 0.7390620 0.3227200
vt 0.7211230 0.3178990
vt 0.7289260 0.2897500
vt 0.7920190 0.3193020
vt 0.7882900 0.3310580
vt 0.7728350 0.3286310
vt 0.7778610 0.3133630
vt 0.7569640 0.3254040
vt 0.7625780 0.3065870
vt 0.8557600 0.3744390
vt 0.8447930 0.3767020
vt 0.8447410 0.3713740
vt 0.8561620 0.3686830
vt 0.8334490 0.3803290
vt 0.8323270 0.3750100
vt 0.7576130 0.3660700
vt 0.7545280 0.3471540
vt 0.7710080 0.3459330
vt 0.7733260 0.3598440
vt 0.8668730 0.3732250
vt 0.8676390 0.3661600
vt 0.8523490 0.2763880
vt 0.8377430 0.2778810
vt 0.8319190 0.2629870
vt 0.8487240 0.2599760
vt 0.7368510 0.3493920
vt 0.7412450 0.3743550
vt 0.8247570 0.2467550
vt 0.8427130 0.2428590
vt 0.9165640 0.3917970
vt 0.9057350 0.3808390
vt 0.3341980 0.9584220
vt 0.9143930 0.3103050
vt 0.9047330 0.2873210
vt 0.8998680 0.2592870
vt 0.8940470 0.2367700
vt 0.8875540 0.2168270
vt 0.8821500 0.1990880
vt 0.8643910 0.4266250
vt 0.8607730 0.4309110
vt 0.8569240 0.4251570
vt 0.8600310 0.4208330
vt 0.8427880 0.4327080
vt 0.8438470 0.4299500
vt 0.8518720 0.4313920
vt 0.8547080 0.4360570
vt 0.8452040 0.4265000
vt 0.8483500 0.4282940
vt 0.8465670 0.4312670
vt 0.8576630 0.4337180
vt 0.8541570 0.4286850
vt 0.8975820 0.3638010
vt 0.9019880 0.3539010
vt 0.8928660 0.3739330
vt 0.3805300 0.9185140
vt 0.9596400 0.4759000
vt 0.9581950 0.4671850
vt 0.9559180 0.4567370
vt 0.9517910 0.4445680
vt 0.9554570 0.4411290
vt 0.9593420 0.4546140
vt 0.9603660 0.4365130
vt 0.9652050 0.4511750
vt 0.9502380 0.4287770
vt 0.9463120 0.4328240
vt 0.9546080 0.4238910
vt 0.3660810 0.9494790
vt 0.3645070 0.9435060
vt 0.3682490 0.9434990
vt 0.3696310 0.9496100
vt 0.3717890 0.9322180
vt 0.3592460 0.9064830
vt 0.3724490 0.9436340
vt 0.3732630 0.9499280
vt 0.9669810 0.4300000
vt 0.9731700 0.4456210
vt 0.9608270 0.4176990
vt 0.9688660 0.4092730
vt 0.9755260 0.4203050
vt 0.9324330 0.4134820
vt 0.9247880 0.4032190
vt 0.3577400 0.9435910
vt 0.3595550 0.9489210
vt 0.3561410 0.9488150
vt 0.3544800 0.9438860
vt 0.3493360 0.9094620
vt 0.3530750 0.9230640
vt 0.9463550 0.3867030
vt 0.9393810 0.3750320
vt 0.9482200 0.3691330
vt 0.9546960 0.3797590
vt 0.9178650 0.3479300
vt 0.9105440 0.3338900
vt 0.9220670 0.3284660
vt 0.9303630 0.3430500
vt 0.9514970 0.3973350
vt 0.9593280 0.3897140
vt 0.9295200 0.3616640
vt 0.9397300 0.3568650
vt 0.9037680 0.3189200
vt 0.8046330 0.3239200
vt 0.8013910 0.3340680
vt 0.8155040 0.3278370
vt 0.8133980 0.3354330
vt 0.8672770 0.3596250
vt 0.8563040 0.3634460
vt 0.6432040 0.3039200
vt 0.6628650 0.2557390
vt 0.8811000 0.3639120
vt 0.8808120 0.3532720
vt 0.7723070 0.2667880
vt 0.7586720 0.2809850
vt 0.7442320 0.2690630
vt 0.7611660 0.2535130
vt 0.8953690 0.3050510
vt 0.8635280 0.1663170
vt 0.8620470 0.1562570
vt 0.8704120 0.1553820
vt 0.8727550 0.1650140
vt 0.8468320 0.1864040
vt 0.8301790 0.1908240
vt 0.8279100 0.1733920
vt 0.8453170 0.1693210
vt 0.8499160 0.2049960
vt 0.8341040 0.2086570
vt 0.8774900 0.2188120
vt 0.8720030 0.2009640
vt 0.8830380 0.2384440
vt 0.8881330 0.2591010
vt 0.8912950 0.2820890
vt 0.8887010 0.1790030
vt 0.8768510 0.1815550
vt 0.8143710 0.2661680
vt 0.8062090 0.2513770
vt 0.8048490 0.1811460
vt 0.7806880 0.1890890
vt 0.7736250 0.1707500
vt 0.8006780 0.1639290
vt 0.8218230 0.2797950
vt 0.8178190 0.2309300
vt 0.7978750 0.2364460
vt 0.7912350 0.2216160
vt 0.8126650 0.2148400
vt 0.8418740 0.2899130
vt 0.8293060 0.2918140
vt 0.8128850 0.2971830
vt 0.8044270 0.3040460
vt 0.7945590 0.2918180
vt 0.8058220 0.2844590
vt 0.7873210 0.2569760
vt 0.7780900 0.2429320
vt 0.7968310 0.2710740
vt 0.7833700 0.2793480
vt 0.7543100 0.1990480
vt 0.7287210 0.2154110
vt 0.7161010 0.1991170
vt 0.7450330 0.1823180
vt 0.7509430 0.2416880
vt 0.7702210 0.2297150
vt 0.7316800 0.2588200
vt 0.7977250 0.3111150
vt 0.7850670 0.3009240
vt 0.7720730 0.2913970
vt 0.7061700 0.2357640
vt 0.6879310 0.2227370
vt 0.7025820 0.4436970
vt 0.6901150 0.4574040
vt 0.6609130 0.4216680
vt 0.6806660 0.4099650
vt 0.7365170 0.4046150
vt 0.7248280 0.4168510
vt 0.7743430 0.4364950
vt 0.7651320 0.4313820
vt 0.7720360 0.4168270
vt 0.7811640 0.4031670
vt 0.7916100 0.3916930
vt 0.6944940 0.4018350
vt 0.6836390 0.3562040
vt 0.8370960 0.2260360
vt 0.7777140 0.4749910
vt 0.7846600 0.4756010
vt 0.7843380 0.4831680
vt 0.7772940 0.4831680
vt 0.7706500 0.4503690
vt 0.7598970 0.4460530
vt 0.7752570 0.3976850
vt 0.7653120 0.4115500
vt 0.7862740 0.3863260
vt 0.8083480 0.1983660
vt 0.7769540 0.3710750
vt 0.7630780 0.3803920
vt 0.7490500 0.3923270
vt 0.7570580 0.4263480
vt 0.9833470 0.4347870
vt 0.8989360 0.3392670
vt 0.8946030 0.3257390
vt 0.8879080 0.3152260
vt 0.8869490 0.2982050
vt 0.8455940 0.3000550
vt 0.8354970 0.3021040
vt 0.8200430 0.3074980
vt 0.8138950 0.3134010
vt 0.8082340 0.3183490
vt 0.7694290 0.3907860
vt 0.7579080 0.4043980
vt 0.7812820 0.3798370
vt 0.8262180 0.1602230
vt 0.7480490 0.4186560
vt 0.7411770 0.4687830
vt 0.7531790 0.4722980
vt 0.7527240 0.4831680
vt 0.7399030 0.4831680
vt 0.2940420 0.9684220
vt 0.2874630 0.9621920
vt 0.6412490 0.3654490
vt 0.6667480 0.3597170
vt 0.8664630 0.2909180
vt 0.8650120 0.3012360
vt 0.8558500 0.3000240
vt 0.8552710 0.2899640
vt 0.7131680 0.4315090
vt 0.7399610 0.4329600
vt 0.7334280 0.4495770
vt 0.7674290 0.4742030
vt 0.7668130 0.4831680
vt 0.7860240 0.2058750
vt 0.9031540 0.1759040
vt 0.9233250 0.1726030
vt 0.7192500 0.2477760
vt 0.7278820 0.4632740
vt 0.7222390 0.4831680
vt 0.2783640 0.9543700
vt 0.2703770 0.9488450
vt 0.7626060 0.2147210
vt 0.7401390 0.2290030
vt 0.7504790 0.4407550
vt 0.9302040 0.4831660
vt 0.9272130 0.4831640
vt 0.9334760 0.4831680
vt 0.3805300 0.9522120
vt 0.9935150 0.4831680
vt 0.9775090 0.4831680
vt 0.9688070 0.4831680
vt 0.9629620 0.4831680
vt 0.9595840 0.4831680
vt 0.8499100 0.4633200
vt 0.8514610 0.4647020
vt 0.8486100 0.4678240
vt 0.8472620 0.4658250
vt 0.9429620 0.4362230
vt 0.9488560 0.4468550
vt 0.9532250 0.4581140
vt 0.9554020 0.4679450
vt 0.9566780 0.4760890
vt 0.3558370 0.9338520
vt 0.3520300 0.9350510
vt 0.8470520 0.3085100
vt 0.8392350 0.3100530
vt 0.8273710 0.3145100
vt 0.8219970 0.3187840
vt 0.7557560 0.4611140
vt 0.7692210 0.4645460
vt 0.7450370 0.4566800
vt 0.8355860 0.4479080
vt 0.8370040 0.4478690
vt 0.8370230 0.4505380
vt 0.8355550 0.4507970
vt 0.8372980 0.4413240
vt 0.8362630 0.4410890
vt 0.8370670 0.4404620
vt 0.8379640 0.4408610
vt 0.8368800 0.4418490
vt 0.8358410 0.4416870
vt 0.8365760 0.4432320
vt 0.8352440 0.4432500
vt 0.8358100 0.4452940
vt 0.8345750 0.4453440
vt 0.8363020 0.4536810
vt 0.8410650 0.4578750
vt 0.8406730 0.4591550
vt 0.8387780 0.4582450
vt 0.8389430 0.4571270
vt 0.8394450 0.4573290
vt 0.8396050 0.4586270
vt 0.8400990 0.4593430
vt 0.8422160 0.4558020
vt 0.8427030 0.4561460
vt 0.8422080 0.4570920
vt 0.8416400 0.4567140
vt 0.8425760 0.4519460
vt 0.8434910 0.4521850
vt 0.8432350 0.4546290
vt 0.8423240 0.4543410
vt 0.8379880 0.4577000
vt 0.8426960 0.4497950
vt 0.8437180 0.4497920
vt 0.8373450 0.4562430
vt 0.8417810 0.4432030
vt 0.8423620 0.4427060
vt 0.8431270 0.4445400
vt 0.8422770 0.4448600
vt 0.8402920 0.4412630
vt 0.8407610 0.4409510
vt 0.8412920 0.4413510
vt 0.8409670 0.4415890
vt 0.8389720 0.4409950
vt 0.8389760 0.4403010
vt 0.8399370 0.4405590
vt 0.8396430 0.4411110
vt 0.8385400 0.4409150
vt 0.8380910 0.4401640
vt 0.8392880 0.4498670
vt 0.8414980 0.4497350
vt 0.8415200 0.4519290
vt 0.8396070 0.4519850
vt 0.8397830 0.4439460
vt 0.8409680 0.4436710
vt 0.8412860 0.4452460
vt 0.8398350 0.4451280
vt 0.8389020 0.4426300
vt 0.8387490 0.4418810
vt 0.8389340 0.4418140
vt 0.8389890 0.4425850
vt 0.8383710 0.4475870
vt 0.8371930 0.4454170
vt 0.8386580 0.4452240
vt 0.8396030 0.4554960
vt 0.8385630 0.4567500
vt 0.8382360 0.4557130
vt 0.8393920 0.4550420
vt 0.8414910 0.4539920
vt 0.8401100 0.4542440
vt 0.8390560 0.4417960
vt 0.8390810 0.4425980
vt 0.8377220 0.4436650
vt 0.8387780 0.4439710
vt 0.8397470 0.4557360
vt 0.8398920 0.4559420
vt 0.8402090 0.4549910
vt 0.8413820 0.4553710
vt 0.8413160 0.4561380
vt 0.8402280 0.4554800
vt 0.8394050 0.4418150
vt 0.8391720 0.4426700
vt 0.8382930 0.4426460
vt 0.8388360 0.4430920
vt 0.8399730 0.4560590
vt 0.8399370 0.4575080
vt 0.8392310 0.4427800
vt 0.8398030 0.4419380
vt 0.8403280 0.4423750
vt 0.8393250 0.4429320
vt 0.8385020 0.4421620
vt 0.8388480 0.4427730
vt 0.8401430 0.4560760
vt 0.8404320 0.4573370
vt 0.8387100 0.4529710
vt 0.8374340 0.4533770
vt 0.8382770 0.4501600
vt 0.8402300 0.4558770
vt 0.8409400 0.4567380
vt 0.0640110 0.6009650
vt 0.0768220 0.5991280
vt 0.0743520 0.6160410
vt 0.0598790 0.6085730
vt 0.0417190 0.5666250
vt 0.0417970 0.5473910
vt 0.0558910 0.5513270
vt 0.0479360 0.5680490
vt 0.0232520 0.5761410
vt 0.0118090 0.5711810
vt 0.0149710 0.5619190
vt 0.0274360 0.5713980
vt 0.0210910 0.5997300
vt 0.0138300 0.5993230
vt 0.0134420 0.5959230
vt 0.0201670 0.5959140
vt 0.0441810 0.6157210
vt 0.0419400 0.6328580
vt 0.0266290 0.6265570
vt 0.0363910 0.6148460
vt 0.0647300 0.5940280
vt 0.0737470 0.5896920
vt 0.0658180 0.5648170
vt 0.0525980 0.5707030
vt 0.0133280 0.5932750
vt 0.0197700 0.5923650
vt 0.0195310 0.6174430
vt 0.0302570 0.6117970
vt 0.0728890 0.5862390
vt 0.0634170 0.5893360
vt 0.0615670 0.5862560
vt 0.0712370 0.5830940
vt 0.0548650 0.5733140
vt 0.0664880 0.5688090
vt 0.0664980 0.5711670
vt 0.0566320 0.5759310
vt 0.0136320 0.5914200
vt 0.0198890 0.5891170
vt 0.0155930 0.6086270
vt 0.0257380 0.6078210
vt 0.0599410 0.5840640
vt 0.0690650 0.5807620
vt 0.0200340 0.5857560
vt 0.0123470 0.5880290
vt 0.0118090 0.5844840
vt 0.0207060 0.5817310
vt 0.0144510 0.6040520
vt 0.0229020 0.6037880
vt 0.0590060 0.5819900
vt 0.0682760 0.5797640
vt 0.0598760 0.6315400
vt 0.0523840 0.6136710
vt 0.0580520 0.5793790
vt 0.0678200 0.5770670
vt 0.0555180 0.5835340
vt 0.0565310 0.5854230
vt 0.0536320 0.6031010
vt 0.0487900 0.6062990
vt 0.0292850 0.5998390
vt 0.0279980 0.5970860
vt 0.0434840 0.6074510
vt 0.0541420 0.5815010
vt 0.0569130 0.5985730
vt 0.0413390 0.5734830
vt 0.0459370 0.5743440
vt 0.0286980 0.5809330
vt 0.0315220 0.5774880
vt 0.0272970 0.5944510
vt 0.0385030 0.6069690
vt 0.0580200 0.5939480
vt 0.0489920 0.5759130
vt 0.0269320 0.5918750
vt 0.0343450 0.6051980
vt 0.0578170 0.5902900
vt 0.0572750 0.5875580
vt 0.0508490 0.5774240
vt 0.0524810 0.5791350
vt 0.0267690 0.5894510
vt 0.0312820 0.6026430
vt 0.0268620 0.5872130
vt 0.0272720 0.5845060
vt 0.0432140 0.6028970
vt 0.0396530 0.6026990
vt 0.0541490 0.5935150
vt 0.0528730 0.5967990
vt 0.0448000 0.5779800
vt 0.0471620 0.5789060
vt 0.0308060 0.5936080
vt 0.0304550 0.5915180
vt 0.0365860 0.6015700
vt 0.0544430 0.5906310
vt 0.0541700 0.5883330
vt 0.0487090 0.5798890
vt 0.0501810 0.5811190
vt 0.0304130 0.5895230
vt 0.0342030 0.5998310
vt 0.0536290 0.5864740
vt 0.0305330 0.5877750
vt 0.0309640 0.5858220
vt 0.0325130 0.5978170
vt 0.0528560 0.5848120
vt 0.0503490 0.5998560
vt 0.0469230 0.6019440
vt 0.0314790 0.5957000
vt 0.0517670 0.5829780
vt 0.0413730 0.5776230
vt 0.0320600 0.5833010
vt 0.0341070 0.5807490
vt 0.0431220 0.6004590
vt 0.0460110 0.5996570
vt 0.0503810 0.5838920
vt 0.0514300 0.5855250
vt 0.0507900 0.5957530
vt 0.0487200 0.5980740
vt 0.0414840 0.5798510
vt 0.0442790 0.5799980
vt 0.0338980 0.5845340
vt 0.0355690 0.5824940
vt 0.0333240 0.5949240
vt 0.0327040 0.5931180
vt 0.0402960 0.6003780
vt 0.0520230 0.5932000
vt 0.0462360 0.5806180
vt 0.0324000 0.5912820
vt 0.0378080 0.5995760
vt 0.0524950 0.5908090
vt 0.0524410 0.5887740
vt 0.0475690 0.5813220
vt 0.0488920 0.5823040
vt 0.0323680 0.5895590
vt 0.0358120 0.5982580
vt 0.0520660 0.5870720
vt 0.0325580 0.5880970
vt 0.0329580 0.5865310
vt 0.0343320 0.5966550
vt 0.0368120 0.5972300
vt 0.0354670 0.5958970
vt 0.0345190 0.5944040
vt 0.0339240 0.5928070
vt 0.0336230 0.5896270
vt 0.0336220 0.5911610
vt 0.0495000 0.5845640
vt 0.0504590 0.5860600
vt 0.0341860 0.5870290
vt 0.0337980 0.5883570
vt 0.0364990 0.5836150
vt 0.0350350 0.5853490
vt 0.0440400 0.5813070
vt 0.0416180 0.5812750
vt 0.0430800 0.5989110
vt 0.0407020 0.5989000
vt 0.0457410 0.5817610
vt 0.0477470 0.5968880
vt 0.0495270 0.5950370
vt 0.0510210 0.5875050
vt 0.0512120 0.5909030
vt 0.0512770 0.5890840
vt 0.0469200 0.5823200
vt 0.0481140 0.5831580
vt 0.0506740 0.5929420
vt 0.0455060 0.5982300
vt 0.0385710 0.5982880
vt 0.0376090 0.5963640
vt 0.0391770 0.5972270
vt 0.0501340 0.5909450
vt 0.0502770 0.5893250
vt 0.0495940 0.5926860
vt 0.0464420 0.5832080
vt 0.0454010 0.5827410
vt 0.0438910 0.5824160
vt 0.0417610 0.5824560
vt 0.0470050 0.5959320
vt 0.0485570 0.5944190
vt 0.0346670 0.5897330
vt 0.0346850 0.5910910
vt 0.0410180 0.5977000
vt 0.0430420 0.5976730
vt 0.0348340 0.5886290
vt 0.0363890 0.5952490
vt 0.0451040 0.5970670
vt 0.0501060 0.5878810
vt 0.0496300 0.5865570
vt 0.0372730 0.5845470
vt 0.0359720 0.5860510
vt 0.0355210 0.5939680
vt 0.0487650 0.5852080
vt 0.0349580 0.5925620
vt 0.0351960 0.5874940
vt 0.0359100 0.5889210
vt 0.0357730 0.5898500
vt 0.0373030 0.5945530
vt 0.0383830 0.5954580
vt 0.0463130 0.5950040
vt 0.0476400 0.5937830
vt 0.0487430 0.5870890
vt 0.0479840 0.5859090
vt 0.0491280 0.5882450
vt 0.0380590 0.5854530
vt 0.0369280 0.5867510
vt 0.0365420 0.5934930
vt 0.0429800 0.5964910
vt 0.0447050 0.5959600
vt 0.0492210 0.5895130
vt 0.0450500 0.5837740
vt 0.0437360 0.5835460
vt 0.0360600 0.5922950
vt 0.0490420 0.5909210
vt 0.0485430 0.5923830
vt 0.0362350 0.5879690
vt 0.0358110 0.5910190
vt 0.0397460 0.5961580
vt 0.0412980 0.5965360
vt 0.0459600 0.5841410
vt 0.0418870 0.5836320
vt 0.0478620 0.5886440
vt 0.0475720 0.5877100
vt 0.0389690 0.5864430
vt 0.0380490 0.5874850
vt 0.0377440 0.5928480
vt 0.0383550 0.5936640
vt 0.0428500 0.5951640
vt 0.0442000 0.5947280
vt 0.0478940 0.5896780
vt 0.0445640 0.5849860
vt 0.0434760 0.5848410
vt 0.0373840 0.5918880
vt 0.0477110 0.5908240
vt 0.0472980 0.5919810
vt 0.0374690 0.5884510
vt 0.0371860 0.5908620
vt 0.0403350 0.5948960
vt 0.0415500 0.5952020
vt 0.0465710 0.5930570
vt 0.0453130 0.5852640
vt 0.0419780 0.5849470
vt 0.0371130 0.5899330
vt 0.0392340 0.5943490
vt 0.0455010 0.5939930
vt 0.0371910 0.5892000
vt 0.0469510 0.5867480
vt 0.0409040 0.5888850
vt 0.0390470 0.5888710
vt 0.0394310 0.5882080
vt 0.0410190 0.5885120
vt 0.0388780 0.5893870
vt 0.0408990 0.5892120
vt 0.0409870 0.5895910
vt 0.0388510 0.5899050
vt 0.0451550 0.5922140
vt 0.0435450 0.5916480
vt 0.0436960 0.5912260
vt 0.0456460 0.5914850
vt 0.0417850 0.5917310
vt 0.0403140 0.5929720
vt 0.0397180 0.5924960
vt 0.0415280 0.5913760
vt 0.0420050 0.5864090
vt 0.0419550 0.5874960
vt 0.0413340 0.5877190
vt 0.0408400 0.5868180
vt 0.0420750 0.5920340
vt 0.0410480 0.5933590
vt 0.0430130 0.5863550
vt 0.0422840 0.5876780
vt 0.0400250 0.5874770
vt 0.0411800 0.5881060
vt 0.0433050 0.5920110
vt 0.0444390 0.5928410
vt 0.0435790 0.5933420
vt 0.0430790 0.5923460
vt 0.0393080 0.5919330
vt 0.0413400 0.5909650
vt 0.0425940 0.5924920
vt 0.0426670 0.5936340
vt 0.0418360 0.5936030
vt 0.0423490 0.5922740
vt 0.0430280 0.5883660
vt 0.0447910 0.5870720
vt 0.0454120 0.5877530
vt 0.0433580 0.5888070
vt 0.0437590 0.5864620
vt 0.0425740 0.5878680
vt 0.0458650 0.5884420
vt 0.0436100 0.5892720
vt 0.0390690 0.5912690
vt 0.0412120 0.5905120
vt 0.0427850 0.5880770
vt 0.0442710 0.5866700
vt 0.0389220 0.5905550
vt 0.0410980 0.5900390
vt 0.0460610 0.5891190
vt 0.0437420 0.5897390
vt 0.0459260 0.5906810
vt 0.0437620 0.5907430
vt 0.0437810 0.5902330
vt 0.0460660 0.5898640
vt 0.0402630 0.5855200
vt 0.8527470 0.4210520
vt 0.8553260 0.4166710
vt 0.8784580 0.3725010
vt 0.8816290 0.3404180
vt 0.8504770 0.4250110
vt 0.8449320 0.4338460
vt 0.8429730 0.4380540
vt 0.8438700 0.4361850
vt 0.8421810 0.4398330
vt 0.8417300 0.4410160
vt 0.3540630 0.9080520
vt 0.3570630 0.9214680
vt 0.3590490 0.9328930
vt 0.3610250 0.9434050
vt 0.3627170 0.9491060
vt 0.9558800 0.4071340
vt 0.9637950 0.3989780
vt 0.9494010 0.4130200
vt 0.9443000 0.4179300
vt 0.9399180 0.4226530
vt 0.9359160 0.4273580
vt 0.8715060 0.4796820
vt 0.9149500 0.4570830
vt 0.9162630 0.4553510
vt 0.9130360 0.4603860
vt 0.9118180 0.4627690
vt 0.9124330 0.4614360
vt 0.9114800 0.4638090
vt 0.9114220 0.4647300
vt 0.9110880 0.4654310
vt 0.9105150 0.4663150
vt 0.9098810 0.4671040
vt 0.9096190 0.4671660
vt 0.8069730 0.0444770
vt 0.8081910 0.0464610
vt 0.8093510 0.0480750
vt 0.8099000 0.0494410
vt 0.8105010 0.0523130
vt 0.8099200 0.0577240
vt 0.8095250 0.0668310
vt 0.8091550 0.0788930
vt 0.8101940 0.0928390
vt 0.8120180 0.1097880
vt 0.8158580 0.1192850
vt 0.8116480 0.1275320
vt 0.8030590 0.1192530
vt 0.7989010 0.1064310
vt 0.7934820 0.0939840
vt 0.7898240 0.0803250
vt 0.7887730 0.0663240
vt 0.7901840 0.0562910
vt 0.7924670 0.0495560
vt 0.7954110 0.0461580
vt 0.7984990 0.0442990
vt 0.8018950 0.0428220
vt 0.8039130 0.0405180
vt 0.9092720 0.4671370
vt 0.9089620 0.4665470
vt 0.9083220 0.4657980
vt 0.9078490 0.4650400
vt 0.9077120 0.4643790
vt 0.9077770 0.4636460
vt 0.9075710 0.4622390
vt 0.9075790 0.4608600
vt 0.9069370 0.4596620
vt 0.9060740 0.4571890
vt 0.9053590 0.4550390
vt 0.8714940 0.4775200
vt 0.8716920 0.4752830
vt 0.8729360 0.4780020
vt 0.8729970 0.4758370
vt 0.8722200 0.4723340
vt 0.8733460 0.4698930
vt 0.8082000 0.1248120
vt 0.8119040 0.1211530
vt 0.9009640 0.4575420
vt 0.8747950 0.4679240
vt 0.8363690 0.4056980
vt 0.8302590 0.4094970
vt 0.8290810 0.4050160
vt 0.8361630 0.4006730
vt 0.8245320 0.4152660
vt 0.8225200 0.4116210
vt 0.8194460 0.4225350
vt 0.8168420 0.4197530
vt 0.8149030 0.4308590
vt 0.8115470 0.4400540
vt 0.8081140 0.4388290
vt 0.8117460 0.4289050
vt 0.8093190 0.4495630
vt 0.8055690 0.4490260
vt 0.8080210 0.4591560
vt 0.8037890 0.4587840
vt 0.8074190 0.4682710
vt 0.8028960 0.4680600
vt 0.8073240 0.4765980
vt 0.8026210 0.4765920
vt 0.8069600 0.4831680
vt 0.8021800 0.4831680
vt 0.8758020 0.4664010
vt 0.8764700 0.4648260
vt 0.8634520 0.4490250
vt 0.8656850 0.4540150
vt 0.8613680 0.4600120
vt 0.8593220 0.4571410
vt 0.8532870 0.4661010
vt 0.8559850 0.4678420
vt 0.8535560 0.4715010
vt 0.8504220 0.4698360
vt 0.8594220 0.4799310
vt 0.8550950 0.4796060
vt 0.8558960 0.4763090
vt 0.8599280 0.4770260
vt 0.8560970 0.4623330
vt 0.8585430 0.4641430
vt 0.8593120 0.4831680
vt 0.8549020 0.4831680
vt 0.8788650 0.4667700
vt 0.8571890 0.4561580
vt 0.8542640 0.4611570
vt 0.8524910 0.4604270
vt 0.8550520 0.4554980
vt 0.7968540 0.4831680
vt 0.7971600 0.4764460
vt 0.7979470 0.4675790
vt 0.7991510 0.4579950
vt 0.8012280 0.4479400
vt 0.8850390 0.4718800
vt 0.8815790 0.4646220
vt 0.8846100 0.4676460
vt 0.8728860 0.4800310
vt 0.8953500 0.4610450
vt 0.8425130 0.4580120
vt 0.8430470 0.4588490
vt 0.8434030 0.4596920
vt 0.8440780 0.4606070
vt 0.8459280 0.4636640
vt 0.8448230 0.4618480
vt 0.8042360 0.4371380
vt 0.8758600 0.4624050
vt 0.8594220 0.4492410
vt 0.0475070 0.5839350
vt 0.0468870 0.5847810
vt 0.0460590 0.5858100
vt 0.8082550 0.4264580
vt 0.9360240 0.4774480
vt 0.9369480 0.4831680
vt 0.8565160 0.4492680
vt 0.8733640 0.4729480
vt 0.8433380 0.3985990
vt 0.8426680 0.4039970
vt 0.9339550 0.4710230
vt 0.8812010 0.4603840
vt 0.9310650 0.4644060
vt 0.9274370 0.4584940
vt 0.9235060 0.4535650
vt 0.8664860 0.4646150
vt 0.8700870 0.4617950
vt 0.9196990 0.4501730
vt 0.9149560 0.4493840
vt 0.9100440 0.4495910
vt 0.9049030 0.4515120
vt 0.8997180 0.4546590
vt 0.8936220 0.4584890
vt 0.8860300 0.4521150
vt 0.8916910 0.4488610
vt 0.8924730 0.4545730
vt 0.8868580 0.4576380
vt 0.8137070 0.4163080
vt 0.8198980 0.4070270
vt 0.8274420 0.3999680
vt 0.8356230 0.3948930
vt 0.8759590 0.4004600
vt 0.8809100 0.3931860
vt 0.8897050 0.3994450
vt 0.8831620 0.4069460
vt 0.8438630 0.3926680
vt 0.8520460 0.3919360
vt 0.8505660 0.3980350
vt 0.8601380 0.3929130
vt 0.8576690 0.3991270
vt 0.8681550 0.3957190
vt 0.8646040 0.4019930
vt 0.8713060 0.4066390
vt 0.8775670 0.4129740
vt 0.9270410 0.4201650
vt 0.9459250 0.4762750
vt 0.9463850 0.4831680
vt 0.9417690 0.4831680
vt 0.9410400 0.4768330
vt 0.9041780 0.4423850
vt 0.9116320 0.4400980
vt 0.9107940 0.4450110
vt 0.9045440 0.4472560
vt 0.8573630 0.4728740
vt 0.9445750 0.4697510
vt 0.9490030 0.4688490
vt 0.9503410 0.4757830
vt 0.9192500 0.4396160
vt 0.9169730 0.4448230
vt 0.9322800 0.4467030
vt 0.9362490 0.4431530
vt 0.9419350 0.4513080
vt 0.9379590 0.4536370
vt 0.9419560 0.4620400
vt 0.9465520 0.4604240
vt 0.9261670 0.4418640
vt 0.9215180 0.4340250
vt 0.9295010 0.4371470
vt 0.9531690 0.4759970
vt 0.9535870 0.4831680
vt 0.9507420 0.4831680
vt 0.9518420 0.4683660
vt 0.9496480 0.4596340
vt 0.8726450 0.4180260
vt 0.8672420 0.4119440
vt 0.8717350 0.3887890
vt 0.8614040 0.4075250
vt 0.8552140 0.4045940
vt 0.8591310 0.4693650
vt 0.8613300 0.4659050
vt 0.8489640 0.4036900
vt 0.8534920 0.3854630
vt 0.8442320 0.3867190
vt 0.8443810 0.3810770
vt 0.8546790 0.3792660
vt 0.8349620 0.3893530
vt 0.8340630 0.3842440
vt 0.8419430 0.4086880
vt 0.8473200 0.4083490
vt 0.8527790 0.4093220
vt 0.8583200 0.4120130
vt 0.8636620 0.4164740
vt 0.8683210 0.4223300
vt 0.8626090 0.3860990
vt 0.8648100 0.3791500
vt 0.7924090 0.4761360
vt 0.7919640 0.4831680
vt 0.7925730 0.4669580
vt 0.7962040 0.4463300
vt 0.7938920 0.4571790
vt 0.7995550 0.4348090
vt 0.8255290 0.3950720
vt 0.8235790 0.3901800
vt 0.8169990 0.4024270
vt 0.8754040 0.3810420
vt 0.8863770 0.3847280
vt 0.8972760 0.3908770
vt 0.8969570 0.4085030
vt 0.8889720 0.4149330
vt 0.9041540 0.4360570
vt 0.9126470 0.4339110
vt 0.9394430 0.4705880
vt 0.9279560 0.4496740
vt 0.9326150 0.4560910
vt 0.9366060 0.4634470
vt 0.9228090 0.4462280
vt 0.9453190 0.4496550
vt 0.8641890 0.4623940
vt 0.8681340 0.4583130
vt 0.8716180 0.4477440
vt 0.8772080 0.4435700
vt 0.8987640 0.4507420
vt 0.8978050 0.4455260
vt 0.9398340 0.4395800
vt 0.9326730 0.4323040
vt 0.9239620 0.4276270
vt 0.9570450 0.4831680
vt 0.9141230 0.4250390
vt 0.9149770 0.4131930
vt 0.9065110 0.4008750
vt 0.8825060 0.4205090
vt 0.8638890 0.4675330
vt 0.8621110 0.4708070
vt 0.8608630 0.4740190
vt 0.8878520 0.4614680
vt 0.8445750 0.1581360
vt 0.8541900 0.1570890
vt 0.8552720 0.1675670
vt 0.8668050 0.1833660
vt 0.8575980 0.1847800
vt 0.8619170 0.2030180
vt 0.8534330 0.2225530
vt 0.8665060 0.2206020
vt 0.8586160 0.2401240
vt 0.8715310 0.2381030
vt 0.8631960 0.2588010
vt 0.8766420 0.2583230
vt 0.8670230 0.2774800
vt 0.8794000 0.2785010
vt 0.8772220 0.2935930
vt 0.8813060 0.3082350
vt 0.8737530 0.3042760
vt 0.8970250 0.4390630
vt 0.8905550 0.4424080
vt 0.8888380 0.4357960
vt 0.8957190 0.4317340
vt 0.8845790 0.4459820
vt 0.9040510 0.4278800
vt 0.8933490 0.4236660
vt 0.8863130 0.4283060
vt 0.8750210 0.4368850
vt 0.8695930 0.4418480
vt 0.8675740 0.4339470
vt 0.8723060 0.4297400
vt 0.9022770 0.4183530
vt 0.8631710 0.4387840
vt 0.8597400 0.4409400
vt 0.8564820 0.4422220
vt 0.8533380 0.4434570
vt 0.8507180 0.4444220
vt 0.8485670 0.4452390
vt 0.8468170 0.4459510
vt 0.8455320 0.4466700
vt 0.8444270 0.4469620
vt 0.0397250 0.5843270
vt 0.0392260 0.5832370
vt 0.0387240 0.5821200
vt 0.0381360 0.5807660
vt 0.0372690 0.5786440
vt 0.0358030 0.5747180
vt 0.0335930 0.5677730
vt 0.0240390 0.5528810
vt 0.8414830 0.4473990
vt 0.8395490 0.4469540
vt 0.8426730 0.4473340
vt 0.8437360 0.4471290
vt 0.8772500 0.4250690
vt 0.8828730 0.4396850
vt 0.8804800 0.4327170
vt 0.8897870 0.4639530
vt 0.8940250 0.4649530
vt 0.8966530 0.4658030
vt 0.8922050 0.4750260
vt 0.8905520 0.4683050
vt 0.9038090 0.4730370
vt 0.9058870 0.4734250
vt 0.8894660 0.4718900
vt 0.9070360 0.4736940
vt 0.7945220 0.0260050
vt 0.7901740 0.0289860
vt 0.7854050 0.0324600
vt 0.7814780 0.0361060
vt 0.7778210 0.0415550
vt 0.7745000 0.0516590
vt 0.7731790 0.0649490
vt 0.7760820 0.0814410
vt 0.7799730 0.0964640
vt 0.8248500 0.1355530
vt 0.8269210 0.1359950
vt 0.8349470 0.1364400
vt 0.8406870 0.1360670
vt 0.8183580 0.3230660
vt 0.7987980 0.3775600
vt 0.8033020 0.3829190
vt 0.7943650 0.3717020
vt 0.7906090 0.3643860
vt 0.7876800 0.3555910
vt 0.8007740 0.3526780
vt 0.8030470 0.3595780
vt 0.8115060 0.3711940
vt 0.8165070 0.3759240
vt 0.8069880 0.3662120
vt 0.8119050 0.3506760
vt 0.8140170 0.3560940
vt 0.8232850 0.3653760
vt 0.8312900 0.3687330
vt 0.8179530 0.3614270
vt 0.8747160 0.3159440
vt 0.8687490 0.3121540
vt 0.8618080 0.3097790
vt 0.8548370 0.3085950
vt 0.8821740 0.3289570
vt 0.8787830 0.3206180
vt 0.7998910 0.3449310
vt 0.8113370 0.3445720
vt 0.7868430 0.3455570
vt 0.8451420 0.3661980
vt 0.8208670 0.3352080
vt 0.8243180 0.3311600
vt 0.8389790 0.3183470
vt 0.8472300 0.3162590
vt 0.8655090 0.3556170
vt 0.8566280 0.3595200
vt 0.8338130 0.3293060
vt 0.8366020 0.3325860
vt 0.8352190 0.3334830
vt 0.8324020 0.3315030
vt 0.8757630 0.3399690
vt 0.8738730 0.3491150
vt 0.8688360 0.3222440
vt 0.8728250 0.3262500
vt 0.8420500 0.3596480
vt 0.8443940 0.3570620
vt 0.8502260 0.3563270
vt 0.8492330 0.3586820
vt 0.8646510 0.3261000
vt 0.8611380 0.3313780
vt 0.8563760 0.3298620
vt 0.8598000 0.3241720
vt 0.8265550 0.3581160
vt 0.8229890 0.3537640
vt 0.8475810 0.3619070
vt 0.8255170 0.3443740
vt 0.8293250 0.3427280
vt 0.8281310 0.3471530
vt 0.8265460 0.3489220
vt 0.8725010 0.3397610
vt 0.8700390 0.3400460
vt 0.8682240 0.3364770
vt 0.8712080 0.3353150
vt 0.8312270 0.3521270
vt 0.8283570 0.3525210
vt 0.8532120 0.3163380
vt 0.8658530 0.3337300
vt 0.8691810 0.3318150
vt 0.8363320 0.3585790
vt 0.8393710 0.3564700
vt 0.8362640 0.3270610
vt 0.8382750 0.3317290
vt 0.8266730 0.3275630
vt 0.8640190 0.3534330
vt 0.8625010 0.3520470
vt 0.8684060 0.3465360
vt 0.8705050 0.3475560
vt 0.8550500 0.3226170
vt 0.8527150 0.3290760
vt 0.8492070 0.3286530
vt 0.8516260 0.3226030
vt 0.8374610 0.3521610
vt 0.8351400 0.3547320
vt 0.8344840 0.3497930
vt 0.8664900 0.3416730
vt 0.8649840 0.3462110
vt 0.8554260 0.3520960
vt 0.8563500 0.3547030
vt 0.8506350 0.3535440
vt 0.8596690 0.3332290
vt 0.8540230 0.3314790
vt 0.8312130 0.3460470
vt 0.8598660 0.3502830
vt 0.8389060 0.3327560
vt 0.8374390 0.3334360
vt 0.8652930 0.3382010
vt 0.8413450 0.3537750
vt 0.8457770 0.3541260
vt 0.8346330 0.3353210
vt 0.8338940 0.3344750
vt 0.8362520 0.3341780
vt 0.8412560 0.3315980
vt 0.8410580 0.3304880
vt 0.8447500 0.3293980
vt 0.8443490 0.3308590
vt 0.8477380 0.3305510
vt 0.8630090 0.3351990
vt 0.8313360 0.3428230
vt 0.8507660 0.3309450
vt 0.8327480 0.3382760
vt 0.8311300 0.3381870
vt 0.8325350 0.3432570
vt 0.8335980 0.3462550
vt 0.8504130 0.3322020
vt 0.8472030 0.3317250
vt 0.8334690 0.3386690
vt 0.8351110 0.3358810
vt 0.8467260 0.3521440
vt 0.8510260 0.3515430
vt 0.8581170 0.3342620
vt 0.8613800 0.3362150
vt 0.8390840 0.3508830
vt 0.8362450 0.3490490
vt 0.8637580 0.3421610
vt 0.8621930 0.3459180
vt 0.8552310 0.3503580
vt 0.8531210 0.3327010
vt 0.8579730 0.3492850
vt 0.8396950 0.3333240
vt 0.8380350 0.3340420
vt 0.8632410 0.3389110
vt 0.8427130 0.3520090
vt 0.8366400 0.3346190
vt 0.8416790 0.3326240
vt 0.8447370 0.3317500
vt 0.8436940 0.3508670
vt 0.8444150 0.3500690
vt 0.8477920 0.3500940
vt 0.8473720 0.3508550
vt 0.8609370 0.3395320
vt 0.8598310 0.3398890
vt 0.8582940 0.3377550
vt 0.8593270 0.3372430
vt 0.8385150 0.3345730
vt 0.8391110 0.3354400
vt 0.8371620 0.3356960
vt 0.8369700 0.3352770
vt 0.8566550 0.3477130
vt 0.8555260 0.3468790
vt 0.8566760 0.3456420
vt 0.8585720 0.3456050
vt 0.8347280 0.3438480
vt 0.8354120 0.3436720
vt 0.8363050 0.3453540
vt 0.8355090 0.3455010
vt 0.8499350 0.3337300
vt 0.8498850 0.3342490
vt 0.8477430 0.3339030
vt 0.8476660 0.3333980
vt 0.8512870 0.3494740
vt 0.8512190 0.3502560
vt 0.8567500 0.3354910
vt 0.8562970 0.3359950
vt 0.8519560 0.3347560
vt 0.8521300 0.3342320
vt 0.8388870 0.3478850
vt 0.8378420 0.3485590
vt 0.8403730 0.3344590
vt 0.8407400 0.3347950
vt 0.8616790 0.3424790
vt 0.8599580 0.3424350
vt 0.8533530 0.3473560
vt 0.8538730 0.3483690
vt 0.8512380 0.3487280
vt 0.8545230 0.3462060
vt 0.8367290 0.3382360
vt 0.8363140 0.3378460
vt 0.8377560 0.3368510
vt 0.8436230 0.3346510
vt 0.8432010 0.3342760
vt 0.8461310 0.3339070
vt 0.8461710 0.3343630
vt 0.8475560 0.3344280
vt 0.8363410 0.3400070
vt 0.8355790 0.3397900
vt 0.8556360 0.3363280
vt 0.8574800 0.3380130
vt 0.8422640 0.3485080
vt 0.8414120 0.3492510
vt 0.8396780 0.3474330
vt 0.8580920 0.3423010
vt 0.8555860 0.3454400
vt 0.8527890 0.3432250
vt 0.8516040 0.3427800
vt 0.8516110 0.3418200
vt 0.8527690 0.3422800
vt 0.8469990 0.3470720
vt 0.8475380 0.3460370
vt 0.8490820 0.3461820
vt 0.8488690 0.3471410
vt 0.8423670 0.3410970
vt 0.8407670 0.3402340
vt 0.8411030 0.3393110
vt 0.8424240 0.3402450
vt 0.8526720 0.3441710
vt 0.8515300 0.3436250
vt 0.8478150 0.3388160
vt 0.8483120 0.3377110
vt 0.8499960 0.3384640
vt 0.8492120 0.3392180
vt 0.8424700 0.3378960
vt 0.8430790 0.3389810
vt 0.8426640 0.3395320
vt 0.8415920 0.3385610
vt 0.8455050 0.3386900
vt 0.8453720 0.3373060
vt 0.8467540 0.3374240
vt 0.8465680 0.3388470
vt 0.8514500 0.3409130
vt 0.8524950 0.3408290
vt 0.8515240 0.3443290
vt 0.8523350 0.3449670
vt 0.8519100 0.3456160
vt 0.8514270 0.3447830
vt 0.8444890 0.3385440
vt 0.8441920 0.3373970
vt 0.8405890 0.3428330
vt 0.8427950 0.3435340
vt 0.8437480 0.3442180
vt 0.8413250 0.3445260
vt 0.8453750 0.3362360
vt 0.8469280 0.3363210
vt 0.8438840 0.3364410
vt 0.8393430 0.3395620
vt 0.8398040 0.3385440
vt 0.8462800 0.3479630
vt 0.8485940 0.3480300
vt 0.8441180 0.3471890
vt 0.8452640 0.3463570
vt 0.8538710 0.3433270
vt 0.8541740 0.3417380
vt 0.8418840 0.3369780
vt 0.8405600 0.3376810
vt 0.8530610 0.3455580
vt 0.8524650 0.3463050
vt 0.8395280 0.3454180
vt 0.8435900 0.3456370
vt 0.8415300 0.3464670
vt 0.8529550 0.3378970
vt 0.8516400 0.3391820
vt 0.8508790 0.3372070
vt 0.8510020 0.3472710
vt 0.8508710 0.3463900
vt 0.8534230 0.3445460
vt 0.8540860 0.3388280
vt 0.8406310 0.3412830
vt 0.8389450 0.3413560
vt 0.8487790 0.3366780
vt 0.8388990 0.3438410
vt 0.8403820 0.3501220
vt 0.8544200 0.3495510
vt 0.8319070 0.3562610
vt 0.8549170 0.3369250
vt 0.8515460 0.3362950
vt 0.8515030 0.3352110
vt 0.8370380 0.3452300
vt 0.8377230 0.3451480
vt 0.8404950 0.3470070
vt 0.8409880 0.3352870
vt 0.8412330 0.3358170
vt 0.8396820 0.3366760
vt 0.8392210 0.3359140
vt 0.8560420 0.3429680
vt 0.8569150 0.3405640
vt 0.8585540 0.3402450
vt 0.8450240 0.3493880
vt 0.8456100 0.3487240
vt 0.8483750 0.3488180
vt 0.8481180 0.3494530
vt 0.8562890 0.3383770
vt 0.8383200 0.3376960
vt 0.8537990 0.3459510
vt 0.8546750 0.3450570
vt 0.8361900 0.3436860
vt 0.8369630 0.3435830
vt 0.8498010 0.3347840
vt 0.8492040 0.3357480
vt 0.8470810 0.3349990
vt 0.8511800 0.3480560
vt 0.8430820 0.3478690
vt 0.8460180 0.3336000
vt 0.8451360 0.3447030
vt 0.8508720 0.3454860
vt 0.8423480 0.3419490
vt 0.8430230 0.3338170
vt 0.8357010 0.3364940
vt 0.8348800 0.3397590
vt 0.8505560 0.3399200
vt 0.8462000 0.3454180
vt 0.8458410 0.3440540
vt 0.8473130 0.3445890
vt 0.8478950 0.3450690
vt 0.8491250 0.3451090
vt 0.8502370 0.3445590
vt 0.8502810 0.3441190
vt 0.8501650 0.3435330
vt 0.8501340 0.3428400
vt 0.8501100 0.3420590
vt 0.8502340 0.3413010
vt 0.8503930 0.3407450
vt 0.8496400 0.3402720
vt 0.8484900 0.3399510
vt 0.8472750 0.3399440
vt 0.8462710 0.3400540
vt 0.8455080 0.3399920
vt 0.8447560 0.3398070
vt 0.8440370 0.3401010
vt 0.8438190 0.3406390
vt 0.8436720 0.3412500
vt 0.8435670 0.3418970
vt 0.8435320 0.3425380
vt 0.8440180 0.3433870
vt 0.8447900 0.3437180
vt 0.8470130 0.3407050
vt 0.8463340 0.3408710
vt 0.8452660 0.3431580
vt 0.8461440 0.3434180
vt 0.8371730 0.3402620
vt 0.8481840 0.3407610
vt 0.8492170 0.3408830
vt 0.8474830 0.3439300
vt 0.8462690 0.3427480
vt 0.8474970 0.3429810
vt 0.8453770 0.3420140
vt 0.8463400 0.3421500
vt 0.8453940 0.3425810
vt 0.8482660 0.3440880
vt 0.8483550 0.3430460
vt 0.8492130 0.3438250
vt 0.8491650 0.3431180
vt 0.8491260 0.3423730
vt 0.8473790 0.3422720
vt 0.8483410 0.3422260
vt 0.8470620 0.3414040
vt 0.8482280 0.3415150
vt 0.8463310 0.3414690
vt 0.8453730 0.3414470
vt 0.8454100 0.3408260
vt 0.8491080 0.3416120
vt 0.8529500 0.3466730
vt 0.8378250 0.3388380
vt 0.8437840 0.3352540
vt 0.8454880 0.3350220
vt 0.8265300 0.3375890
vt 0.8299950 0.3336620
vt 0.8399690 0.3241130
vt 0.8464530 0.3231470
vt 0.8566370 0.3566440
vt 0.8299180 0.3246160
vt 0.8383080 0.3629450
vt 0.8638050 0.3194740
vt 0.8203630 0.3435150
vt 0.8211400 0.3496350
vt 0.8763420 0.3330870
vt 0.8313850 0.3611340
vt 0.8333520 0.3215750
vt 0.8581980 0.3175700
vt 0.8332180 0.5181890
vt 0.8335040 0.5152300
vt 0.8345010 0.5154040
vt 0.8343630 0.5183610
vt 0.8306400 0.5183470
vt 0.8309240 0.5149460
vt 0.8323420 0.5151490
vt 0.8320590 0.5182670
vt 0.8334920 0.5209410
vt 0.8324250 0.5212510
vt 0.8312060 0.5217060
vt 0.8333580 0.5238040
vt 0.8323060 0.5247810
vt 0.8342830 0.5232170
vt 0.8344100 0.5257530
vt 0.8337350 0.5270090
vt 0.8349860 0.5249100
vt 0.8354450 0.5270820
vt 0.8350590 0.5287550
vt 0.8358300 0.5259750
vt 0.8364820 0.5279130
vt 0.8363080 0.5298900
vt 0.8366680 0.5267230
vt 0.8376940 0.5286430
vt 0.8375030 0.5304460
vt 0.8377210 0.5271200
vt 0.8387230 0.5284670
vt 0.8387950 0.5303830
vt 0.8387220 0.5269330
vt 0.8399470 0.5280950
vt 0.8402150 0.5301970
vt 0.8397640 0.5265690
vt 0.8410310 0.5275480
vt 0.8415620 0.5295170
vt 0.8407700 0.5260510
vt 0.8446200 0.5228170
vt 0.8457970 0.5236100
vt 0.8444620 0.5260920
vt 0.8435790 0.5247940
vt 0.8437520 0.5223100
vt 0.8428630 0.5240890
vt 0.8442060 0.5138540
vt 0.8454190 0.5134070
vt 0.8457220 0.5163980
vt 0.8444360 0.5165040
vt 0.8465230 0.5133800
vt 0.8469760 0.5168710
vt 0.8437240 0.5113170
vt 0.8445570 0.5107330
vt 0.8455520 0.5104120
vt 0.8431430 0.5097260
vt 0.8437960 0.5090410
vt 0.8445190 0.5083860
vt 0.8344070 0.5122030
vt 0.8354340 0.5124940
vt 0.8320410 0.5115570
vt 0.8333370 0.5119280
vt 0.8338130 0.5085950
vt 0.8348420 0.5091010
vt 0.8357520 0.5095160
vt 0.8366320 0.5098310
vt 0.8356690 0.5063710
vt 0.8363570 0.5070160
vt 0.8368820 0.5076090
vt 0.8374750 0.5080400
vt 0.8372330 0.5051210
vt 0.8375980 0.5058060
vt 0.8379390 0.5063580
vt 0.8385630 0.5071920
vt 0.8396340 0.5039090
vt 0.8396750 0.5047690
vt 0.8386490 0.5050050
vt 0.8385810 0.5043560
vt 0.8398150 0.5054470
vt 0.8401930 0.5061370
vt 0.8395110 0.5064530
vt 0.8386640 0.5054870
vt 0.8407210 0.5037930
vt 0.8406080 0.5047400
vt 0.8406780 0.5057540
vt 0.8407180 0.5063070
vt 0.8418420 0.5042140
vt 0.8415800 0.5050990
vt 0.8413900 0.5061500
vt 0.8413730 0.5071660
vt 0.8474270 0.5248670
vt 0.8457040 0.5276710
vt 0.8454160 0.5073440
vt 0.8467440 0.5095130
vt 0.8481370 0.5129040
vt 0.8501360 0.5122790
vt 0.8510070 0.5171150
vt 0.8487310 0.5170410
vt 0.8421480 0.5315390
vt 0.8405070 0.5320640
vt 0.8388640 0.5320910
vt 0.8374520 0.5320000
vt 0.8361000 0.5314680
vt 0.8347120 0.5302930
vt 0.8332240 0.5284150
vt 0.8314410 0.5256240
vt 0.8300160 0.5222670
vt 0.8294710 0.5184820
vt 0.8297580 0.5148360
vt 0.8309710 0.5111980
vt 0.8329140 0.5080020
vt 0.8351520 0.5056670
vt 0.8327360 0.5302450
vt 0.8305390 0.5266390
vt 0.8382890 0.5035300
vt 0.8395390 0.5030600
vt 0.8408100 0.5030490
vt 0.8422160 0.5037200
vt 0.8368390 0.5043450
vt 0.8362510 0.5030010
vt 0.8379480 0.5021110
vt 0.8341290 0.5045670
vt 0.8356930 0.5008230
vt 0.8377610 0.4998960
vt 0.8395550 0.4995640
vt 0.8394490 0.5017070
vt 0.8413460 0.4997530
vt 0.8409720 0.5017890
vt 0.8434210 0.5006310
vt 0.8427370 0.5027010
vt 0.8339940 0.4942740
vt 0.8367290 0.4933430
vt 0.8374600 0.4968590
vt 0.8350140 0.4977800
vt 0.8395580 0.4930550
vt 0.8422670 0.4934150
vt 0.8417830 0.4968430
vt 0.8396740 0.4965900
vt 0.8453730 0.4949280
vt 0.8443120 0.4979020
vt 0.8331880 0.4905180
vt 0.8362000 0.4897810
vt 0.8392960 0.4895650
vt 0.8426330 0.4900140
vt 0.8468280 0.4915530
vt 0.8324890 0.4869440
vt 0.8356210 0.4865690
vt 0.8512330 0.4907480
vt 0.8457790 0.4868640
vt 0.8501220 0.4868260
vt 0.8390050 0.4864290
vt 0.8424220 0.4865190
vt 0.8525070 0.5115870
vt 0.8535560 0.5171090
vt 0.8503520 0.5071110
vt 0.8482020 0.5083370
vt 0.8482300 0.5045970
vt 0.8464770 0.5061230
vt 0.8518040 0.5281740
vt 0.8494530 0.5322250
vt 0.8473810 0.5298790
vt 0.8493630 0.5264470
vt 0.8374440 0.5364170
vt 0.8358120 0.5357480
vt 0.8360240 0.5332420
vt 0.8374170 0.5337580
vt 0.8414910 0.5368830
vt 0.8393100 0.5368250
vt 0.8389650 0.5339990
vt 0.8409380 0.5341270
vt 0.8341500 0.5344410
vt 0.8345450 0.5322240
vt 0.8321430 0.5318660
vt 0.8299600 0.5279390
vt 0.8280120 0.5232720
vt 0.8288260 0.5227390
vt 0.8285870 0.5096390
vt 0.8308190 0.5056010
vt 0.8319060 0.5072410
vt 0.8298270 0.5107540
vt 0.8270860 0.5186050
vt 0.8281530 0.5185520
vt 0.8272720 0.5141280
vt 0.8284750 0.5146530
vt 0.8333060 0.5025800
vt 0.8322510 0.4995870
vt 0.8310240 0.4959150
vt 0.8299090 0.4918210
vt 0.8292780 0.4875220
vt 0.8242490 0.5042320
vt 0.8273890 0.4991430
vt 0.8290340 0.5026040
vt 0.8264960 0.5073870
vt 0.8229580 0.5111210
vt 0.8252120 0.5129420
vt 0.8242750 0.5246150
vt 0.8230360 0.5180840
vt 0.8252120 0.5184920
vt 0.8264480 0.5240340
vt 0.8267190 0.5308910
vt 0.8288390 0.5295980
vt 0.8403370 0.5441350
vt 0.8374490 0.5433350
vt 0.8374980 0.5396060
vt 0.8397430 0.5401490
vt 0.8349330 0.5422240
vt 0.8355620 0.5387610
vt 0.8435050 0.5442060
vt 0.8423540 0.5403230
vt 0.8322530 0.5399850
vt 0.8335880 0.5371890
vt 0.8295190 0.5360950
vt 0.8313080 0.5340940
vt 0.8240610 0.5319270
vt 0.8214460 0.5246830
vt 0.8273150 0.5380870
vt 0.8197340 0.5086170
vt 0.8209980 0.4994540
vt 0.8257760 0.4944320
vt 0.8409850 0.5482650
vt 0.8373010 0.5471900
vt 0.8339090 0.5454350
vt 0.8447510 0.5483780
vt 0.8305630 0.5424570
vt 0.8199970 0.5168970
vt 0.8485820 0.5477010
vt 0.8468500 0.5434700
vt 0.8248670 0.4885390
vt 0.8209700 0.5328740
vt 0.8182020 0.5250890
vt 0.8165310 0.5164830
vt 0.8157020 0.5076310
vt 0.8156340 0.4982900
vt 0.8155950 0.4900990
vt 0.8203970 0.4902840
vt 0.8129210 0.5164570
vt 0.8119850 0.5072300
vt 0.8178710 0.5340650
vt 0.8148160 0.5255730
vt 0.8116700 0.4975960
vt 0.8116630 0.4897840
vt 0.7937610 0.5521790
vt 0.7874050 0.5389930
vt 0.7940040 0.5346920
vt 0.7991200 0.5474570
vt 0.7830870 0.5255380
vt 0.7901130 0.5223410
vt 0.7801670 0.5123720
vt 0.7874710 0.5106440
vt 0.8459800 0.5529740
vt 0.8413520 0.5528030
vt 0.8369300 0.5515140
vt 0.8328580 0.5489450
vt 0.8285450 0.5450840
vt 0.8246920 0.5397650
vt 0.8505430 0.5521050
vt 0.8266290 0.5479420
vt 0.8219960 0.5416390
vt 0.8315110 0.5528820
vt 0.8365250 0.5563080
vt 0.8108390 0.5731570
vt 0.8018110 0.5633570
vt 0.8061430 0.5585820
vt 0.8140200 0.5684430
vt 0.7965450 0.5692190
vt 0.7876370 0.5574230
vt 0.8041210 0.5433160
vt 0.8100820 0.5542010
vt 0.8213350 0.5812830
vt 0.8195760 0.5851790
vt 0.8072950 0.5780100
vt 0.7186990 0.6151280
vt 0.7012410 0.6133050
vt 0.7099280 0.5749690
vt 0.7254530 0.5835120
vt 0.8700320 0.4851690
vt 0.8681270 0.4854980
vt 0.8688180 0.4921590
vt 0.8667240 0.4932060
vt 0.8663240 0.4904690
vt 0.8682760 0.4898440
vt 0.8695730 0.4947100
vt 0.8679990 0.4956710
vt 0.8637550 0.4913990
vt 0.8646530 0.4942910
vt 0.8660360 0.4973400
vt 0.8660470 0.4880020
vt 0.8658960 0.4857710
vt 0.8681610 0.4875280
vt 0.8631930 0.4861150
vt 0.8633400 0.4886370
vt 0.8699420 0.4871430
vt 0.8682560 0.5000530
vt 0.8697800 0.4981190
vt 0.8724910 0.5004560
vt 0.8715180 0.5021220
vt 0.8754500 0.4887040
vt 0.8746960 0.4877790
vt 0.8766140 0.4867270
vt 0.8767980 0.4875460
vt 0.8746650 0.4957010
vt 0.8755400 0.4951410
vt 0.8780030 0.4975190
vt 0.8765920 0.4981840
vt 0.8745400 0.4860330
vt 0.8745950 0.4846870
vt 0.8767540 0.4845810
vt 0.8766820 0.4857160
vt 0.8787760 0.4864710
vt 0.8786850 0.4874260
vt 0.8794230 0.4844990
vt 0.8792250 0.4855330
vt 0.8809730 0.4870060
vt 0.8804790 0.4877930
vt 0.8822210 0.4845590
vt 0.8816710 0.4857090
vt 0.8830560 0.4884500
vt 0.8820000 0.4890180
vt 0.8821900 0.4942920
vt 0.8829530 0.4912200
vt 0.8839600 0.4911450
vt 0.8835630 0.4945260
vt 0.8808730 0.4966280
vt 0.8802730 0.4953160
vt 0.8813040 0.4940830
vt 0.8760970 0.4899390
vt 0.8751920 0.4897200
vt 0.8762070 0.4891340
vt 0.8768550 0.4936170
vt 0.8764230 0.4942620
vt 0.8753340 0.4923220
vt 0.8762440 0.4919290
vt 0.8786530 0.4951810
vt 0.8783060 0.4960390
vt 0.8770190 0.4881040
vt 0.8786840 0.4881150
vt 0.8801040 0.4884510
vt 0.8811800 0.4895890
vt 0.8818390 0.4913440
vt 0.8744770 0.4926870
vt 0.8729850 0.4847330
vt 0.8715990 0.4849520
vt 0.8742190 0.4900650
vt 0.8700010 0.4893400
vt 0.8703160 0.4916350
vt 0.8709450 0.4941540
vt 0.8719720 0.4964830
vt 0.8709480 0.4970740
vt 0.8731610 0.4981710
vt 0.8729320 0.4992050
vt 0.8811080 0.4981370
vt 0.8747700 0.5074870
vt 0.8803450 0.5107930
vt 0.8789890 0.5163530
vt 0.8731880 0.5124130
vt 0.8839450 0.4846800
vt 0.8834810 0.4862610
vt 0.8787980 0.4940570
vt 0.8798540 0.4943970
vt 0.8806920 0.4935610
vt 0.8806650 0.4900720
vt 0.8797030 0.4893210
vt 0.8777890 0.4891630
vt 0.8772760 0.4897080
vt 0.8775680 0.4931950
vt 0.8786770 0.4890190
vt 0.8768430 0.4904560
vt 0.8810980 0.4913680
vt 0.8774370 0.4918690
vt 0.8865470 0.4849060
vt 0.8978230 0.5041270
vt 0.9002730 0.5031250
vt 0.9042760 0.5058470
vt 0.9027870 0.5072800
vt 0.9166890 0.5018390
vt 0.9202030 0.4975460
vt 0.9220100 0.4984760
vt 0.9177860 0.5025020
vt 0.9139740 0.5041210
vt 0.9148240 0.5049230
vt 0.8959690 0.4846180
vt 0.8932870 0.4843380
vt 0.8900230 0.4847120
vt 0.8802090 0.4916920
vt 0.8798760 0.4909760
vt 0.8781690 0.4926190
vt 0.8787070 0.4933110
vt 0.8798200 0.4926050
vt 0.8792340 0.4931900
vt 0.8780290 0.4901000
vt 0.8776350 0.4902380
vt 0.8785860 0.4899470
vt 0.8775850 0.4908080
vt 0.8777460 0.4916000
vt 0.8793010 0.4902630
vt 0.8781080 0.4908050
vt 0.8783320 0.4914970
vt 0.8787190 0.4923250
vt 0.8785480 0.4906000
vt 0.8788840 0.4910450
vt 0.8793150 0.4917830
vt 0.9206750 0.5041070
vt 0.9176050 0.5070330
vt 0.9240640 0.4996050
vt 0.9023230 0.5022050
vt 0.9050190 0.5045830
vt 0.8896330 0.4866790
vt 0.8861630 0.4867180
vt 0.8991980 0.4994280
vt 0.9004860 0.4987060
vt 0.9034480 0.5013180
vt 0.9015840 0.4979960
vt 0.9041360 0.5005030
vt 0.9050080 0.4997260
vt 0.9029940 0.4973090
vt 0.9039250 0.4966350
vt 0.9057740 0.4991560
vt 0.9049470 0.4958630
vt 0.9069750 0.4984100
vt 0.9060840 0.4950700
vt 0.9074100 0.4979830
vt 0.9089870 0.5033610
vt 0.9101990 0.5037040
vt 0.9104390 0.5045370
vt 0.9089700 0.5046230
vt 0.9091550 0.5025960
vt 0.9100110 0.5025200
vt 0.9096550 0.5006620
vt 0.9100010 0.5002770
vt 0.9100390 0.5014760
vt 0.9093450 0.5017730
vt 0.9098170 0.4996090
vt 0.9099230 0.4994100
vt 0.9149400 0.4997140
vt 0.9156600 0.5005980
vt 0.9133010 0.5028290
vt 0.9128920 0.5017710
vt 0.9110660 0.4985120
vt 0.9124830 0.4983680
vt 0.9112390 0.4996250
vt 0.9103300 0.4990440
vt 0.9057370 0.5033590
vt 0.9062450 0.5022900
vt 0.9067470 0.5013040
vt 0.9077830 0.4995630
vt 0.9069890 0.5005930
vt 0.9083480 0.4992870
vt 0.9088380 0.5073750
vt 0.9089560 0.5060480
vt 0.9109100 0.5059270
vt 0.9112680 0.5072580
vt 0.9142180 0.4990060
vt 0.9125390 0.5009230
vt 0.9134700 0.4985580
vt 0.9120180 0.5003030
vt 0.8930320 0.4865540
vt 0.8948490 0.4865690
vt 0.8947800 0.4885870
vt 0.8921860 0.4889960
vt 0.8970200 0.4935320
vt 0.8980530 0.4929870
vt 0.8993110 0.4956310
vt 0.8982130 0.4960500
vt 0.8997740 0.4925650
vt 0.9013370 0.4920540
vt 0.9023640 0.4941910
vt 0.9009360 0.4948910
vt 0.8891980 0.4890300
vt 0.8889500 0.4914890
vt 0.8858740 0.4914020
vt 0.8858500 0.4889440
vt 0.8923630 0.4943890
vt 0.8955390 0.4939080
vt 0.8969850 0.4966780
vt 0.8941790 0.4975740
vt 0.8990120 0.4881220
vt 0.9007560 0.4880070
vt 0.9008280 0.4898670
vt 0.8990990 0.4901720
vt 0.8965920 0.4883820
vt 0.8974400 0.4882370
vt 0.8975890 0.4904210
vt 0.8964990 0.4906180
vt 0.8994230 0.4863530
vt 0.9009780 0.4862130
vt 0.8970440 0.4865520
vt 0.8977000 0.4864600
vt 0.8997710 0.4844710
vt 0.9011220 0.4843290
vt 0.8976830 0.4845860
vt 0.8982310 0.4845730
vt 0.9030020 0.4913000
vt 0.9029130 0.4895380
vt 0.9031320 0.4879300
vt 0.9031210 0.4860220
vt 0.9031970 0.4844610
vt 0.8951000 0.4908680
vt 0.9171260 0.4961600
vt 0.9185070 0.4967520
vt 0.9133480 0.4946080
vt 0.9150940 0.4947770
vt 0.9160650 0.4953870
vt 0.9231590 0.4925190
vt 0.9207010 0.4920330
vt 0.9186030 0.4912530
vt 0.9171640 0.4908600
vt 0.9156720 0.4905920
vt 0.9144200 0.4901330
vt 0.9179660 0.4863930
vt 0.9194400 0.4865180
vt 0.9214990 0.4867220
vt 0.9270140 0.4874240
vt 0.9295690 0.4878010
vt 0.9276260 0.4940190
vt 0.9251840 0.4934720
vt 0.9243610 0.4869560
vt 0.9148460 0.4863750
vt 0.9161430 0.4864240
vt 0.9121010 0.4944390
vt 0.9131270 0.4897810
vt 0.9140400 0.4863120
vt 0.9051050 0.4878550
vt 0.9052370 0.4893520
vt 0.9053540 0.4858200
vt 0.9055090 0.4903860
vt 0.9108620 0.4957110
vt 0.9113410 0.4894110
vt 0.9054180 0.4843870
vt 0.9097950 0.4993200
vt 0.9098790 0.4993260
vt 0.9086750 0.4977410
vt 0.9091600 0.4988900
vt 0.9066580 0.4875790
vt 0.9068000 0.4889080
vt 0.9099940 0.4991440
vt 0.9101300 0.4979950
vt 0.8556740 0.0271500
vt 0.8665000 0.0375760
vt 0.8647280 0.0404940
vt 0.8568680 0.0314310
vt 0.9067600 0.4842640
vt 0.9067060 0.4855750
vt 0.9115760 0.4866590
vt 0.9066940 0.4902680
vt 0.9075410 0.4944980
vt 0.8947660 0.0182930
vt 0.8981900 0.0156950
vt 0.9014320 0.0190930
vt 0.8988340 0.0217890
vt 0.9011690 0.0136820
vt 0.9036070 0.0165270
vt 0.8505780 0.0287690
vt 0.8494890 0.0248990
vt 0.8905940 0.0220330
vt 0.8923630 0.0202870
vt 0.8961200 0.0241050
vt 0.8943940 0.0256110
vt 0.8706060 0.0460460
vt 0.8673150 0.0436650
vt 0.8702820 0.0410950
vt 0.8733820 0.0444930
vt 0.8834820 0.0370550
vt 0.8816660 0.0400630
vt 0.8785220 0.0380030
vt 0.8796830 0.0348100
vt 0.8840080 0.0295830
vt 0.8875880 0.0322210
vt 0.8615600 0.0427340
vt 0.8553880 0.0363560
vt 0.8775090 0.0458350
vt 0.8757650 0.0470520
vt 0.8754400 0.0444930
vt 0.8765230 0.0430900
vt 0.8645410 0.0459550
vt 0.8798900 0.0471350
vt 0.8762350 0.0487660
vt 0.9049260 0.0145600
vt 0.9090310 0.0201890
vt 0.9075630 0.0218020
vt 0.9053420 0.0237240
vt 0.9029900 0.0260390
vt 0.8486610 0.0338450
vt 0.9007020 0.0282480
vt 0.8990920 0.0295440
vt 0.8680610 0.0481450
vt 0.8885680 0.0391520
vt 0.8861320 0.0417960
vt 0.8924100 0.0355420
vt 0.8591340 0.0448900
vt 0.8537400 0.0404570
vt 0.8567980 0.0495530
vt 0.8530030 0.0471820
vt 0.8625690 0.0476940
vt 0.8821250 0.0488610
vt 0.8768720 0.0503430
vt 0.9122910 0.0253850
vt 0.9107800 0.0267060
vt 0.9088200 0.0285080
vt 0.9066390 0.0303500
vt 0.8473570 0.0377540
vt 0.9045040 0.0320750
vt 0.9030140 0.0332430
vt 0.8664740 0.0496420
vt 0.8928740 0.0415040
vt 0.8900810 0.0439060
vt 0.8965930 0.0379650
vt 0.8467880 0.0972670
vt 0.8468390 0.1021770
vt 0.8968040 0.0455330
vt 0.8936980 0.0475790
vt 0.9006170 0.0431050
vt 0.8479950 0.0762510
vt 0.9099730 0.0363050
vt 0.9080350 0.0379430
vt 0.8559800 0.0560360
vt 0.8522160 0.0537810
vt 0.8604460 0.0514330
vt 0.8472930 0.0644500
vt 0.8843410 0.0519440
vt 0.8774600 0.0530950
vt 0.9156900 0.0321820
vt 0.9140150 0.0331080
vt 0.8468330 0.0523150
vt 0.9122470 0.0345540
vt 0.8458800 0.0444110
vt 0.9066060 0.0389610
vt 0.8648270 0.0527600
vt 0.9204100 0.0448450
vt 0.9187240 0.0453210
vt 0.9163980 0.0466080
vt 0.9140260 0.0479340
vt 0.9114240 0.0492620
vt 0.9099850 0.0499190
vt 0.8645440 0.0582210
vt 0.8597120 0.0572480
vt 0.9000430 0.0538770
vt 0.8965400 0.0551570
vt 0.9038580 0.0527560
vt 0.8575190 0.0657970
vt 0.8530420 0.0649880
vt 0.8860090 0.0578860
vt 0.8784910 0.0583960
vt 0.8611150 0.0665550
vt 0.8868270 0.0674030
vt 0.8790510 0.0674100
vt 0.9237400 0.0618810
vt 0.9218070 0.0622970
vt 0.9188950 0.0631630
vt 0.9162400 0.0638360
vt 0.9135730 0.0643110
vt 0.9120850 0.0645510
vt 0.8647320 0.0668560
vt 0.9021230 0.0653740
vt 0.8985400 0.0656510
vt 0.9049630 0.0652760
vt 0.8578740 0.0780040
vt 0.8532960 0.0769320
vt 0.8509720 0.0963350
vt 0.8549650 0.0950660
vt 0.8615300 0.0784580
vt 0.8866000 0.0803350
vt 0.8790780 0.0800790
vt 0.9232050 0.0821930
vt 0.9210460 0.0828150
vt 0.9173720 0.0826190
vt 0.9140780 0.0823030
vt 0.9110430 0.0818890
vt 0.9081000 0.0816170
vt 0.8651620 0.0779900
vt 0.8998010 0.0806550
vt 0.8965570 0.0804730
vt 0.9024340 0.0809440
vt 0.9177210 0.1014060
vt 0.9155990 0.1007320
vt 0.9122250 0.0999040
vt 0.9094240 0.0987620
vt 0.9067020 0.0976670
vt 0.9041000 0.0969690
vt 0.8650890 0.0916590
vt 0.8588950 0.0923530
vt 0.8961340 0.0948190
vt 0.8926800 0.0942370
vt 0.8989310 0.0954320
vt 0.8496740 0.1027480
vt 0.8533350 0.1033730
vt 0.8832350 0.0936990
vt 0.8772370 0.0935520
vt 0.8894910 0.1081860
vt 0.8862480 0.1069790
vt 0.8923450 0.1093560
vt 0.9014310 0.1141570
vt 0.8996050 0.1128870
vt 0.8576540 0.1050580
vt 0.8789170 0.1055870
vt 0.8750200 0.1072710
vt 0.9074920 0.1182360
vt 0.9055520 0.1173930
vt 0.9037180 0.1159920
vt 0.8974030 0.1117780
vt 0.8628230 0.1095450
vt 0.8614740 0.1179290
vt 0.8587890 0.1168980
vt 0.8515250 0.1175310
vt 0.8554830 0.1165590
vt 0.8478450 0.1171520
vt 0.8826600 0.1220070
vt 0.8811140 0.1212630
vt 0.8852040 0.1213600
vt 0.8952770 0.1105450
vt 0.8874410 0.1228490
vt 0.8754780 0.1170950
vt 0.8703670 0.1182940
vt 0.8962720 0.1321180
vt 0.8950030 0.1308180
vt 0.8940860 0.1279150
vt 0.8926500 0.1266470
vt 0.8896330 0.1268830
vt 0.8883520 0.1257930
vt 0.8662870 0.1302360
vt 0.8646290 0.1317730
vt 0.7786480 0.5002720
vt 0.7858510 0.5001560
vt 0.9330220 0.4884200
vt 0.9307800 0.4948400
vt 0.9093060 0.5125240
vt 0.9087640 0.5095180
vt 0.9122770 0.5101030
vt 0.9130720 0.5124240
vt 0.9234400 0.5051580
vt 0.9199180 0.5088290
vt 0.9274270 0.5008540
vt 0.9622630 0.4907130
vt 0.9685300 0.4913390
vt 0.9678500 0.5023090
vt 0.9610670 0.4999630
vt 0.9393630 0.5739450
vt 0.9318040 0.5858880
vt 0.9249910 0.5811420
vt 0.9316200 0.5687540
vt 0.4185740 0.9496120
vt 0.4232370 0.9514130
vt 0.4217010 0.9557700
vt 0.4173490 0.9534400
vt 0.4204040 0.9422930
vt 0.4254780 0.9453510
vt 0.4245910 0.9327130
vt 0.4295070 0.9369820
vt 0.4319790 0.9210850
vt 0.4377810 0.9244290
vt 0.4430040 0.9083270
vt 0.4489610 0.9133390
vt 0.4103010 0.9450960
vt 0.4142490 0.9469060
vt 0.4129250 0.9511380
vt 0.4086840 0.9494440
vt 0.4124740 0.9379140
vt 0.4169350 0.9404420
vt 0.4154360 0.9268820
vt 0.4197270 0.9297070
vt 0.4208440 0.9145590
vt 0.4261740 0.9176360
vt 0.4304290 0.9017900
vt 0.4368320 0.9048450
vt 0.9201160 0.5997020
vt 0.9136390 0.5939620
vt 0.9770640 0.5060970
vt 0.9778040 0.4926410
vt 0.9921060 0.4973770
vt 0.9901400 0.5144950
vt 0.3843610 0.9505860
vt 0.3825520 0.9513940
vt 0.3826950 0.9451530
vt 0.3848720 0.9441520
vt 0.3828860 0.9324800
vt 0.3853540 0.9323030
vt 0.3833480 0.9185620
vt 0.3854790 0.9186940
vt 0.3966380 0.9054560
vt 0.3942300 0.9194500
vt 0.3893940 0.9189520
vt 0.3909890 0.9039920
vt 0.3867200 0.9030360
vt 0.3841160 0.9028130
vt 0.3992240 0.9203380
vt 0.3977540 0.9324260
vt 0.3937170 0.9319190
vt 0.4241870 0.8983370
vt 0.4159120 0.9117450
vt 0.4112660 0.9244360
vt 0.9441820 0.5634040
vt 0.9381510 0.5583870
vt 0.7798930 0.5439340
vt 0.4316860 0.9492930
vt 0.4291770 0.9545410
vt 0.4546990 0.9183240
vt 0.4438690 0.9293220
vt 0.4353920 0.9417360
vt 0.9271300 0.6648110
vt 0.9429570 0.6732130
vt 0.9336380 0.6941020
vt 0.9175020 0.6869410
vt 0.4732220 0.9129980
vt 0.4604910 0.9237940
vt 0.9637770 0.6834330
vt 0.9542480 0.7016390
vt 0.4500830 0.9352570
vt 0.4420000 0.9459380
vt 0.9261880 0.7165060
vt 0.9108010 0.7109920
vt 0.4778960 0.9196620
vt 0.4661660 0.9303360
vt 0.9457720 0.7230310
vt 0.4561720 0.9411050
vt 0.4491590 0.9504540
vt 0.9196930 0.7368220
vt 0.9054760 0.7331250
vt 0.4824800 0.9271350
vt 0.4709950 0.9368190
vt 0.9390670 0.7421040
vt 0.4613290 0.9469520
vt 0.4548990 0.9549860
vt 0.9141070 0.7544140
vt 0.9002240 0.7509090
vt 0.4859950 0.9354500
vt 0.4764410 0.9438110
vt 0.9337080 0.7585200
vt 0.4660830 0.9518240
vt 0.4592970 0.9592140
vt 0.9081960 0.7735740
vt 0.8941160 0.7701240
vt 0.4887070 0.9424370
vt 0.4800290 0.9493830
vt 0.9269990 0.7771800
vt 0.4701550 0.9576000
vt 0.4634410 0.9644130
vt 0.8849890 0.8033780
vt 0.8998560 0.8062440
vt 0.8985300 0.8147830
vt 0.8830000 0.8126130
vt 0.4849910 0.9589740
vt 0.4926110 0.9539240
vt 0.4945620 0.9578220
vt 0.4867440 0.9622040
vt 0.9198520 0.8095290
vt 0.9190270 0.8176340
vt 0.4700700 0.9721900
vt 0.4761410 0.9665160
vt 0.4778470 0.9683080
vt 0.4717150 0.9738560
vt 0.7139740 0.6834260
vt 0.6989410 0.6913460
vt 0.6868830 0.6553000
vt 0.7048920 0.6513250
vt 0.6832900 0.6996450
vt 0.6686060 0.6590240
vt 0.7464570 0.6672640
vt 0.7289260 0.6765850
vt 0.7211230 0.6484360
vt 0.7390620 0.6436150
vt 0.7920190 0.6470330
vt 0.7778610 0.6529730
vt 0.7728350 0.6377040
vt 0.7882900 0.6352770
vt 0.7625780 0.6597480
vt 0.7569640 0.6409310
vt 0.8557600 0.5918960
vt 0.8561620 0.5976520
vt 0.8447410 0.5949610
vt 0.8447930 0.5896330
vt 0.8323270 0.5913260
vt 0.8334490 0.5860060
vt 0.7576130 0.6002650
vt 0.7733260 0.6064910
vt 0.7710080 0.6204020
vt 0.7545280 0.6191810
vt 0.8668730 0.5931100
vt 0.8676390 0.6001750
vt 0.8523490 0.6899480
vt 0.8487240 0.7063590
vt 0.8319190 0.7033480
vt 0.8377430 0.6884540
vt 0.7368510 0.6169440
vt 0.7412450 0.5919800
vt 0.8427130 0.7234760
vt 0.8247570 0.7195810
vt 0.9165640 0.5745380
vt 0.9057350 0.5854960
vt 0.4268630 0.9584220
vt 0.9047330 0.6790140
vt 0.9143930 0.6560300
vt 0.8998680 0.7070480
vt 0.8940470 0.7295650
vt 0.8875540 0.7495080
vt 0.8821500 0.7672470
vt 0.8643910 0.5397110
vt 0.8600310 0.5455020
vt 0.8569240 0.5411780
vt 0.8607730 0.5354250
vt 0.8427880 0.5336270
vt 0.8438470 0.5363850
vt 0.8547080 0.5302780
vt 0.8518720 0.5349430
vt 0.8452040 0.5398350
vt 0.8465670 0.5350680
vt 0.8483500 0.5380420
vt 0.8576630 0.5326170
vt 0.8541570 0.5376510
vt 0.9019880 0.6124340
vt 0.8975820 0.6025340
vt 0.8928660 0.5924020
vt 0.9581950 0.4991500
vt 0.9596400 0.4904350
vt 0.9559180 0.5095980
vt 0.9593420 0.5117210
vt 0.9554570 0.5252060
vt 0.9517910 0.5217670
vt 0.9603660 0.5298220
vt 0.9652050 0.5151600
vt 0.9502380 0.5375590
vt 0.9463120 0.5335110
vt 0.9546080 0.5424440
vt 0.3949800 0.9494790
vt 0.3914300 0.9496100
vt 0.3928120 0.9434990
vt 0.3965540 0.9435060
vt 0.3892720 0.9322180
vt 0.4018150 0.9064830
vt 0.3877980 0.9499280
vt 0.3886120 0.9436340
vt 0.9669810 0.5363350
vt 0.9731700 0.5207140
vt 0.9755260 0.5460300
vt 0.9688660 0.5570620
vt 0.9608270 0.5486360
vt 0.9324330 0.5528530
vt 0.9247880 0.5631160
vt 0.4033200 0.9435910
vt 0.4065810 0.9438860
vt 0.4049200 0.9488150
vt 0.4015060 0.9489210
vt 0.4079850 0.9230640
vt 0.4117240 0.9094620
vt 0.9463550 0.5796320
vt 0.9546960 0.5865760
vt 0.9482200 0.5972020
vt 0.9393810 0.5913030
vt 0.9178650 0.6184050
vt 0.9303630 0.6232850
vt 0.9220670 0.6378700
vt 0.9105440 0.6324450
vt 0.9514970 0.5690000
vt 0.9593280 0.5766220
vt 0.9295200 0.6046710
vt 0.9397300 0.6094700
vt 0.9037680 0.6474150
vt 0.8046330 0.6424150
vt 0.8013910 0.6322670
vt 0.8155040 0.6384990
vt 0.8133980 0.6309030
vt 0.8672770 0.6067100
vt 0.8563040 0.6028890
vt 0.6628650 0.7105970
vt 0.6432040 0.6624150
vt 0.8808120 0.6130630
vt 0.8811000 0.6024230
vt 0.7723070 0.6995470
vt 0.7611660 0.7128230
vt 0.7442320 0.6972720
vt 0.7586720 0.6853500
vt 0.8953690 0.6612850
vt 0.8635280 0.8000180
vt 0.8727550 0.8013210
vt 0.8704120 0.8109530
vt 0.8620470 0.8100780
vt 0.8468320 0.7799310
vt 0.8453170 0.7970140
vt 0.8279100 0.7929430
vt 0.8301790 0.7755110
vt 0.8499160 0.7613390
vt 0.8341040 0.7576780
vt 0.8774900 0.7475230
vt 0.8720030 0.7653710
vt 0.8830380 0.7278910
vt 0.8881330 0.7072350
vt 0.8912950 0.6842460
vt 0.8887480 0.7873380
vt 0.8768510 0.7847800
vt 0.8062090 0.7149580
vt 0.8143710 0.7001670
vt 0.8048490 0.7851890
vt 0.8006780 0.8024060
vt 0.7736250 0.7955850
vt 0.7806880 0.7772460
vt 0.8218230 0.6865400
vt 0.8178190 0.7354050
vt 0.8126650 0.7514950
vt 0.7912350 0.7447190
vt 0.7978750 0.7298890
vt 0.8418740 0.6764220
vt 0.8293060 0.6745210
vt 0.8128850 0.6691530
vt 0.8058220 0.6818760
vt 0.7945590 0.6745180
vt 0.8044270 0.6622890
vt 0.7873210 0.7093590
vt 0.7780900 0.7234040
vt 0.7968310 0.6952610
vt 0.7833700 0.6869870
vt 0.7543100 0.7672870
vt 0.7450330 0.7840170
vt 0.7161010 0.7672190
vt 0.7287210 0.7509240
vt 0.7702210 0.7366200
vt 0.7509430 0.7246470
vt 0.7316800 0.7075150
vt 0.7977250 0.6552200
vt 0.7850670 0.6654110
vt 0.7720730 0.6749390
vt 0.7061700 0.7305710
vt 0.6879310 0.7435990
vt 0.7025820 0.5226380
vt 0.6806660 0.5563700
vt 0.6609130 0.5446670
vt 0.6901150 0.5089310
vt 0.7365170 0.5617200
vt 0.7248280 0.5494840
vt 0.7720360 0.5495080
vt 0.7651320 0.5349530
vt 0.7743430 0.5298400
vt 0.7811640 0.5631680
vt 0.7916100 0.5746420
vt 0.6944940 0.5645000
vt 0.6836390 0.6101310
vt 0.8370960 0.7402990
vt 0.7777140 0.4913450
vt 0.7846600 0.4907340
vt 0.7598970 0.5202830
vt 0.7706500 0.5159670
vt 0.7752570 0.5686500
vt 0.7653120 0.5547850
vt 0.7862740 0.5800090
vt 0.8083480 0.7679690
vt 0.7769540 0.5952600
vt 0.7630780 0.5859430
vt 0.7490500 0.5740080
vt 0.7570580 0.5399870
vt 0.9833470 0.5315490
vt 0.8989360 0.6270680
vt 0.8946030 0.6405960
vt 0.8879080 0.6511090
vt 0.8869490 0.6681300
vt 0.8455940 0.6662810
vt 0.8354970 0.6642310
vt 0.8200430 0.6588370
vt 0.8138950 0.6529340
vt 0.8082340 0.6479870
vt 0.7579080 0.5619370
vt 0.7694290 0.5755490
vt 0.7812820 0.5864980
vt 0.8262180 0.8061120
vt 0.7480490 0.5476800
vt 0.7411770 0.4975530
vt 0.7531790 0.4940370
vt 0.4670180 0.9684220
vt 0.4735980 0.9621920
vt 0.6667480 0.6066180
vt 0.6412490 0.6008870
vt 0.8664630 0.6754170
vt 0.8552710 0.6763710
vt 0.8558500 0.6663120
vt 0.8650120 0.6650990
vt 0.7131680 0.5348260
vt 0.7334280 0.5167580
vt 0.7399610 0.5333750
vt 0.7674290 0.4921320
vt 0.7860240 0.7604600
vt 0.9032020 0.7904320
vt 0.9233750 0.7937250
vt 0.7192500 0.7185590
vt 0.7278820 0.5030610
vt 0.4826970 0.9543700
vt 0.4906840 0.9488450
vt 0.7626060 0.7516150
vt 0.7401390 0.7373330
vt 0.7504790 0.5255800
vt 0.9360240 0.4888870
vt 0.8499100 0.5030150
vt 0.8472620 0.5005100
vt 0.8486100 0.4985110
vt 0.8514610 0.5016330
vt 0.9429620 0.5301120
vt 0.9488560 0.5194800
vt 0.9532250 0.5082210
vt 0.9554020 0.4983900
vt 0.9566780 0.4902470
vt 0.4052230 0.9338520
vt 0.4090300 0.9350510
vt 0.8392350 0.6562820
vt 0.8470520 0.6578250
vt 0.8273710 0.6518250
vt 0.8219970 0.6475510
vt 0.7692210 0.5017890
vt 0.7557560 0.5052210
vt 0.7450370 0.5096550
vt 0.8355860 0.5184270
vt 0.8355550 0.5155380
vt 0.8370130 0.5157460
vt 0.8370070 0.5183370
vt 0.8372980 0.5250110
vt 0.8379630 0.5254730
vt 0.8370660 0.5258720
vt 0.8362630 0.5252460
vt 0.8368800 0.5244870
vt 0.8358410 0.5246480
vt 0.8365760 0.5231030
vt 0.8352440 0.5230850
vt 0.8357880 0.5210320
vt 0.8345750 0.5209920
vt 0.8363020 0.5126550
vt 0.8410560 0.5084620
vt 0.8406680 0.5071810
vt 0.8387770 0.5080900
vt 0.8396020 0.5077080
vt 0.8394430 0.5090060
vt 0.8389420 0.5092080
vt 0.8400960 0.5069930
vt 0.8421870 0.5105410
vt 0.8417150 0.5097770
vt 0.8421920 0.5092460
vt 0.8426770 0.5101940
vt 0.8424040 0.5142060
vt 0.8422640 0.5121370
vt 0.8431850 0.5117120
vt 0.8434140 0.5141200
vt 0.8379880 0.5086350
vt 0.8425370 0.5164050
vt 0.8436860 0.5164920
vt 0.8373450 0.5100920
vt 0.8417970 0.5231020
vt 0.8422110 0.5214520
vt 0.8431250 0.5217850
vt 0.8423610 0.5236200
vt 0.8402920 0.5250640
vt 0.8409680 0.5247370
vt 0.8412930 0.5249760
vt 0.8407620 0.5253770
vt 0.8389710 0.5253370
vt 0.8396420 0.5252190
vt 0.8399360 0.5257700
vt 0.8389760 0.5260310
vt 0.8385390 0.5254170
vt 0.8380910 0.5261690
vt 0.8392740 0.5163600
vt 0.8393850 0.5142940
vt 0.8412560 0.5143500
vt 0.8413090 0.5164120
vt 0.8396250 0.5224810
vt 0.8398350 0.5212070
vt 0.8411570 0.5210590
vt 0.8409400 0.5226460
vt 0.8391270 0.5234680
vt 0.8391760 0.5235420
vt 0.8389320 0.5245180
vt 0.8387480 0.5244530
vt 0.8382520 0.5184700
vt 0.8386580 0.5211120
vt 0.8372760 0.5209780
vt 0.8398220 0.5106520
vt 0.8393920 0.5112940
vt 0.8383580 0.5107130
vt 0.8385630 0.5095850
vt 0.8400030 0.5119990
vt 0.8413850 0.5123680
vt 0.8392380 0.5235690
vt 0.8390540 0.5245360
vt 0.8389150 0.5225310
vt 0.8377210 0.5226700
vt 0.8400430 0.5104300
vt 0.8398800 0.5105690
vt 0.8402090 0.5114470
vt 0.8403060 0.5111580
vt 0.8412980 0.5102010
vt 0.8414140 0.5111500
vt 0.8393300 0.5235500
vt 0.8394030 0.5245140
vt 0.8390800 0.5232660
vt 0.8382930 0.5236890
vt 0.8401970 0.5103550
vt 0.8399320 0.5088270
vt 0.8394190 0.5234550
vt 0.8394630 0.5232900
vt 0.8403290 0.5239460
vt 0.8398020 0.5243890
vt 0.8391140 0.5233910
vt 0.8385010 0.5241720
vt 0.8403010 0.5104110
vt 0.8404240 0.5089990
vt 0.8384510 0.5133180
vt 0.8381700 0.5161070
vt 0.8373700 0.5129810
vt 0.8403820 0.5106460
vt 0.8409280 0.5095990
vt 0.0989540 0.6009650
vt 0.1030860 0.6085730
vt 0.0886130 0.6160410
vt 0.0861430 0.5991280
vt 0.1212460 0.5666250
vt 0.1150290 0.5680490
vt 0.1070750 0.5513270
vt 0.1211680 0.5473910
vt 0.1397130 0.5761410
vt 0.1355290 0.5713980
vt 0.1479940 0.5619190
vt 0.1511560 0.5711810
vt 0.1418740 0.5997300
vt 0.1427980 0.5959140
vt 0.1495230 0.5959230
vt 0.1491350 0.5993230
vt 0.1187850 0.6157210
vt 0.1265740 0.6148460
vt 0.1363370 0.6265570
vt 0.1210250 0.6328580
vt 0.0982350 0.5940280
vt 0.0892180 0.5896920
vt 0.1103670 0.5707030
vt 0.0971470 0.5648170
vt 0.1431950 0.5923650
vt 0.1496370 0.5932750
vt 0.1327080 0.6117970
vt 0.1434340 0.6174430
vt 0.0900760 0.5862390
vt 0.0917280 0.5830940
vt 0.1013980 0.5862560
vt 0.0995480 0.5893360
vt 0.1081000 0.5733140
vt 0.1063330 0.5759310
vt 0.0964670 0.5711670
vt 0.0964770 0.5688090
vt 0.1430760 0.5891170
vt 0.1493330 0.5914200
vt 0.1372270 0.6078210
vt 0.1473720 0.6086270
vt 0.1030240 0.5840640
vt 0.0939000 0.5807620
vt 0.1429320 0.5857560
vt 0.1422590 0.5817310
vt 0.1511560 0.5844840
vt 0.1506180 0.5880290
vt 0.1400630 0.6037880
vt 0.1485140 0.6040520
vt 0.1039590 0.5819900
vt 0.0946890 0.5797640
vt 0.1105810 0.6136710
vt 0.1030890 0.6315400
vt 0.1049130 0.5793790
vt 0.0951450 0.5770670
vt 0.1074470 0.5835340
vt 0.1064340 0.5854230
vt 0.1093330 0.6031010
vt 0.1141750 0.6062990
vt 0.1336800 0.5998390
vt 0.1349670 0.5970860
vt 0.1194820 0.6074510
vt 0.1088230 0.5815010
vt 0.1060520 0.5985730
vt 0.1216260 0.5734830
vt 0.1170280 0.5743440
vt 0.1342670 0.5809330
vt 0.1314440 0.5774880
vt 0.1356680 0.5944510
vt 0.1244620 0.6069690
vt 0.1049450 0.5939480
vt 0.1139730 0.5759130
vt 0.1360330 0.5918750
vt 0.1286200 0.6051980
vt 0.1056900 0.5875580
vt 0.1051490 0.5902900
vt 0.1121160 0.5774240
vt 0.1104840 0.5791350
vt 0.1361960 0.5894510
vt 0.1316830 0.6026430
vt 0.1361030 0.5872130
vt 0.1356930 0.5845060
vt 0.1197510 0.6028970
vt 0.1233130 0.6026990
vt 0.1088160 0.5935150
vt 0.1100920 0.5967990
vt 0.1181650 0.5779800
vt 0.1158030 0.5789060
vt 0.1321590 0.5936080
vt 0.1325100 0.5915180
vt 0.1263790 0.6015700
vt 0.1087950 0.5883330
vt 0.1085220 0.5906310
vt 0.1142560 0.5798890
vt 0.1127840 0.5811190
vt 0.1325520 0.5895230
vt 0.1287630 0.5998310
vt 0.1093360 0.5864740
vt 0.1324320 0.5877750
vt 0.1320010 0.5858220
vt 0.1304520 0.5978170
vt 0.1101090 0.5848120
vt 0.1126160 0.5998560
vt 0.1160420 0.6019440
vt 0.1314860 0.5957000
vt 0.1111980 0.5829780
vt 0.1215930 0.5776230
vt 0.1309060 0.5833010
vt 0.1288580 0.5807490
vt 0.1169540 0.5996570
vt 0.1198430 0.6004590
vt 0.1125840 0.5838920
vt 0.1115350 0.5855250
vt 0.1121750 0.5957530
vt 0.1142440 0.5980740
vt 0.1214810 0.5798510
vt 0.1186860 0.5799980
vt 0.1290670 0.5845340
vt 0.1273960 0.5824940
vt 0.1296410 0.5949240
vt 0.1302600 0.5931180
vt 0.1226690 0.6003780
vt 0.1109430 0.5932000
vt 0.1167290 0.5806180
vt 0.1305650 0.5912820
vt 0.1251570 0.5995760
vt 0.1105240 0.5887740
vt 0.1104700 0.5908090
vt 0.1153960 0.5813220
vt 0.1140730 0.5823040
vt 0.1305970 0.5895590
vt 0.1271530 0.5982580
vt 0.1108990 0.5870720
vt 0.1304070 0.5880970
vt 0.1300070 0.5865310
vt 0.1286330 0.5966550
vt 0.1261530 0.5972300
vt 0.1274980 0.5958970
vt 0.1284460 0.5944040
vt 0.1290410 0.5928070
vt 0.1293430 0.5911610
vt 0.1293420 0.5896270
vt 0.1134650 0.5845640
vt 0.1125060 0.5860600
vt 0.1291670 0.5883570
vt 0.1287790 0.5870290
vt 0.1279300 0.5853490
vt 0.1264660 0.5836150
vt 0.1213470 0.5812750
vt 0.1189250 0.5813070
vt 0.1198850 0.5989110
vt 0.1222630 0.5989000
vt 0.1172240 0.5817610
vt 0.1134380 0.5950370
vt 0.1152180 0.5968880
vt 0.1119440 0.5875050
vt 0.1116880 0.5890840
vt 0.1117530 0.5909030
vt 0.1160450 0.5823200
vt 0.1148510 0.5831580
vt 0.1122910 0.5929420
vt 0.1174590 0.5982300
vt 0.1243940 0.5982880
vt 0.1237880 0.5972270
vt 0.1253560 0.5963640
vt 0.1126870 0.5893250
vt 0.1128310 0.5909450
vt 0.1133710 0.5926860
vt 0.1175630 0.5827410
vt 0.1165230 0.5832080
vt 0.1212040 0.5824560
vt 0.1190740 0.5824160
vt 0.1144080 0.5944190
vt 0.1159600 0.5959320
vt 0.1282800 0.5910910
vt 0.1282990 0.5897330
vt 0.1199220 0.5976730
vt 0.1219470 0.5977000
vt 0.1281310 0.5886290
vt 0.1265760 0.5952490
vt 0.1178610 0.5970670
vt 0.1133350 0.5865570
vt 0.1128590 0.5878810
vt 0.1269930 0.5860510
vt 0.1256920 0.5845470
vt 0.1274440 0.5939680
vt 0.1142000 0.5852080
vt 0.1280070 0.5925620
vt 0.1277690 0.5874940
vt 0.1271920 0.5898500
vt 0.1270550 0.5889210
vt 0.1245820 0.5954580
vt 0.1256620 0.5945530
vt 0.1153250 0.5937830
vt 0.1166530 0.5950040
vt 0.1149810 0.5859090
vt 0.1142220 0.5870890
vt 0.1138370 0.5882450
vt 0.1260370 0.5867510
vt 0.1249060 0.5854530
vt 0.1264230 0.5934930
vt 0.1182600 0.5959600
vt 0.1199850 0.5964910
vt 0.1137440 0.5895130
vt 0.1192290 0.5835460
vt 0.1179150 0.5837740
vt 0.1269050 0.5922950
vt 0.1139220 0.5909210
vt 0.1144220 0.5923830
vt 0.1267300 0.5879690
vt 0.1271540 0.5910190
vt 0.1216670 0.5965360
vt 0.1232190 0.5961580
vt 0.1170050 0.5841410
vt 0.1210780 0.5836320
vt 0.1153930 0.5877100
vt 0.1151030 0.5886440
vt 0.1249160 0.5874850
vt 0.1239960 0.5864430
vt 0.1246100 0.5936640
vt 0.1252210 0.5928480
vt 0.1187650 0.5947280
vt 0.1201150 0.5951640
vt 0.1150710 0.5896780
vt 0.1194890 0.5848410
vt 0.1184010 0.5849860
vt 0.1255820 0.5918880
vt 0.1152540 0.5908240
vt 0.1156670 0.5919810
vt 0.1254960 0.5884510
vt 0.1257790 0.5908620
vt 0.1214150 0.5952020
vt 0.1226310 0.5948960
vt 0.1163940 0.5930570
vt 0.1176520 0.5852640
vt 0.1209870 0.5849470
vt 0.1258520 0.5899330
vt 0.1237310 0.5943490
vt 0.1174650 0.5939930
vt 0.1257740 0.5892000
vt 0.1160140 0.5867480
vt 0.1220610 0.5888850
vt 0.1219460 0.5885120
vt 0.1235340 0.5882080
vt 0.1239180 0.5888710
vt 0.1240870 0.5893870
vt 0.1241150 0.5899050
vt 0.1219780 0.5895910
vt 0.1220660 0.5892120
vt 0.1178100 0.5922140
vt 0.1173190 0.5914850
vt 0.1192700 0.5912260
vt 0.1194200 0.5916480
vt 0.1211800 0.5917310
vt 0.1214380 0.5913760
vt 0.1232470 0.5924960
vt 0.1226510 0.5929720
vt 0.1209600 0.5864090
vt 0.1221250 0.5868180
vt 0.1216310 0.5877190
vt 0.1210100 0.5874960
vt 0.1219170 0.5933590
vt 0.1208900 0.5920340
vt 0.1206810 0.5876780
vt 0.1199520 0.5863550
vt 0.1217850 0.5881060
vt 0.1229400 0.5874770
vt 0.1196600 0.5920110
vt 0.1198870 0.5923460
vt 0.1193870 0.5933420
vt 0.1185270 0.5928410
vt 0.1216250 0.5909650
vt 0.1236570 0.5919330
vt 0.1203710 0.5924920
vt 0.1206160 0.5922740
vt 0.1211290 0.5936030
vt 0.1202990 0.5936340
vt 0.1199370 0.5883660
vt 0.1196070 0.5888070
vt 0.1175530 0.5877530
vt 0.1181740 0.5870720
vt 0.1203910 0.5878680
vt 0.1192060 0.5864620
vt 0.1193550 0.5892720
vt 0.1171000 0.5884420
vt 0.1238960 0.5912690
vt 0.1217530 0.5905120
vt 0.1201800 0.5880770
vt 0.1186940 0.5866700
vt 0.1218670 0.5900390
vt 0.1240430 0.5905550
vt 0.1192230 0.5897390
vt 0.1169040 0.5891190
vt 0.1170390 0.5906810
vt 0.1168990 0.5898640
vt 0.1191850 0.5902330
vt 0.1192030 0.5907430
vt 0.1227020 0.5855200
vt 0.8527470 0.5452830
vt 0.8553260 0.5496640
vt 0.8784580 0.5938350
vt 0.8816290 0.6259170
vt 0.8504770 0.5413240
vt 0.8449320 0.5324900
vt 0.8438700 0.5301490
vt 0.8429730 0.5282790
vt 0.8421810 0.5264980
vt 0.8417300 0.5253130
vt 0.4069980 0.9080520
vt 0.4039980 0.9214680
vt 0.4020120 0.9328930
vt 0.4000360 0.9434050
vt 0.3983440 0.9491060
vt 0.9558800 0.5592010
vt 0.9637950 0.5673570
vt 0.9494010 0.5533160
vt 0.9443000 0.5484050
vt 0.9399180 0.5436820
vt 0.9359160 0.5389770
vt 0.8715060 0.4866530
vt 0.9149600 0.5092600
vt 0.9162630 0.5109840
vt 0.9130690 0.5059690
vt 0.9118820 0.5035990
vt 0.9124790 0.5049250
vt 0.9115620 0.5025660
vt 0.9115220 0.5016550
vt 0.9112110 0.5009610
vt 0.9106780 0.5000820
vt 0.9101290 0.4993020
vt 0.9099740 0.4992290
vt 0.8744010 0.0444770
vt 0.8731840 0.0464610
vt 0.8720230 0.0480750
vt 0.8714750 0.0494410
vt 0.8708730 0.0523130
vt 0.8714550 0.0577240
vt 0.8718490 0.0668310
vt 0.8722190 0.0788930
vt 0.8711800 0.0928390
vt 0.8693570 0.1097880
vt 0.8655160 0.1192850
vt 0.8697260 0.1275320
vt 0.8783150 0.1192530
vt 0.8824740 0.1064310
vt 0.8878930 0.0939840
vt 0.8915510 0.0803250
vt 0.8926010 0.0663240
vt 0.8911900 0.0562910
vt 0.8889070 0.0495560
vt 0.8859630 0.0461580
vt 0.8828750 0.0442990
vt 0.8794790 0.0428220
vt 0.8774620 0.0405180
vt 0.9095670 0.4991480
vt 0.9091320 0.4997720
vt 0.9086560 0.5003150
vt 0.9079390 0.5012940
vt 0.9077900 0.5019560
vt 0.9078470 0.5026890
vt 0.9076250 0.5040980
vt 0.9076200 0.5054770
vt 0.9069650 0.5066730
vt 0.9060850 0.5091450
vt 0.9053590 0.5112970
vt 0.8714940 0.4888150
vt 0.8716920 0.4910520
vt 0.8729360 0.4883330
vt 0.8729970 0.4904980
vt 0.8722200 0.4940020
vt 0.8733460 0.4964420
vt 0.8731740 0.1248120
vt 0.8694700 0.1211530
vt 0.9009640 0.5087930
vt 0.8747950 0.4984110
vt 0.8363690 0.5606370
vt 0.8361630 0.5656620
vt 0.8290810 0.5613190
vt 0.8302590 0.5568390
vt 0.8225200 0.5547140
vt 0.8245320 0.5510700
vt 0.8168420 0.5465820
vt 0.8194460 0.5438000
vt 0.8149030 0.5354760
vt 0.8117460 0.5374300
vt 0.8081140 0.5275060
vt 0.8115470 0.5262820
vt 0.8055690 0.5173090
vt 0.8093190 0.5167730
vt 0.8037890 0.5075510
vt 0.8080210 0.5071790
vt 0.8028960 0.4982750
vt 0.8074190 0.4980640
vt 0.8026210 0.4897430
vt 0.8073240 0.4897370
vt 0.8758020 0.4999340
vt 0.8764700 0.5015090
vt 0.8634520 0.5173100
vt 0.8593220 0.5091950
vt 0.8613680 0.5063230
vt 0.8656850 0.5123210
vt 0.8532870 0.5002350
vt 0.8504220 0.4964990
vt 0.8535560 0.4948340
vt 0.8559850 0.4984940
vt 0.8594220 0.4864050
vt 0.8599280 0.4893090
vt 0.8558960 0.4900260
vt 0.8550950 0.4867290
vt 0.8560970 0.5040030
vt 0.8585430 0.5021920
vt 0.8788650 0.4995660
vt 0.8571890 0.5101770
vt 0.8550520 0.5108370
vt 0.8524910 0.5059080
vt 0.8542640 0.5051780
vt 0.7971600 0.4898900
vt 0.7979470 0.4987560
vt 0.7991510 0.5083400
vt 0.8012280 0.5183950
vt 0.8850390 0.4944560
vt 0.8815790 0.5017130
vt 0.8846100 0.4986890
vt 0.8728860 0.4863040
vt 0.8953500 0.5052910
vt 0.8425000 0.5083240
vt 0.8430370 0.5074870
vt 0.8433970 0.5066430
vt 0.8440750 0.5057280
vt 0.8459280 0.5026710
vt 0.8448230 0.5044870
vt 0.8042360 0.5291970
vt 0.8758600 0.5039300
vt 0.8594220 0.5170940
vt 0.1154580 0.5839350
vt 0.1160780 0.5847810
vt 0.1169060 0.5858100
vt 0.8082550 0.5398770
vt 0.9459250 0.4900600
vt 0.9410400 0.4895020
vt 0.8565160 0.5170670
vt 0.8733640 0.4933870
vt 0.8433380 0.5677360
vt 0.8426680 0.5623380
vt 0.9339550 0.4953120
vt 0.8812010 0.5059510
vt 0.9310650 0.5019290
vt 0.9274370 0.5078420
vt 0.9235060 0.5127700
vt 0.8664860 0.5017200
vt 0.8700870 0.5045400
vt 0.9196990 0.5161620
vt 0.9149560 0.5169510
vt 0.9100440 0.5167440
vt 0.9049030 0.5148230
vt 0.8997180 0.5116760
vt 0.8936220 0.5078460
vt 0.8860300 0.5142200
vt 0.8868580 0.5086970
vt 0.8924730 0.5117620
vt 0.8916910 0.5174750
vt 0.8137070 0.5500270
vt 0.8198980 0.5593080
vt 0.8274420 0.5663670
vt 0.8356230 0.5714420
vt 0.8759590 0.5658750
vt 0.8831620 0.5593890
vt 0.8897050 0.5668900
vt 0.8809100 0.5731500
vt 0.8438630 0.5736670
vt 0.8520460 0.5743990
vt 0.8505660 0.5683010
vt 0.8576690 0.5672080
vt 0.8601380 0.5734220
vt 0.8646040 0.5643420
vt 0.8681550 0.5706160
vt 0.8713060 0.5596960
vt 0.8775670 0.5533610
vt 0.9270410 0.5461710
vt 0.9531690 0.4903380
vt 0.9503410 0.4905520
vt 0.9041780 0.5239500
vt 0.9045440 0.5190800
vt 0.9107940 0.5213240
vt 0.9116320 0.5262370
vt 0.8573630 0.4934610
vt 0.9445750 0.4965840
vt 0.9490030 0.4974860
vt 0.9169730 0.5215120
vt 0.9192500 0.5267190
vt 0.9322800 0.5196320
vt 0.9379590 0.5126980
vt 0.9419350 0.5150280
vt 0.9362490 0.5231830
vt 0.9419560 0.5042950
vt 0.9465520 0.5059110
vt 0.9261670 0.5244710
vt 0.9295010 0.5291890
vt 0.9215180 0.5323100
vt 0.9518420 0.4979690
vt 0.9496480 0.5067010
vt 0.8726450 0.5483090
vt 0.8672420 0.5543920
vt 0.8717350 0.5775460
vt 0.8614040 0.5588110
vt 0.8552140 0.5617420
vt 0.8591310 0.4969700
vt 0.8613300 0.5004300
vt 0.8489640 0.5626450
vt 0.8534920 0.5808720
vt 0.8546790 0.5870690
vt 0.8443810 0.5852580
vt 0.8442320 0.5796160
vt 0.8340630 0.5820910
vt 0.8349620 0.5769820
vt 0.8419430 0.5576470
vt 0.8473200 0.5579860
vt 0.8527790 0.5570130
vt 0.8583200 0.5543220
vt 0.8636620 0.5498610
vt 0.8683210 0.5440050
vt 0.8626090 0.5802360
vt 0.8648100 0.5871850
vt 0.7924090 0.4901990
vt 0.7925730 0.4993770
vt 0.7938920 0.5091560
vt 0.7962040 0.5200050
vt 0.7995550 0.5315260
vt 0.8235790 0.5761550
vt 0.8255290 0.5712630
vt 0.8169990 0.5639080
vt 0.8754040 0.5852930
vt 0.8863770 0.5816070
vt 0.8972760 0.5754580
vt 0.8889720 0.5514020
vt 0.8969570 0.5578320
vt 0.9041540 0.5302780
vt 0.9126470 0.5324240
vt 0.9394430 0.4957470
vt 0.9279560 0.5166610
vt 0.9326150 0.5102440
vt 0.9366060 0.5028880
vt 0.9228090 0.5201070
vt 0.9453190 0.5166800
vt 0.8641890 0.5039410
vt 0.8681340 0.5080230
vt 0.8716180 0.5185910
vt 0.8772080 0.5227650
vt 0.8978050 0.5208100
vt 0.8987640 0.5155930
vt 0.9398340 0.5267550
vt 0.9326730 0.5340310
vt 0.9239620 0.5387080
vt 0.9141230 0.5412960
vt 0.9149770 0.5531420
vt 0.9065110 0.5654600
vt 0.8825060 0.5458260
vt 0.8638890 0.4988020
vt 0.8621110 0.4955290
vt 0.8608630 0.4923160
vt 0.8878520 0.5048680
vt 0.8552720 0.7987680
vt 0.8541900 0.8092460
vt 0.8445750 0.8081990
vt 0.8668050 0.7829690
vt 0.8575980 0.7815550
vt 0.8619170 0.7633170
vt 0.8534330 0.7437820
vt 0.8665060 0.7457330
vt 0.8586160 0.7262120
vt 0.8715310 0.7282320
vt 0.8631960 0.7075340
vt 0.8766420 0.7080120
vt 0.8670230 0.6888550
vt 0.8794000 0.6878340
vt 0.8772220 0.6727420
vt 0.8737530 0.6620590
vt 0.8813060 0.6581000
vt 0.8970250 0.5272720
vt 0.8957190 0.5346020
vt 0.8888380 0.5305390
vt 0.8905550 0.5239270
vt 0.8845790 0.5203530
vt 0.9040510 0.5384550
vt 0.8863130 0.5380290
vt 0.8933490 0.5426690
vt 0.8750210 0.5294500
vt 0.8723060 0.5365950
vt 0.8675740 0.5323880
vt 0.8695930 0.5244870
vt 0.9022770 0.5479820
vt 0.8631710 0.5275510
vt 0.8597400 0.5253960
vt 0.8564820 0.5241140
vt 0.8533380 0.5228780
vt 0.8507180 0.5219130
vt 0.8485650 0.5210910
vt 0.8468120 0.5203750
vt 0.8455230 0.5196520
vt 0.8444170 0.5193550
vt 0.1232400 0.5843270
vt 0.1237400 0.5832370
vt 0.1242410 0.5821200
vt 0.1248290 0.5807660
vt 0.1256970 0.5786440
vt 0.1271620 0.5747180
vt 0.1293720 0.5677730
vt 0.1389270 0.5528810
vt 0.8395010 0.5186730
vt 0.8412380 0.5188410
vt 0.8425530 0.5189700
vt 0.8437270 0.5191820
vt 0.8772500 0.5412670
vt 0.8828730 0.5266500
vt 0.8804800 0.5336180
vt 0.8897870 0.5023820
vt 0.8938110 0.5013490
vt 0.8963780 0.5004570
vt 0.8920300 0.4913500
vt 0.8902530 0.4980380
vt 0.9036180 0.4933170
vt 0.9058040 0.4929020
vt 0.8891840 0.4944870
vt 0.9070120 0.4926180
vt 0.8868520 0.0260050
vt 0.8912000 0.0289860
vt 0.8959690 0.0324600
vt 0.8998960 0.0361060
vt 0.9035530 0.0415550
vt 0.9068750 0.0516590
vt 0.9081950 0.0649490
vt 0.9052930 0.0814410
vt 0.9014020 0.0964640
vt 0.8565250 0.1355530
vt 0.8544540 0.1359950
vt 0.8464270 0.1364400
vt 0.8183580 0.6432690
vt 0.8033020 0.5834160
vt 0.7987980 0.5887750
vt 0.7943650 0.5946330
vt 0.7906090 0.6019490
vt 0.7876800 0.6107440
vt 0.8030470 0.6067570
vt 0.8007740 0.6136570
vt 0.8165070 0.5904110
vt 0.8115060 0.5951410
vt 0.8069880 0.6001230
vt 0.8140170 0.6102410
vt 0.8119050 0.6156590
vt 0.8312900 0.5976020
vt 0.8232850 0.6009590
vt 0.8179530 0.6049080
vt 0.8687490 0.6541820
vt 0.8747160 0.6503910
vt 0.8548370 0.6577410
vt 0.8618080 0.6565560
vt 0.8787830 0.6457180
vt 0.8821740 0.6373780
vt 0.8113370 0.6217640
vt 0.7998910 0.6214040
vt 0.7868430 0.6207780
vt 0.8451420 0.6001370
vt 0.8208670 0.6311270
vt 0.8243180 0.6351750
vt 0.8389790 0.6479880
vt 0.8472300 0.6500760
vt 0.8655090 0.6107180
vt 0.8566280 0.6068150
vt 0.8338130 0.6370290
vt 0.8324020 0.6348320
vt 0.8352190 0.6328520
vt 0.8366020 0.6337500
vt 0.8757630 0.6263660
vt 0.8738730 0.6172200
vt 0.8688360 0.6440910
vt 0.8728250 0.6400860
vt 0.8420500 0.6066870
vt 0.8492330 0.6076540
vt 0.8502260 0.6100080
vt 0.8443940 0.6092740
vt 0.8646510 0.6402350
vt 0.8598000 0.6421630
vt 0.8563760 0.6364730
vt 0.8611380 0.6349570
vt 0.8265550 0.6082200
vt 0.8229890 0.6125710
vt 0.8475810 0.6044280
vt 0.8255170 0.6219620
vt 0.8265460 0.6174140
vt 0.8281310 0.6191820
vt 0.8293250 0.6236070
vt 0.8725010 0.6265750
vt 0.8712080 0.6310200
vt 0.8682240 0.6298580
vt 0.8700390 0.6262900
vt 0.8283570 0.6138140
vt 0.8312270 0.6142090
vt 0.8532120 0.6499980
vt 0.8691810 0.6345200
vt 0.8658530 0.6326060
vt 0.8363320 0.6077570
vt 0.8393710 0.6098660
vt 0.8362640 0.6392740
vt 0.8382750 0.6346060
vt 0.8266730 0.6387730
vt 0.8640190 0.6129020
vt 0.8705050 0.6187800
vt 0.8684060 0.6197990
vt 0.8625010 0.6142890
vt 0.8550500 0.6437180
vt 0.8516260 0.6437320
vt 0.8492070 0.6376820
vt 0.8527150 0.6372590
vt 0.8374610 0.6141740
vt 0.8344840 0.6165420
vt 0.8351400 0.6116030
vt 0.8664900 0.6246630
vt 0.8649840 0.6201240
vt 0.8554260 0.6142390
vt 0.8506350 0.6127910
vt 0.8563500 0.6116330
vt 0.8540230 0.6348560
vt 0.8596690 0.6331060
vt 0.8312130 0.6202880
vt 0.8598660 0.6160520
vt 0.8374390 0.6328990
vt 0.8389060 0.6335790
vt 0.8652930 0.6281340
vt 0.8457770 0.6122090
vt 0.8413450 0.6125600
vt 0.8346330 0.6310140
vt 0.8362520 0.6321580
vt 0.8338940 0.6318600
vt 0.8412560 0.6347370
vt 0.8443490 0.6354760
vt 0.8447500 0.6369370
vt 0.8410580 0.6358470
vt 0.8477380 0.6357840
vt 0.8630090 0.6311360
vt 0.8313360 0.6235120
vt 0.8507660 0.6353910
vt 0.8327480 0.6280590
vt 0.8311300 0.6281480
vt 0.8335980 0.6200800
vt 0.8325350 0.6230780
vt 0.8472030 0.6346100
vt 0.8504130 0.6341330
vt 0.8334690 0.6276670
vt 0.8351110 0.6304550
vt 0.8510260 0.6147920
vt 0.8467260 0.6141910
vt 0.8581170 0.6320730
vt 0.8613800 0.6301200
vt 0.8390840 0.6154520
vt 0.8362450 0.6172860
vt 0.8637580 0.6241740
vt 0.8621930 0.6204170
vt 0.8552310 0.6159770
vt 0.8531210 0.6336340
vt 0.8579730 0.6170500
vt 0.8380350 0.6322930
vt 0.8396950 0.6330110
vt 0.8632410 0.6274240
vt 0.8427130 0.6143260
vt 0.8366400 0.6317160
vt 0.8416790 0.6337110
vt 0.8447370 0.6345850
vt 0.8436940 0.6154680
vt 0.8473720 0.6154800
vt 0.8477920 0.6162410
vt 0.8444150 0.6162660
vt 0.8609370 0.6268030
vt 0.8593270 0.6290920
vt 0.8582940 0.6285800
vt 0.8598310 0.6264470
vt 0.8385150 0.6317620
vt 0.8369700 0.6310580
vt 0.8371620 0.6306390
vt 0.8391110 0.6308950
vt 0.8566550 0.6186220
vt 0.8585720 0.6207310
vt 0.8566760 0.6206930
vt 0.8555260 0.6194560
vt 0.8347280 0.6224870
vt 0.8355090 0.6208340
vt 0.8363050 0.6209810
vt 0.8354120 0.6226630
vt 0.8499350 0.6326050
vt 0.8476660 0.6329370
vt 0.8477430 0.6324320
vt 0.8498850 0.6320860
vt 0.8512190 0.6160790
vt 0.8512870 0.6168610
vt 0.8567500 0.6308440
vt 0.8521300 0.6321030
vt 0.8519560 0.6315790
vt 0.8562970 0.6303400
vt 0.8378420 0.6177760
vt 0.8388870 0.6184500
vt 0.8403730 0.6318760
vt 0.8407400 0.6315400
vt 0.8616790 0.6238560
vt 0.8599580 0.6239010
vt 0.8533530 0.6189800
vt 0.8512380 0.6176070
vt 0.8538730 0.6179660
vt 0.8545230 0.6201290
vt 0.8367290 0.6280990
vt 0.8377560 0.6294840
vt 0.8363140 0.6284890
vt 0.8436230 0.6316840
vt 0.8461710 0.6319720
vt 0.8461310 0.6324280
vt 0.8432010 0.6320590
vt 0.8475560 0.6319080
vt 0.8363410 0.6263280
vt 0.8355790 0.6265460
vt 0.8556360 0.6300070
vt 0.8574800 0.6283220
vt 0.8422640 0.6178270
vt 0.8396780 0.6189030
vt 0.8414120 0.6170840
vt 0.8580920 0.6240340
vt 0.8555860 0.6208950
vt 0.8527890 0.6231100
vt 0.8527690 0.6240560
vt 0.8516110 0.6245150
vt 0.8516040 0.6235550
vt 0.8469990 0.6192640
vt 0.8488690 0.6191940
vt 0.8490820 0.6201530
vt 0.8475380 0.6202980
vt 0.8423670 0.6252390
vt 0.8424240 0.6260900
vt 0.8411030 0.6270240
vt 0.8407670 0.6261010
vt 0.8515300 0.6227100
vt 0.8526720 0.6221640
vt 0.8478150 0.6275200
vt 0.8492120 0.6271170
vt 0.8499960 0.6278710
vt 0.8483120 0.6286240
vt 0.8424700 0.6284390
vt 0.8415920 0.6277750
vt 0.8426640 0.6268030
vt 0.8430790 0.6273540
vt 0.8455050 0.6276460
vt 0.8465680 0.6274880
vt 0.8467540 0.6289120
vt 0.8453720 0.6290300
vt 0.8524950 0.6255060
vt 0.8514500 0.6254220
vt 0.8515240 0.6220070
vt 0.8514270 0.6215530
vt 0.8519100 0.6207190
vt 0.8523350 0.6213690
vt 0.8444890 0.6277910
vt 0.8441920 0.6289380
vt 0.8405890 0.6235020
vt 0.8413250 0.6218090
vt 0.8437480 0.6221170
vt 0.8427950 0.6228010
vt 0.8469280 0.6300140
vt 0.8453750 0.6300990
vt 0.8438840 0.6298940
vt 0.8398040 0.6277910
vt 0.8393430 0.6267730
vt 0.8462800 0.6183720
vt 0.8485940 0.6183060
vt 0.8452640 0.6199780
vt 0.8441180 0.6191460
vt 0.8538710 0.6230080
vt 0.8541740 0.6245970
vt 0.8418840 0.6293570
vt 0.8405600 0.6286540
vt 0.8524650 0.6200300
vt 0.8530610 0.6207770
vt 0.8395280 0.6209170
vt 0.8415300 0.6198680
vt 0.8435900 0.6206980
vt 0.8529550 0.6284390
vt 0.8508790 0.6291290
vt 0.8516400 0.6271540
vt 0.8508710 0.6199450
vt 0.8510020 0.6190640
vt 0.8534230 0.6217900
vt 0.8540860 0.6275070
vt 0.8406310 0.6250520
vt 0.8389450 0.6249790
vt 0.8487790 0.6296570
vt 0.8388990 0.6224940
vt 0.8403820 0.6162130
vt 0.8544200 0.6167840
vt 0.8319070 0.6100740
vt 0.8515030 0.6311240
vt 0.8515460 0.6300400
vt 0.8549170 0.6294110
vt 0.8370380 0.6211050
vt 0.8404950 0.6193290
vt 0.8377230 0.6211870
vt 0.8409880 0.6310480
vt 0.8392210 0.6304220
vt 0.8396820 0.6296590
vt 0.8412330 0.6305180
vt 0.8585540 0.6260900
vt 0.8569150 0.6257710
vt 0.8560420 0.6233680
vt 0.8450240 0.6169470
vt 0.8481180 0.6168820
vt 0.8483750 0.6175180
vt 0.8456100 0.6176110
vt 0.8562890 0.6279580
vt 0.8383200 0.6286390
vt 0.8546750 0.6212780
vt 0.8537990 0.6203850
vt 0.8361900 0.6226490
vt 0.8369630 0.6227520
vt 0.8498010 0.6315510
vt 0.8470810 0.6313370
vt 0.8492040 0.6305880
vt 0.8511800 0.6182790
vt 0.8430820 0.6184670
vt 0.8460180 0.6327360
vt 0.8451360 0.6216320
vt 0.8508720 0.6208490
vt 0.8423480 0.6243870
vt 0.8430230 0.6325180
vt 0.8357010 0.6298410
vt 0.8348800 0.6265760
vt 0.8505560 0.6264150
vt 0.8462000 0.6209170
vt 0.8473130 0.6217460
vt 0.8458410 0.6222820
vt 0.8478950 0.6212660
vt 0.8491250 0.6212270
vt 0.8502370 0.6217760
vt 0.8502810 0.6222160
vt 0.8501650 0.6228030
vt 0.8501340 0.6234960
vt 0.8501100 0.6242760
vt 0.8502340 0.6250340
vt 0.8503930 0.6255910
vt 0.8496400 0.6260630
vt 0.8484900 0.6263840
vt 0.8472750 0.6263910
vt 0.8462710 0.6262820
vt 0.8455080 0.6263430
vt 0.8447560 0.6265290
vt 0.8440370 0.6262340
vt 0.8438190 0.6256960
vt 0.8436720 0.6250850
vt 0.8435670 0.6244390
vt 0.8435320 0.6237970
vt 0.8440180 0.6229480
vt 0.8447900 0.6226170
vt 0.8470130 0.6256310
vt 0.8463340 0.6254640
vt 0.8452660 0.6231770
vt 0.8461440 0.6229170
vt 0.8371730 0.6260730
vt 0.8481840 0.6255740
vt 0.8492170 0.6254520
vt 0.8474830 0.6224050
vt 0.8474970 0.6233550
vt 0.8462690 0.6235880
vt 0.8453770 0.6243210
vt 0.8453940 0.6237550
vt 0.8463400 0.6241860
vt 0.8482660 0.6222480
vt 0.8483550 0.6232900
vt 0.8492130 0.6225100
vt 0.8491650 0.6232180
vt 0.8491260 0.6239620
vt 0.8483410 0.6241090
vt 0.8473790 0.6240630
vt 0.8482280 0.6248210
vt 0.8470620 0.6249320
vt 0.8463310 0.6248660
vt 0.8453730 0.6248880
vt 0.8454100 0.6255090
vt 0.8491080 0.6247230
vt 0.8529500 0.6196620
vt 0.8378250 0.6274980
vt 0.8437840 0.6310810
vt 0.8454880 0.6313130
vt 0.8299950 0.6326730
vt 0.8265300 0.6287460
vt 0.8464530 0.6431880
vt 0.8399690 0.6422220
vt 0.8566370 0.6096910
vt 0.8299180 0.6417190
vt 0.8383080 0.6033900
vt 0.8638050 0.6468620
vt 0.8203630 0.6228200
vt 0.8211400 0.6167000
vt 0.8763420 0.6332480
vt 0.8313850 0.6052010
vt 0.8333520 0.6447600
vt 0.8581980 0.6487650
vt 0.9030940 0.0118630
vn -0.0207416 -0.7250631 -0.6883700
vn -0.0351307 -0.9225127 -0.3843645
vn -0.2061470 0.1920418 -0.9594912
vn -0.0096930 0.0978991 -0.9951491
vn -0.2050392 0.2036703 -0.9573282
vn -0.0196380 0.1329854 -0.9909234
vn -0.0059359 -0.8113902 -0.5844747
vn -0.3547256 0.2575031 -0.8988114
vn -0.3694684 0.3316537 -0.8680432
vn 0.1265192 -0.8561258 -0.5010404
vn -0.4955433 0.2043337 -0.8442065
vn -0.5260501 0.3441954 -0.7776894
vn 0.1719800 -0.7996572 -0.5753010
vn -0.6120499 0.0326958 -0.7901430
vn -0.6460734 0.1595016 -0.7464238
vn 0.2138969 -0.7688934 -0.6025373
vn -0.6962059 -0.1082214 -0.7096375
vn -0.7234832 -0.0608322 -0.6876565
vn 0.0069280 -0.7236341 -0.6901490
vn -0.6618885 -0.3522484 -0.6616832
vn -0.7270230 -0.2279574 -0.6476674
vn 0.3774781 -0.3964346 -0.8368691
vn -0.6516031 -0.3062625 -0.6939861
vn -0.6758242 -0.2722527 -0.6849380
vn 0.6546924 0.2664392 -0.7073811
vn -0.6321479 -0.2606434 -0.7296945
vn -0.6471145 -0.1952360 -0.7369706
vn 0.3053164 0.6312305 -0.7129726
vn -0.6529461 -0.2273642 -0.7224727
vn -0.6341088 -0.2642139 -0.7267029
vn -0.0466072 0.7212878 -0.6910656
vn -0.6535769 -0.1205173 -0.7472033
vn -0.6832154 -0.0535800 -0.7282485
vn -0.3749417 0.3070772 -0.8747127
vn -0.5816267 -0.0781778 -0.8096904
vn -0.6229690 -0.1065753 -0.7749525
vn -0.1180487 0.7100959 -0.6941385
vn -0.4468851 -0.1944459 -0.8732036
vn -0.4668117 -0.2552976 -0.8467054
vn -0.3054068 -0.2392058 -0.9216872
vn -0.2242286 -0.2729450 -0.9355333
vn -0.1910219 0.5256048 -0.8290056
vn -0.1107046 -0.0974063 -0.9890685
vn -0.0466981 -0.0829677 -0.9954575
vn 0.0059708 0.3357238 -0.9419416
vn 0.0713170 0.0518403 -0.9961057
vn 0.0865086 -0.0178144 -0.9960918
vn 0.0605632 0.6278132 -0.7760043
vn 0.1426444 0.0419758 -0.9888835
vn 0.1561667 0.0925186 -0.9833882
vn 0.0535660 0.7357877 -0.6750905
vn -0.0754643 0.0538830 -0.9956916
vn -0.0873562 0.2902758 -0.9529475
vn -0.0710376 0.8869284 -0.4564117
vn -0.0806208 -0.7681778 -0.6351403
vn 0.1033900 -0.0781433 -0.9915665
vn 0.0393685 -0.1066804 -0.9935137
vn -0.1513927 -0.7318499 -0.6644366
vn -0.0308628 -0.2882085 -0.9570702
vn -0.0838478 -0.3080668 -0.9476626
vn -0.4037056 -0.7560393 -0.5151955
vn -0.1232360 -0.2876402 -0.9497768
vn -0.1244396 -0.2807167 -0.9516895
vn -0.4213525 -0.8292840 -0.3670831
vn -0.2242226 -0.4267999 -0.8761085
vn -0.3279296 -0.2822757 -0.9015446
vn -0.5234988 -0.6339207 -0.5692922
vn -0.5995144 -0.5022140 -0.6231883
vn -0.5738384 -0.3331641 -0.7481384
vn -0.5135247 -0.1302651 -0.8481294
vn -0.7511079 -0.1111299 -0.6507589
vn -0.6006845 -0.2318526 -0.7651291
vn -0.2986402 0.6929063 -0.6562735
vn -0.4778849 0.1644161 -0.8628982
vn -0.3674321 -0.0773296 -0.9268300
vn -0.5813349 -0.0928848 -0.8083453
vn -0.5108422 0.0067681 -0.8596478
vn -0.3705360 0.0211581 -0.9285771
vn -0.2281684 0.1124851 -0.9671020
vn -0.0727994 0.1982234 -0.9774496
vn -0.0363461 0.3813342 -0.9237225
vn -0.4644969 0.2906103 -0.8365335
vn -0.7110371 0.1716009 -0.6818939
vn -0.7282075 0.0056237 -0.6853337
vn -0.6839287 -0.0982201 -0.7229069
vn -0.6487580 -0.1120633 -0.7526984
vn -0.6322218 -0.1900177 -0.7511251
vn -0.5901265 -0.1030068 -0.8007124
vn -0.6313489 -0.1005144 -0.7689573
vn -0.2678129 -0.0756953 -0.9604928
vn -0.1575585 -0.2128817 -0.9642908
vn -0.3889703 0.0014189 -0.9212492
vn -0.5845521 0.1038302 -0.8046851
vn -0.1784575 -0.4076345 -0.8955373
vn -0.2534088 -0.4874530 -0.8355678
vn -0.3002118 -0.4795784 -0.8245468
vn -0.4909050 -0.2629939 -0.8305700
vn -0.4978174 -0.1813646 -0.8481065
vn -0.5831760 -0.1411904 -0.7999819
vn -0.6541391 0.0346277 -0.7555812
vn -0.1682452 -0.2360243 -0.9570716
vn -0.1791971 -0.2372413 -0.9547801
vn -0.3848495 -0.8228450 -0.4181112
vn -0.4282164 -0.4114758 -0.8045610
vn -0.5444593 -0.3405583 -0.7665404
vn -0.5795622 -0.2172351 -0.7854403
vn -0.6155515 -0.0429566 -0.7869251
vn -0.6660573 0.1407793 -0.7324949
vn -0.4835680 -0.4385099 -0.7575428
vn -0.6367268 -0.2883351 -0.7151517
vn -0.7050924 -0.1011431 -0.7018652
vn -0.7231270 0.0683198 -0.6873280
vn -0.6701752 0.1843682 -0.7189392
vn -0.5577339 -0.3828667 -0.7364414
vn -0.6234775 -0.2251992 -0.7487063
vn -0.6968115 -0.0716989 -0.7136617
vn -0.7345073 0.0846394 -0.6733017
vn -0.7328620 0.1853076 -0.6546560
vn -0.5424666 -0.3143580 -0.7790437
vn -0.6549693 0.3314135 -0.6791026
vn -0.5151181 -0.1285212 -0.8474288
vn -0.5962356 -0.0033441 -0.8028025
vn -0.6503021 0.1186621 -0.7503509
vn -0.6924656 0.2384892 -0.6808923
vn -0.4493701 -0.2195533 -0.8659462
vn -0.5084806 0.3470541 -0.7880361
vn -0.2514477 -0.0334706 -0.9672920
vn -0.3136598 0.0890281 -0.9453526
vn -0.4001051 0.1801450 -0.8985899
vn -0.4893331 0.2474807 -0.8362455
vn -0.2136862 -0.0869845 -0.9730221
vn 0.0000000 0.3945826 -0.9188605
vn 0.0000000 -0.0203373 -0.9997932
vn -0.0000000 0.0985569 -0.9951314
vn 0.0000000 0.2208343 -0.9753113
vn 0.0000000 0.2884704 -0.9574888
vn -0.0000000 -0.0482108 -0.9988372
vn -0.5523022 0.1530274 -0.8194784
vn -0.4747313 0.2006022 -0.8569650
vn -0.3852059 0.2247674 -0.8950397
vn -0.2744648 0.3326393 -0.9022306
vn -0.1633838 0.4293076 -0.8882571
vn -0.1794758 0.5214329 -0.8342039
vn -0.5770482 0.3549528 -0.7355433
vn -0.6523264 -0.0178922 -0.7577269
vn -0.6597684 -0.0526242 -0.7496241
vn -0.6464247 -0.0702696 -0.7597350
vn -0.6335673 -0.1319025 -0.7623610
vn -0.6300459 -0.1240562 -0.7665848
vn -0.6464164 -0.0499557 -0.7613476
vn -0.5530444 0.0190466 -0.8329340
vn -0.3091091 -0.1539392 -0.9384851
vn -0.2108542 -0.2982081 -0.9309202
vn -0.4660254 -0.0463043 -0.8835588
vn -0.6031280 0.0336110 -0.7969359
vn -0.2452133 -0.4604358 -0.8531526
vn -0.3032426 -0.5374068 -0.7869167
vn -0.3646847 -0.5262607 -0.7681502
vn -0.6761445 -0.0568757 -0.7345705
vn -0.6520971 -0.0824621 -0.7536375
vn -0.6225989 -0.0799625 -0.7784450
vn -0.4040599 0.1377020 -0.9043084
vn -0.5840545 0.4444096 -0.6792500
vn -0.4164157 0.4765238 -0.7742887
vn -0.0000000 0.4916723 -0.8707803
vn -0.4439377 -0.4808985 -0.7560793
vn -0.4378387 -0.4081995 -0.8010433
vn -0.3663697 -0.2582892 -0.8939015
vn -0.1923565 -0.1367144 -0.9717552
vn 0.0000000 -0.1445745 -0.9894939
vn -0.3061083 -0.2320207 -0.9232898
vn -0.2859195 -0.3781116 -0.8805008
vn -0.4465775 -0.0963103 -0.8895464
vn -0.5650320 -0.0598603 -0.8228947
vn -0.3128126 -0.4693758 -0.8257328
vn -0.3498042 -0.5138671 -0.7833119
vn -0.3833505 -0.1467567 -0.9118689
vn -0.3298587 -0.2678028 -0.9052485
vn -0.5023750 -0.0486180 -0.8632819
vn -0.5949466 -0.0374942 -0.8028903
vn -0.3270987 -0.3428001 -0.8806216
vn -0.3556560 -0.3932728 -0.8478474
vn -0.6426337 0.3695454 -0.6711618
vn -0.5348959 0.1879642 -0.8237450
vn -0.3290840 0.0473692 -0.9431118
vn -0.6813346 -0.0832010 -0.7272281
vn -0.6606832 -0.1081764 -0.7428294
vn -0.6746246 -0.0844844 -0.7333103
vn -0.7545031 -0.0168821 -0.6560794
vn -0.7277598 -0.0412941 -0.6845878
vn -0.6536331 -0.0524272 -0.7549935
vn -0.4344220 0.2831159 -0.8550573
vn -0.5380228 0.0316261 -0.8423368
vn -0.7646408 -0.0407359 -0.6431680
vn -0.7426931 -0.0677395 -0.6661969
vn -0.7177972 -0.0684767 -0.6928767
vn -0.6960341 0.0901890 -0.7123218
vn -0.7513221 0.3222711 -0.5758962
vn -0.7124013 0.4681380 -0.5228109
vn -0.6011986 0.5053637 -0.6190054
vn -0.4441013 0.5478436 -0.7089721
vn 0.0000000 0.5859358 -0.8103575
vn -0.8066463 0.3818558 -0.4511184
vn -0.5695081 0.0884727 -0.8172106
vn -0.4250177 -0.0887699 -0.9008218
vn -0.3583777 -0.1821498 -0.9156347
vn -0.5241432 -0.0229443 -0.8513210
vn -0.6467415 0.0320788 -0.7620344
vn -0.3027808 -0.2050119 -0.9307491
vn -0.2937987 -0.2544813 -0.9213694
vn -0.8270228 0.0234595 -0.5616787
vn -0.8094367 0.0317062 -0.5863505
vn -0.7329758 0.0284902 -0.6796579
vn -0.6629863 0.0996407 -0.7419709
vn -0.7039815 0.3452049 -0.6206799
vn -0.8246012 0.0179027 -0.5654312
vn -0.8181460 -0.0129779 -0.5748640
vn -0.7969471 0.0040612 -0.6040355
vn -0.7586596 0.0665470 -0.6480796
vn -0.7053133 -0.0286689 -0.7083157
vn 0.0000000 -0.1738519 -0.9847718
vn -0.1638836 -0.1765371 -0.9705549
vn -0.4572452 -0.0373593 -0.8885556
vn -0.3761742 -0.1062466 -0.9204372
vn -0.5564765 0.0109535 -0.8307911
vn -0.6656948 0.0464890 -0.7447746
vn -0.2708503 0.5613014 -0.7820363
vn -0.0000000 -0.1368818 -0.9905874
vn -0.1973045 -0.1487921 -0.9689850
vn -0.4966953 0.0164590 -0.8677689
vn -0.4124636 -0.0256495 -0.9106129
vn -0.6118761 0.0568550 -0.7889076
vn -0.7318423 0.0693399 -0.6779372
vn -0.2778886 -0.1224444 -0.9527777
vn -0.0000000 -0.1063724 -0.9943264
vn -0.1829254 -0.1225608 -0.9754574
vn -0.3162816 -0.0365788 -0.9479599
vn -0.0000000 -0.0343342 -0.9994104
vn -0.1896105 -0.0417359 -0.9809720
vn -0.5760577 0.2699538 -0.7715455
vn -0.4420127 0.2796416 -0.8523059
vn -0.6942955 0.2086689 -0.6887750
vn -0.8445373 0.1120602 -0.5236404
vn -0.2784873 0.2193492 -0.9350566
vn 0.0000000 0.2712058 -0.9625214
vn -0.1313848 0.2504137 -0.9591825
vn -0.6197277 0.3572322 -0.6988009
vn -0.4422975 0.4316139 -0.7861821
vn -0.7781940 0.2477943 -0.5770720
vn -0.8906397 0.1201150 -0.4385583
vn -0.2760373 0.3083674 -0.9103367
vn -0.0000000 0.3223861 -0.9466083
vn -0.1360956 0.3273711 -0.9350434
vn -0.8797426 0.0853337 -0.4677297
vn -0.8531214 0.0995574 -0.5121252
vn -0.7788897 0.0948722 -0.6199436
vn -0.8980622 0.0576459 -0.4360749
vn -0.8905598 0.0086564 -0.4547837
vn -0.8800822 0.0372110 -0.4733611
vn -0.8210265 0.0337350 -0.5698925
vn -0.9213407 0.1172844 -0.3706422
vn -0.8910328 0.1062828 -0.4413213
vn -0.8355676 0.0796866 -0.5435779
vn -0.9353106 0.0876963 -0.3427877
vn -0.9827836 0.0719091 -0.1701925
vn -0.9660816 0.0053749 -0.2581809
vn -0.9303640 0.0224905 -0.3659468
vn -0.9882731 0.0644864 -0.1384117
vn -0.9887381 0.0044621 -0.1495898
vn -0.9851309 -0.0678910 -0.1578227
vn -0.9694695 -0.1928620 -0.1514369
vn -0.9660578 -0.0580482 -0.2517196
vn -0.9493779 -0.0168323 -0.3136849
vn -0.9493971 -0.0035710 -0.3140580
vn -0.4841820 -0.7071527 -0.5152697
vn -0.5963708 -0.4228692 -0.6822928
vn -0.6597268 -0.1478957 -0.7368089
vn -0.6559718 0.3882223 -0.6472901
vn -0.6684898 0.4738234 -0.5732476
vn -0.7265190 0.4912940 -0.4804169
vn -0.7297491 0.5203170 -0.4435499
vn -0.7530049 0.5314193 -0.3880427
vn -0.9086404 0.3028688 -0.2874771
vn -0.8951061 0.3410150 -0.2872175
vn -0.9776878 0.1566312 -0.1399758
vn -0.5428242 0.0342797 -0.8391465
vn -0.5660326 -0.6134935 -0.5506657
vn -0.7972957 -0.1684053 -0.5796198
vn -0.7565183 -0.0842671 -0.6485207
vn -0.5765847 0.5561447 -0.5985426
vn -0.3751784 0.5671636 -0.7331894
vn 0.0000000 0.5787593 -0.8154984
vn -0.5022293 0.3902277 -0.7716787
vn -0.2752496 0.3924827 -0.8776075
vn 0.0000000 0.3939193 -0.9191450
vn -0.5288942 -0.1664224 -0.8322106
vn -0.3162882 -0.1754014 -0.9323069
vn 0.0000000 -0.1151045 -0.9933534
vn -0.4957455 -0.7715242 -0.3987314
vn -0.3955405 -0.7411075 -0.5425010
vn -0.4482169 -0.4905947 -0.7472741
vn -0.2796438 -0.5517121 -0.7857564
vn -0.0000000 -0.5755475 -0.8177684
vn -0.7367138 -0.6130007 -0.2854521
vn -0.4216905 -0.7485053 -0.5117782
vn -0.2494618 -0.7572730 -0.6035780
vn -0.2729606 -0.7388846 -0.6160699
vn -0.0000000 -0.7679976 -0.6404527
vn -0.7568595 -0.5221138 -0.3931424
vn -0.4824640 -0.6782538 -0.5542565
vn -0.2967245 -0.7674564 -0.5683003
vn -0.2556522 -0.7841648 -0.5654445
vn -0.0000000 -0.8213426 -0.5704352
vn -0.7133881 -0.1947511 -0.6731637
vn -0.5323628 -0.2766091 -0.8000483
vn -0.3130494 -0.7041315 -0.6373374
vn -0.2277653 -0.6839348 -0.6930773
vn 0.0000000 -0.6354975 -0.7721030
vn -0.8167823 -0.4847198 -0.3129111
vn -0.8731459 -0.2935722 -0.3891421
vn -0.2613344 -0.5652024 -0.7824644
vn -0.2215994 -0.8952153 -0.3866307
vn -0.6699552 -0.4158373 -0.6150117
vn -0.7766526 -0.3682687 -0.5110665
vn -0.0661501 -0.9515709 -0.3002282
vn 0.1423724 -0.9046054 -0.4017700
vn -0.6543874 -0.6570868 -0.3741846
vn -0.3715565 -0.9037705 -0.2124727
vn -0.4970365 -0.8671311 -0.0322222
vn -0.7957750 -0.6049299 0.0283198
vn -0.9623420 -0.1777866 -0.2056449
vn -0.8421673 -0.1701997 -0.5116505
vn -0.5972326 -0.1343568 -0.7907348
vn -0.5162501 -0.0500715 -0.8549729
vn -0.5013176 -0.1930792 -0.8434460
vn -0.7544274 -0.1387455 -0.6415520
vn -0.9041742 -0.0716805 -0.4211067
vn -0.9187683 -0.2891471 -0.2688100
vn -0.7440873 0.3371254 -0.5767847
vn -0.9237802 0.2024754 -0.3250135
vn -0.9577103 0.0957312 -0.2713422
vn -0.3908750 -0.2364510 -0.8895548
vn -0.1403446 -0.2367843 -0.9613722
vn -0.0000000 -0.3326976 -0.9430336
vn -0.2599862 -0.6405137 -0.7225991
vn 0.0650297 -0.9969523 -0.0430956
vn 0.3091458 -0.9412382 -0.1360127
vn 0.1311497 -0.9249261 -0.3568073
vn -0.1853621 -0.9671865 0.1737558
vn -0.4970561 -0.8409470 0.2138769
vn -0.7900339 -0.6112841 -0.0466717
vn -0.8488375 -0.3647559 -0.3826592
vn -0.6503623 -0.2964043 -0.6994093
vn -0.5383675 -0.2834942 -0.7935940
vn -0.4585126 -0.4035161 -0.7917961
vn -0.2886252 0.6138561 -0.7347627
vn -0.0416601 0.5416516 -0.8395701
vn 0.1884273 0.4117096 -0.8916223
vn -0.5102956 0.0321632 -0.8593974
vn -0.5042233 0.1256637 -0.8543814
vn -0.4435159 0.2364996 -0.8645008
vn -0.3301657 -0.1161950 -0.9367440
vn -0.0000000 0.5847877 -0.8111864
vn -0.6951177 -0.0264756 -0.7184083
vn -0.6353165 -0.4970860 -0.5909979
vn -0.3999858 -0.8448406 -0.3553249
vn -0.1017583 -0.9942941 0.0320074
vn -0.7252796 -0.2177668 -0.6531058
vn -0.6803271 -0.2334910 -0.6947208
vn -0.3359274 -0.2721489 -0.9017138
vn -0.6188467 -0.2857671 -0.7316870
vn -0.6285092 -0.0831659 -0.7733432
vn -0.4989388 0.1422373 -0.8548852
vn -0.5284721 -0.0378496 -0.8481065
vn -0.5436230 0.1092527 -0.8321886
vn -0.6165561 0.1727524 -0.7681244
vn -0.5906130 -0.0393989 -0.8059925
vn -0.6216931 0.0320799 -0.7826037
vn -0.6628977 -0.1321067 -0.7369630
vn -0.4480719 -0.2067578 -0.8697602
vn -0.4072219 -0.1734851 -0.8967013
vn -0.2695014 -0.7173569 -0.6424703
vn -0.0469158 -0.9934971 -0.1037425
vn 0.0679154 -0.9653540 -0.2519507
vn 0.0707420 -0.9467336 -0.3141512
vn -0.2205327 -0.9743092 0.0456818
vn -0.3067714 -0.9517678 -0.0054245
vn -0.5298115 -0.7912448 -0.3053383
vn -0.5710150 -0.6010896 -0.5591361
vn -0.5404867 -0.4534123 -0.7087252
vn -0.4896253 -0.3949511 -0.7773550
vn -0.3892893 -0.5590568 -0.7320583
vn 0.1025521 -0.9913452 0.0819623
vn -0.0837994 -0.9546708 -0.2856244
vn -0.1536418 -0.8874233 -0.4345964
vn -0.1317577 -0.9806860 -0.1445508
vn -0.3450255 -0.8292612 -0.4396400
vn -0.3611314 -0.7081853 -0.6066776
vn -0.3253744 -0.9200193 -0.2183941
vn -0.5359630 -0.0744936 -0.8409485
vn -0.5813679 -0.1717562 -0.7953057
vn -0.5617219 -0.3444073 -0.7522314
vn -0.2555560 -0.3923561 -0.8835994
vn -0.1633644 -0.0227262 -0.9863040
vn -0.5085212 0.0721578 -0.8580207
vn -0.6638148 -0.0477116 -0.7463736
vn -0.6407428 -0.1263432 -0.7572886
vn -0.6386254 -0.3527229 -0.6839182
vn -0.6726794 -0.2307065 -0.7030483
vn -0.4894335 0.5277221 -0.6942364
vn -0.6745314 0.3096877 -0.6701499
vn -0.7188179 0.1350155 -0.6819616
vn -0.6369384 -0.3296674 -0.6968708
vn -0.6955997 -0.1512043 -0.7023377
vn -0.5902736 -0.4732677 -0.6539073
vn -0.5484740 -0.4376409 -0.7124934
vn -0.2214495 -0.8896493 -0.3993548
vn -0.5007267 -0.6261885 -0.5976293
vn -0.0433967 -0.9910435 -0.1262911
vn -0.2991342 -0.9169427 -0.2640736
vn 0.2518681 -0.9376847 0.2393948
vn 0.1846850 -0.9533493 0.2387813
vn -0.1129078 -0.6459478 -0.7549856
vn -0.1786249 0.0010922 -0.9839166
vn -0.5140551 -0.5695207 -0.6413996
vn -0.1892497 -0.8341236 -0.5180950
vn -0.4003048 -0.3438334 -0.8494319
vn -0.3960564 -0.7030746 -0.5906144
vn 0.3226544 -0.9380987 -0.1259562
vn 0.2904208 0.8593136 -0.4209940
vn -0.1941167 -0.9464373 -0.2580216
vn 0.4436601 -0.8919882 0.0867343
vn 0.4570034 0.8676696 -0.1956970
vn 0.1797984 -0.9826510 0.0454919
vn 0.5565499 -0.7956353 0.2392000
vn 0.7908643 0.6045323 0.0952596
vn 0.3807354 -0.8899900 0.2509151
vn -0.1530594 0.9681731 -0.1980246
vn -0.4211402 0.7712360 -0.4773217
vn -0.6263787 0.2128357 -0.7499004
vn -0.6735561 -0.0016752 -0.7391342
vn -0.6125135 0.0841763 -0.7859654
vn -0.6054362 0.2464158 -0.7567868
vn -0.2010198 0.8543106 -0.4793166
vn -0.0470681 0.9780054 -0.2031995
vn 0.0967278 0.9941283 0.0485039
vn 0.0452572 0.9944915 0.0945430
vn -0.6291461 -0.0479789 -0.7758049
vn -0.4695225 -0.4028699 -0.7856491
vn -0.5865392 -0.3369903 -0.7364845
vn -0.0673637 0.5136132 -0.8553734
vn -0.5520369 0.2151854 -0.8055747
vn -0.4869902 -0.2362535 -0.8408477
vn -0.3488437 -0.3850764 -0.8544146
vn 0.1396878 0.5455371 -0.8263635
vn 0.0000000 0.6259136 -0.7798924
vn -0.3008326 0.5709123 -0.7639102
vn -0.4008827 0.1986441 -0.8943342
vn -0.3840199 -0.2572322 -0.8867696
vn -0.2784257 -0.5226632 -0.8057930
vn -0.1951730 0.0321208 -0.9802427
vn -0.2296679 -0.3155680 -0.9206897
vn -0.2493017 -0.6060698 -0.7553330
vn -0.1027844 0.0153219 -0.9945856
vn -0.1729043 -0.3532580 -0.9194090
vn -0.1622410 -0.6308151 -0.7587821
vn 0.0000000 0.1413098 -0.9899654
vn 0.0000000 -0.3139886 -0.9494267
vn -0.0000000 -0.5761714 -0.8173289
vn -0.1541757 -0.9715291 -0.1798916
vn -0.1695230 -0.8769336 -0.4497215
vn -0.0914300 -0.9127241 -0.3982152
vn -0.1245453 -0.9553105 -0.2680864
vn -0.1072544 -0.9719693 -0.2092179
vn -0.0000000 -0.9809709 -0.1941546
vn -0.1635101 0.9667293 -0.1967204
vn -0.3583014 0.8043518 -0.4739602
vn -0.6351406 0.0673989 -0.7694504
vn -0.6313448 -0.0673452 -0.7725726
vn -0.4220094 -0.4284912 -0.7989389
vn -0.4978979 -0.4879609 -0.7169323
vn -0.2827074 0.7639525 -0.5800458
vn -0.3733474 0.4429411 -0.8151165
vn -0.4999181 -0.0835916 -0.8620292
vn -0.4992158 -0.1512631 -0.8531723
vn -0.2012681 -0.4686511 -0.8601496
vn -0.3608019 -0.4355704 -0.8246820
vn -0.1142188 0.6675874 -0.7357181
vn -0.2114649 0.4946983 -0.8429449
vn -0.3029908 0.0117368 -0.9529212
vn -0.3339041 -0.1708985 -0.9269853
vn 0.0000000 -0.4332679 -0.9012652
vn -0.0000000 -0.8201238 -0.5721862
vn -0.0000000 0.7428773 -0.6694276
vn -0.0000000 0.5502962 -0.8349695
vn 0.0000000 -0.0284735 -0.9995945
vn -0.0000000 -0.1520690 -0.9883699
vn -0.4853141 -0.5317713 -0.6940385
vn -0.5062607 -0.6079748 -0.6116100
vn -0.3191837 -0.8219240 -0.4717656
vn 0.1616225 -0.9072664 -0.3882600
vn -0.0705910 0.2475179 -0.9663083
vn -0.5832947 0.4505644 -0.6758395
vn -0.4460032 0.5347316 -0.7177348
vn -0.5183952 -0.3852644 -0.7634381
vn -0.4303608 -0.3492389 -0.8323591
vn -0.3497160 -0.4045384 -0.8450132
vn -0.2542419 -0.4184609 -0.8719240
vn -0.1669639 -0.4359629 -0.8843412
vn -0.0000000 -0.4841186 -0.8750024
vn -0.5655598 0.3772722 -0.7333538
vn -0.4439847 0.2494071 -0.8606240
vn -0.2413444 0.3739218 -0.8955084
vn -0.0000000 0.2987105 -0.9543438
vn -0.0062082 -0.9389751 0.3439291
vn 0.0915553 -0.9458644 0.3113812
vn 0.1735632 -0.9558512 0.2371167
vn -0.0046857 0.9996018 -0.0278246
vn -0.0232805 0.9980205 -0.0584217
vn 0.0267767 0.9991896 0.0300515
vn -0.0000000 -0.8250544 0.5650534
vn -0.0157721 -0.9057610 0.4234954
vn -0.0504442 -0.9229102 0.3816964
vn 0.0000000 0.9845515 -0.1750952
vn 0.4983606 -0.7060200 0.5031625
vn 0.4572351 -0.6650663 0.5904430
vn 0.6575540 -0.6627027 0.3583962
vn 0.9285568 0.2079986 0.3074393
vn 0.6086848 -0.6815618 0.4061728
vn 0.3850801 0.7970353 0.4652397
vn 0.3188206 0.8192308 0.4766700
vn 0.1958115 -0.3533549 0.9147667
vn 0.3347661 -0.4939706 0.8024492
vn 0.4833300 -0.5593198 0.6734638
vn 0.1267829 0.8510942 0.5094749
vn 0.3488021 0.8357961 0.4240070
vn 0.4221350 0.7767269 0.4674370
vn 0.0000000 -0.1698442 0.9854709
vn 0.1099493 -0.1363956 0.9845341
vn 0.0680412 -0.1778166 0.9817085
vn 0.0000000 0.8394297 0.5434683
vn 0.6171908 -0.3793498 0.6893253
vn 0.5959330 -0.2984324 0.7455213
vn 0.7402272 -0.3965557 0.5429616
vn 0.8861850 0.1693817 0.4312610
vn 0.7211802 -0.3486901 0.5985936
vn 0.4906238 0.3805185 0.7838966
vn 0.4943473 0.3852683 0.7792234
vn 0.3184450 -0.1266718 0.9394397
vn 0.4561561 -0.2056788 0.8658047
vn 0.5544521 -0.2707130 0.7869545
vn 0.3126501 0.2682432 0.9112055
vn 0.5937487 0.3596605 0.7197964
vn 0.6661499 0.3565405 0.6550749
vn -0.0000000 -0.0181569 0.9998352
vn 0.1357371 -0.0262225 0.9903978
vn 0.1526550 -0.0518712 0.9869173
vn 0.0000000 0.2734100 0.9618976
vn 0.6369733 -0.1280188 0.7601817
vn 0.6148599 -0.1234797 0.7789095
vn 0.7643564 -0.1473519 0.6277314
vn 0.8970962 0.1263775 0.4233759
vn 0.7224937 -0.1165304 0.6814862
vn 0.5651423 0.2965305 0.7698596
vn 0.5504169 0.2109150 0.8078095
vn 0.3635618 -0.0647052 0.9293202
vn 0.5069069 -0.0800154 0.8582790
vn 0.5786161 -0.1040710 0.8089331
vn 0.4069699 0.1655708 0.8983105
vn 0.6657531 0.1487356 0.7311980
vn 0.7192920 0.1520228 0.6778703
vn -0.0000000 -0.0907026 0.9958780
vn 0.1240259 -0.0545197 0.9907801
vn 0.1761741 -0.0516225 0.9830045
vn 0.0000000 0.0272117 0.9996297
vn 0.6327517 -0.2064538 0.7463257
vn 0.6314042 -0.2198509 0.7436359
vn 0.7881278 -0.1044720 0.6065807
vn 0.8758523 0.1407255 0.4616049
vn 0.7193609 -0.1602444 0.6759006
vn 0.6856475 0.3878056 0.6160311
vn 0.5861860 0.3875385 0.7114772
vn 0.3437845 -0.2689388 0.8997133
vn 0.5020834 -0.2404158 0.8307301
vn 0.5746316 -0.2614510 0.7755268
vn 0.3109202 0.5531124 0.7729136
vn 0.5962599 0.4523323 0.6632267
vn 0.6991346 0.3576134 0.6191312
vn -0.0000000 -0.4117270 0.9113072
vn -0.0003026 -0.3221190 0.9466991
vn 0.1273413 -0.2980372 0.9460222
vn -0.0000000 0.5921358 0.8058382
vn 0.6191506 -0.3883717 0.6825100
vn 0.5789661 -0.4601682 0.6730850
vn 0.8190792 -0.1096882 0.5630966
vn 0.8704506 0.1506244 0.4686449
vn 0.7324758 -0.2810198 0.6200864
vn 0.7529239 0.4400773 0.4893235
vn 0.6126061 0.5515211 0.5661609
vn 0.2037612 -0.6300698 0.7493287
vn 0.4225134 -0.5494449 0.7208278
vn 0.5461691 -0.5004177 0.6717748
vn 0.1910679 0.7663204 0.6133891
vn 0.5205902 0.6605512 0.5409787
vn 0.5887512 0.5870637 0.5556332
vn 0.0000000 -0.7244668 0.6893097
vn -0.2835351 -0.6566382 0.6988806
vn -0.0403826 -0.6606290 0.7496256
vn -0.0000000 0.7880290 0.6156381
vn 0.5740126 -0.6239448 0.5302852
vn 0.5167081 -0.6749669 0.5267185
vn 0.9119289 -0.1849776 0.3662908
vn 0.9461462 0.1386949 0.2925255
vn 0.7642212 -0.4465841 0.4653263
vn 0.8016155 0.5313482 0.2740103
vn 0.6364581 0.7388342 0.2214612
vn 0.0664281 -0.8359871 0.5447135
vn 0.2855796 -0.7872473 0.5465218
vn 0.5044531 -0.6919597 0.5164483
vn 0.2060131 0.9402153 0.2712078
vn 0.3690256 0.9093265 0.1922118
vn 0.4656269 0.8557141 0.2257098
vn -0.0000000 -0.8789393 0.4769336
vn -0.4173921 -0.7811507 0.4643139
vn -0.1835976 -0.8359797 0.5171362
vn -0.0000000 0.9629144 0.2698071
vn 0.5586608 -0.7562277 0.3406137
vn 0.5010748 -0.7967826 0.3377300
vn 0.9414341 -0.1968145 0.2737990
vn 0.9700284 0.1277354 0.2067090
vn 0.7770396 -0.5369424 0.3284850
vn 0.8125459 0.5621033 0.1543016
vn 0.5677004 0.8187934 0.0854029
vn -0.0394529 -0.9582311 0.2832607
vn 0.2408019 -0.9193422 0.3111660
vn 0.4508204 -0.8316342 0.3242613
vn 0.2682699 0.9624685 0.0410566
vn 0.2813666 0.9595051 0.0135196
vn 0.4910774 0.8691122 0.0590500
vn 0.0000000 -0.9761388 0.2171475
vn -0.4762308 -0.8537837 0.2103752
vn -0.2697141 -0.9298069 0.2504266
vn 0.0000000 0.9999991 0.0013495
vn 0.5779208 -0.8150462 0.0413178
vn 0.4765199 -0.8781821 0.0415320
vn 0.9756609 -0.1913375 0.1071252
vn 0.9857843 0.1512440 0.0731754
vn 0.7803174 -0.6217913 0.0669351
vn 0.8910970 0.4388472 0.1155826
vn 0.5649246 0.7848376 0.2547353
vn -0.1097294 -0.9936803 -0.0236416
vn 0.2176701 -0.9760120 -0.0045015
vn 0.3884760 -0.9209484 0.0306662
vn 0.2403535 0.9463984 0.2157781
vn 0.2416853 0.9022642 0.3570819
vn 0.4183766 0.8796255 0.2263184
vn -0.0000000 -0.9979108 -0.0646068
vn -0.4820310 -0.8756028 -0.0310798
vn -0.2957150 -0.9549923 -0.0232868
vn -0.0000000 0.9347872 0.3552081
vn 0.5005855 -0.7983738 -0.3346840
vn 0.3831339 -0.8515978 -0.3577564
vn 0.9708323 -0.1985368 -0.1344163
vn 0.9627916 0.2482526 -0.1067846
vn 0.6928896 -0.6647430 -0.2793219
vn 0.9594701 0.1940285 -0.2043773
vn 0.9120858 0.3805593 -0.1525585
vn -0.1166059 -0.9217903 -0.3697373
vn 0.1841521 -0.9036948 -0.3865537
vn 0.2309436 -0.8921163 -0.3883215
vn 0.2415265 0.9207179 0.3065021
vn 0.4296686 0.9029743 0.0047226
vn 0.6154536 0.7702426 0.1671625
vn -0.0000000 -0.9058633 -0.4235702
vn -0.5182962 -0.7920912 -0.3224293
vn -0.2875921 -0.8903368 -0.3529748
vn -0.0000000 0.9988524 0.0478944
vn 0.2540196 -0.6917448 -0.6759905
vn 0.1635207 -0.7063687 -0.6886976
vn 0.7751383 -0.3427902 -0.5307122
vn 0.8911507 0.2641498 -0.3688840
vn 0.3868096 -0.6484159 -0.6556944
vn 0.8403090 0.2809164 -0.4636451
vn 0.7926082 0.2290979 -0.5650543
vn -0.1287334 -0.7463207 -0.6530185
vn 0.1479553 -0.6798757 -0.7182466
vn 0.0958235 -0.7529633 -0.6510484
vn 0.1223644 0.4406585 -0.8892958
vn 0.1343076 0.3858947 -0.9127140
vn 0.6070668 0.3884841 -0.6932172
vn 0.0000000 -0.6687796 -0.7434607
vn -0.6043120 -0.5779880 -0.5483948
vn -0.2864092 -0.7147969 -0.6379931
vn -0.0000000 0.2977109 -0.9546561
vn 0.1246068 -0.1987276 -0.9721011
vn 0.4051953 -0.4305016 -0.8065266
vn 0.3793656 -0.3021007 -0.8745381
vn 0.4303112 0.1162630 -0.8951621
vn 0.0109470 -0.3542246 -0.9350963
vn 0.1815672 0.2541589 -0.9499666
vn 0.1939986 0.0884499 -0.9770062
vn 0.0137688 -0.5033946 -0.8639469
vn -0.0108103 -0.1217091 -0.9925069
vn -0.0470954 -0.5819822 -0.8118366
vn -0.1129759 0.0971583 -0.9888360
vn -0.0409725 0.1233498 -0.9915171
vn 0.0286949 0.1255159 -0.9916765
vn 0.0000000 -0.3220221 -0.9467322
vn -0.3866572 -0.1421584 -0.9112010
vn -0.5321007 -0.4624458 -0.7092339
vn -0.0000000 0.0601526 -0.9981892
vn -0.5606639 -0.1718756 -0.8100091
vn -0.5267594 -0.1830167 -0.8300780
vn -0.4419753 0.1519337 -0.8840667
vn -0.5479823 0.1117267 -0.8289949
vn -0.6629863 0.1136296 -0.7399578
vn -0.7947388 0.0695928 -0.6029486
vn -0.9500848 0.0489355 -0.3081303
vn -0.9635973 0.0549664 -0.2616464
vn -0.9347259 0.0445548 -0.3525654
vn -0.8898464 0.0445519 -0.4540799
vn -0.5084408 -0.2543092 -0.8226875
vn -0.3325937 -0.2326023 -0.9139352
vn -0.1807608 -0.1416515 -0.9732730
vn 0.0000000 -0.0692385 -0.9976001
vn -0.5123281 -0.1844826 -0.8387408
vn -0.1900238 -0.9758603 -0.1076459
vn -0.3276093 -0.9441164 -0.0362820
vn -0.3955169 -0.0245521 -0.9181305
vn -0.5506405 -0.1627093 -0.8187312
vn -0.5239270 -0.2071010 -0.8262019
vn -0.2161769 0.0519749 -0.9749698
vn -0.0000000 -0.9573807 -0.2888289
vn 0.0000000 0.0852310 -0.9963612
vn -0.5144688 -0.1209718 -0.8489333
vn -0.8962409 -0.3189540 -0.3082541
vn -0.9331057 -0.2826228 -0.2223467
vn -0.8888441 -0.3737967 -0.2650135
vn -0.7980690 -0.4886808 0.3525293
vn -0.8187333 -0.5439037 0.1839689
vn -0.7840892 -0.6046214 0.1401320
vn -0.7568167 -0.6475753 0.0887392
vn -0.7409866 -0.6708407 0.0301928
vn -0.6407324 -0.7671007 -0.0319133
vn -0.1993942 -0.9799189 0.0009483
vn -0.8569605 -0.4968562 0.1369404
vn -0.2928949 -0.9554761 0.0357493
vn 0.0000000 -0.9975866 -0.0694329
vn -0.9168996 -0.3925115 0.0723176
vn -0.8993732 -0.4363866 -0.0263558
vn -0.9254781 -0.3785409 -0.0140389
vn -0.9159179 -0.3079604 -0.2574002
vn -0.9555588 -0.2484402 -0.1586975
vn -0.9406637 -0.1063833 -0.3222334
vn -0.9713629 -0.1258366 -0.2015424
vn -0.9511925 0.0254567 -0.3075464
vn -0.9792761 0.0109079 -0.2022357
vn -0.9407504 0.0741960 -0.3308830
vn -0.9524230 0.1444470 -0.2683755
vn -0.7495932 -0.6471613 0.1388965
vn -0.8072357 -0.5668274 0.1645516
vn -0.7935448 -0.6085066 -0.0025195
vn -0.8354549 -0.5494647 -0.0101783
vn -0.8426323 -0.4156856 -0.3423102
vn -0.8870517 -0.3444923 -0.3073504
vn -0.7365393 -0.2049563 -0.6445951
vn -0.8654220 -0.1470959 -0.4789651
vn -0.8121577 0.0055594 -0.5834115
vn -0.9096425 0.0186679 -0.4149724
vn -0.8347781 -0.0068309 -0.5505441
vn -0.9228997 0.0752734 -0.3776110
vn -0.7050964 -0.6975138 0.1277244
vn -0.6390368 -0.1618238 -0.7519608
vn -0.7063908 -0.0079812 -0.7077771
vn -0.8438996 0.0747586 -0.5312669
vn -0.0000000 -0.9993252 -0.0367306
vn -0.2252553 -0.9726112 0.0573366
vn -0.3157063 -0.9465854 0.0656177
vn 0.0000000 -0.9983030 0.0582338
vn -0.5059371 -0.8549173 0.1146473
vn -0.2182143 -0.9756220 -0.0233292
vn -0.3179005 -0.9469300 -0.0475684
vn 0.0000000 -0.9995075 -0.0313806
vn -0.5472733 -0.8333704 -0.0773671
vn -0.2173231 -0.9220975 -0.3201670
vn -0.2721109 -0.8955173 -0.3521425
vn -0.0000000 -0.9098023 -0.4150420
vn -0.6331919 -0.6679706 -0.3910028
vn -0.1892397 -0.5075230 -0.8406002
vn -0.5286444 -0.4130631 -0.7415619
vn -0.3078183 -0.4948400 -0.8126385
vn -0.0000000 -0.4208642 -0.9071236
vn -0.6224594 -0.3654827 -0.6920742
vn -0.1289665 -0.2428031 -0.9614647
vn -0.4898530 -0.2974384 -0.8194964
vn -0.3292086 -0.2127755 -0.9199719
vn 0.0000000 -0.2425356 -0.9701425
vn -0.5001172 -0.2365061 -0.8330352
vn -0.4252330 -0.2560458 -0.8681114
vn -0.3377881 -0.5386350 -0.7718624
vn -0.9640925 -0.2651865 0.0142023
vn -0.9840897 -0.1737464 -0.0371435
vn -0.9957405 -0.0849521 -0.0358320
vn -0.9845150 0.0817424 -0.1550753
vn -0.9668073 0.1765971 -0.1846539
vn -0.9736572 -0.1897922 0.1263744
vn -0.9828339 -0.1496282 0.1079305
vn -0.9998135 -0.0185094 -0.0055130
vn -0.9882580 0.1198851 -0.0947301
vn -0.9640561 0.2584451 -0.0616599
vn -0.8802044 0.4736564 -0.0298279
vn -0.9654289 -0.1170734 0.2328965
vn -0.9857923 -0.0585235 0.1574437
vn -0.9938289 0.0511314 0.0984368
vn -0.9793759 0.1475339 0.1380457
vn -0.9226086 0.3539997 0.1532242
vn -0.8382914 0.4863488 0.2464395
vn -0.8933474 -0.0181030 0.4490020
vn -0.8845518 -0.0001041 0.4664420
vn -0.8587558 0.0668391 0.5080068
vn -0.8096309 0.1753855 0.5601229
vn -0.7027396 0.3675482 0.6091514
vn -0.5791967 0.4971910 0.6460126
vn -0.5561872 -0.0486976 0.8296290
vn -0.4926461 -0.0289065 0.8697495
vn -0.4389093 0.0567407 0.8967381
vn -0.3885851 0.1581730 0.9077350
vn -0.3605295 0.3419326 0.8678137
vn -0.3288233 0.4811337 0.8126411
vn -0.1887529 -0.1296703 0.9734259
vn -0.1388427 -0.0805744 0.9870311
vn -0.1108415 0.0331425 0.9932853
vn -0.1048183 0.1548566 0.9823607
vn -0.2105843 0.3664284 0.9063027
vn -0.1563544 0.4041162 0.9012455
vn 0.0000000 -0.2423332 0.9701931
vn 0.0000000 -0.2065280 0.9784407
vn 0.0000000 0.0007022 0.9999998
vn 0.0000000 0.1790720 0.9838360
vn -0.0000000 0.3516873 0.9361176
vn -0.0000000 0.4980655 0.8671394
vn -0.9930654 -0.0758295 -0.0898390
vn -0.9951357 -0.0890011 0.0422333
vn -0.7663326 0.5178769 0.3801814
vn -0.5385724 0.6845980 0.4911876
vn -0.9662244 0.1374112 0.2180106
vn -0.9398871 0.2235653 0.2581294
vn -0.9981004 -0.0548175 0.0281173
vn -0.9426121 -0.3329227 0.0253933
vn -0.9952586 0.0047457 -0.0971483
vn -0.9947711 -0.0590673 -0.0833155
vn -0.9722201 -0.2110234 -0.1012775
vn -0.9879958 0.0188480 -0.1533263
vn -0.9737083 -0.0279173 -0.2260815
vn -0.9976982 -0.0597540 -0.0320577
vn -0.9906768 -0.0093117 0.1359149
vn -0.9222080 -0.1497345 0.3565276
vn -0.8522875 -0.3227075 0.4116623
vn -0.8914794 -0.2771740 0.3583839
vn -0.8987206 0.4192683 0.1285120
vn -0.6383597 0.7489930 0.1775005
vn 0.0000000 0.9721095 0.2345275
vn -0.7979673 0.5818808 0.1570445
vn 0.0000000 0.9947739 -0.1021020
vn 0.0000000 0.9368656 -0.3496896
vn -0.5033502 0.7876726 -0.3552612
vn -0.8644632 -0.4425903 0.2383636
vn -0.9509740 -0.2903396 0.1065425
vn -0.9621641 -0.2348464 0.1381573
vn -0.9448903 -0.1882499 0.2678513
vn -0.8615011 -0.1129583 0.4950316
vn -0.5980402 -0.0827256 0.7971853
vn -0.2503527 -0.1560527 0.9554952
vn -0.7536385 -0.6088051 -0.2477606
vn -0.8398387 -0.5059819 -0.1966044
vn -0.8558046 -0.5128884 -0.0674098
vn -0.8908562 -0.4530775 -0.0331070
vn -0.8967315 -0.4419832 0.0228792
vn -0.5060678 0.0397384 -0.8615778
vn -0.5835449 -0.2334107 -0.7778141
vn -0.5478357 -0.1961050 -0.8132766
vn -0.3221536 0.5016386 -0.8028548
vn -0.5343494 -0.0401793 -0.8443082
vn -0.7447301 0.0971139 -0.6602620
vn -0.7964325 0.0300107 -0.6039823
vn -0.6130608 0.1503086 -0.7756054
vn -0.6280462 0.0684026 -0.7751639
vn -0.5718707 0.2149089 -0.7916932
vn -0.6586108 0.1573650 -0.7358451
vn -0.4704086 0.3250821 -0.8203886
vn -0.4810088 0.1934485 -0.8551071
vn -0.6296710 0.2807327 -0.7243643
vn -0.9524410 -0.2518071 -0.1716079
vn -0.8192003 -0.5052011 0.2714458
vn -0.9300651 -0.3673923 -0.0013037
vn -0.4442461 -0.8958806 -0.0065841
vn -0.6242828 -0.7312265 -0.2749159
vn -0.8416250 -0.3959850 -0.3672372
vn -0.7249318 -0.6188179 -0.3025528
vn -0.7766779 -0.5333007 -0.3352042
vn -0.4006514 -0.8777296 -0.2628102
vn -0.2204543 -0.9261515 -0.3060120
vn -0.5105510 -0.8596949 -0.0161999
vn -0.5669147 -0.8106775 -0.1463203
vn -0.6660364 -0.7156177 -0.2104442
vn -0.4143440 -0.9039043 0.1061888
vn -0.4760235 -0.8777585 -0.0542368
vn -0.4475325 -0.8937261 -0.0311177
vn -0.3694253 -0.9239779 0.0989433
vn -0.6691054 -0.7306126 0.1360266
vn -0.6942415 -0.2559955 -0.6726775
vn -0.5182886 -0.0578377 -0.8532478
vn -0.7165812 -0.6551767 0.2392802
vn -0.8776112 -0.4066752 0.2537989
vn -0.0000000 -0.2490224 0.9684977
vn -0.8929131 -0.3569081 0.2744499
vn -0.8995424 -0.2857526 0.3304072
vn -0.8795835 -0.2475037 0.4062941
vn -0.7914165 -0.2403083 0.5620604
vn -0.6265158 -0.2902698 0.7233405
vn -0.3723024 -0.3729294 0.8498909
vn 0.0000000 -0.4919365 0.8706311
vn -0.9064318 -0.3371443 0.2543916
vn -0.8672882 -0.3207844 0.3806686
vn -0.8494815 -0.2945215 0.4377652
vn -0.7943560 -0.2682271 0.5450255
vn -0.6836134 -0.2836849 0.6724549
vn -0.4896958 -0.3453555 0.8005796
vn 0.0000000 -0.3775763 0.9259785
vn -0.9380556 -0.2845322 0.1977200
vn -0.8566179 -0.2869598 0.4287889
vn -0.8256249 -0.2556707 0.5029672
vn -0.7606903 -0.2482662 0.5997618
vn -0.6431273 -0.2501651 0.7237436
vn -0.4876072 -0.2282076 0.8427102
vn -0.0000000 -0.1870567 0.9823491
vn -0.9588949 -0.1979731 0.2032909
vn -0.9068890 -0.1229662 0.4030281
vn -0.8613539 -0.0756043 0.5023479
vn -0.8080204 -0.0315587 0.5883087
vn -0.7125598 -0.0301157 0.7009648
vn -0.4882839 0.0099222 0.8726285
vn -0.0000000 0.1002158 0.9949657
vn -0.9856890 -0.1162002 0.1221255
vn -0.9498036 0.0435790 0.3097968
vn -0.9132516 0.1164317 0.3904039
vn -0.8827943 0.1393189 0.4486251
vn -0.7630814 0.2974407 0.5737907
vn -0.5478390 0.4317743 0.7165497
vn 0.0000000 0.6025573 0.7980756
vn -0.5084304 0.8561282 -0.0924289
vn -0.7268706 0.6838167 -0.0636704
vn -0.7198229 0.6311134 -0.2890518
vn -0.9005680 0.1720156 -0.3992341
vn -0.8528137 0.5210179 -0.0353433
vn -0.9390944 0.3422446 -0.0311508
vn -0.7711653 0.3290943 -0.5449780
vn -0.9530890 0.2733449 0.1300150
vn -0.9910949 0.1176420 0.0623805
vn -0.9967082 -0.0762194 -0.0276291
vn -0.6373196 0.4194845 -0.6464182
vn -0.4665904 0.5105803 -0.7222196
vn -0.2612819 0.4991078 -0.8262101
vn 0.0000000 0.5055205 -0.8628146
vn -0.1233347 0.5162441 -0.8475143
vn -0.9527064 0.2633946 -0.1515712
vn -0.8798456 0.4337242 -0.1943066
vn -0.9847990 0.1682245 -0.0432594
vn -0.9831440 0.1352402 -0.1230360
vn -0.2159741 -0.9749582 0.0530249
vn -0.2788933 -0.9565796 0.0846991
vn 0.0000000 -0.9983190 0.0579587
vn -0.9420002 -0.3014696 0.1474846
vn -0.3694938 -0.9251446 0.0870740
vn -0.4365100 -0.8948969 0.0928368
vn -0.5478945 -0.8288161 0.1134700
vn -0.9062285 -0.3810608 0.1831464
vn -0.8220025 -0.4918191 0.2870991
vn -0.7785906 -0.5833331 0.2313422
vn -0.6694659 -0.7187437 0.1876777
vn -0.6384515 -0.7504975 0.1706847
vn -0.7249641 -0.6569689 0.2069274
vn -0.9520288 -0.2730149 0.1382175
vn -0.9170969 -0.3228657 0.2338610
vn -0.8918980 -0.3469481 0.2900775
vn -0.8947945 -0.2971636 0.3332216
vn -0.9441488 -0.1395337 0.2985187
vn -0.9771145 -0.0685498 0.2013657
vn -0.9998332 -0.0164536 0.0079236
vn -0.8362563 0.4090559 -0.3651694
vn -0.9331396 0.2675373 -0.2401546
vn -0.9761130 0.0934963 -0.1961167
vn -0.6724690 0.5382396 -0.5080193
vn 0.0000000 0.8207955 -0.5712221
vn -0.1320555 0.5753480 -0.8071778
vn 0.0000000 0.5715372 -0.8205762
vn -0.4816724 0.7020325 -0.5245399
vn 0.1109185 0.4082519 0.9061057
vn 0.0094289 -0.1981523 0.9801259
vn 0.0926115 -0.1716705 0.9807917
vn -0.1730243 0.7972147 -0.5783696
vn -0.1346274 0.5458896 0.8269704
vn -0.0875110 0.0697304 0.9937200
vn -0.0209257 -0.2530942 0.9672153
vn -0.1289849 0.9874722 -0.0908925
vn -0.1790919 0.9552180 0.2355517
vn -0.0867186 -0.2000708 0.9759363
vn -0.1120089 -0.4077956 0.9061770
vn -0.0882387 -0.4778853 0.8739791
vn -0.1513707 0.9050943 -0.3973552
vn 0.1830668 0.1951190 0.9635430
vn 0.1575903 -0.0252746 0.9871811
vn 0.2504369 0.2534642 0.9343646
vn -0.7600793 -0.6495001 -0.0207145
vn -0.7195152 -0.6942141 -0.0190975
vn -0.7716305 -0.5153040 -0.3728917
vn -0.7796817 -0.5789312 -0.2386109
vn -0.5389445 -0.7443591 -0.3942948
vn -0.4373662 -0.8366894 -0.3296387
vn -0.0224935 -0.1683107 0.9854773
vn 0.0396028 0.3075200 0.9507171
vn -0.3059359 0.8667394 -0.3939111
vn -0.0454685 -0.2121155 0.9761863
vn -0.2050142 -0.4484129 0.8699971
vn 0.0607418 -0.0013061 0.9981527
vn 0.1212728 0.2634256 0.9570266
vn -0.2574385 0.0485110 0.9650762
vn -0.2527603 -0.2141195 0.9435386
vn -0.2801235 -0.4014601 0.8719866
vn -0.2867908 0.5267890 0.8001527
vn -0.3704752 0.9024439 0.2198705
vn 0.0170864 0.2007523 0.9794930
vn -0.2893914 0.9522296 -0.0975262
vn 0.0002584 -0.1144834 0.9934251
vn -0.2985286 0.7590552 -0.5785463
vn 0.0593922 -0.9893831 -0.1326410
vn -0.1023225 -0.9783574 -0.1798524
vn 0.2128334 -0.9755514 -0.0547846
vn 0.3212591 -0.9453061 -0.0564713
vn 0.5149835 -0.8522196 -0.0922705
vn 0.8044702 -0.5848235 -0.1039669
vn 0.9036912 -0.4076147 -0.1311201
vn 0.9868519 -0.0978415 -0.1286479
vn 0.9818706 0.1765029 -0.0691144
vn 0.8307324 0.5562479 -0.0217255
vn 0.4542776 0.8902026 0.0342236
vn 0.3473072 0.9349539 -0.0723803
vn 0.2060992 0.9689141 -0.1368525
vn 0.0495843 0.9867712 -0.1543505
vn -0.0225590 0.9848409 -0.1719871
vn -0.0973076 0.9839582 -0.1495242
vn -0.1373877 0.9814430 -0.1337697
vn -0.4126606 0.9006069 -0.1364493
vn -0.2226214 -0.9627149 -0.1536872
vn -0.3894540 -0.9145580 -0.1091298
vn -0.6159265 -0.7829217 -0.0875678
vn -0.7264041 -0.6042448 -0.3274527
vn -0.7652098 -0.4509207 -0.4594829
vn -0.7728410 0.0887225 -0.6283670
vn -0.5706506 0.7402694 -0.3554702
vn -0.7519877 -0.6198073 -0.2243956
vn 0.2292554 -0.5164166 0.8250793
vn 0.0180676 -0.5119098 0.8588492
vn 0.4065431 -0.4826219 0.7757569
vn 0.5790041 -0.3826494 0.7199539
vn 0.6703132 -0.3264963 0.6663936
vn 0.7727539 -0.1277050 0.6217257
vn 0.8045753 -0.0265780 0.5932557
vn 0.7526887 0.1061836 0.6497575
vn 0.7133862 0.0397524 0.6996427
vn 0.7983335 0.0132871 0.6020689
vn 0.6246765 0.1182116 0.7718843
vn 0.5419702 0.2318066 0.8077958
vn 0.3836440 0.2384009 0.8921784
vn 0.1909314 0.3076620 0.9321423
vn -0.0172874 0.3942896 0.9188236
vn -0.2290902 0.3886487 0.8924516
vn -0.3279555 0.4909269 0.8071158
vn -0.3836108 0.4438578 0.8098351
vn -0.1924981 -0.4391550 0.8775462
vn -0.3933425 -0.2659546 0.8800851
vn -0.5214355 -0.0884711 0.8486919
vn -0.6386566 -0.2036801 0.7420459
vn -0.7536441 -0.0982092 0.6499043
vn -0.7206118 0.3206356 0.6147450
vn -0.5101130 0.5325206 0.6754306
vn -0.5810479 -0.0829833 0.8096278
vn 0.2734787 -0.3663356 0.8893861
vn 0.0338117 -0.3763902 0.9258441
vn 0.4536541 -0.3246047 0.8299576
vn 0.6211887 -0.2746909 0.7339410
vn 0.7216735 -0.1952187 0.6641363
vn 0.7855794 -0.1337869 0.6041242
vn 0.8137694 -0.0376759 0.5799654
vn 0.8146562 0.0277245 0.5792812
vn 0.7958876 0.0641869 0.6020324
vn 0.7984085 0.0679790 0.5982664
vn 0.7522769 0.1727262 0.6358027
vn 0.6411153 0.2121626 0.7375352
vn 0.4709215 0.3321626 0.8172521
vn 0.2291991 0.3821568 0.8952229
vn -0.0112775 0.3357283 0.9418914
vn -0.2560908 0.2677518 0.9288307
vn -0.3975240 0.1571968 0.9040264
vn -0.6168274 0.1595778 0.7707522
vn -0.2078353 -0.3595220 0.9096969
vn -0.4375770 -0.3054654 0.8457052
vn -0.5900532 -0.2046452 0.7809978
vn -0.7161086 0.0133356 0.6978614
vn -0.7305594 0.0529452 0.6807934
vn -0.6998109 0.1173160 0.7046287
vn -0.6148523 0.1685169 0.7704276
vn -0.6732482 -0.0789566 0.7351889
vn 0.2470952 -0.7904420 0.5604867
vn -0.0401308 -0.8040982 0.5931405
vn 0.4892895 -0.7126848 0.5026690
vn 0.6719101 -0.6017987 0.4317119
vn 0.8022672 -0.4731490 0.3640018
vn 0.8875223 -0.3447162 0.3057367
vn 0.9404731 -0.2157740 0.2625870
vn 0.9680346 -0.0925550 0.2331147
vn 0.9750951 0.0248675 0.2203885
vn 0.9643438 0.1394059 0.2249600
vn 0.8710180 0.3963703 0.2902037
vn 0.7588995 0.5424017 0.3603776
vn 0.5671933 0.6980509 0.4370545
vn 0.2845738 0.8110566 0.5110821
vn -0.0181874 0.8285965 0.5595508
vn -0.3085017 0.7730341 0.5542969
vn -0.5141885 0.6812198 0.5211044
vn -0.7772294 0.4651402 0.4237441
vn -0.3301102 -0.7398084 0.5862685
vn -0.5793173 -0.6071354 0.5438548
vn -0.7594530 -0.4339010 0.4847278
vn -0.9074330 -0.1114815 0.4051385
vn -0.9251810 0.0350904 0.3779005
vn -0.9073316 0.2000414 0.3697741
vn -0.8505470 0.3468064 0.3953418
vn -0.8610841 -0.2612264 0.4362281
vn 0.2242618 -0.9177016 0.3279183
vn -0.0727918 -0.9322168 0.3545041
vn 0.4781240 -0.8314392 0.2830306
vn 0.6715579 -0.7047936 0.2286393
vn 0.8102672 -0.5597480 0.1736351
vn 0.9029243 -0.4114821 0.1241381
vn 0.9607162 -0.2644795 0.0841134
vn 0.9912937 -0.1188646 0.0566388
vn 0.9987959 0.0207460 0.0444566
vn 0.9870438 0.1534939 0.0467352
vn 0.8944178 0.4385673 0.0876107
vn 0.7853495 0.6039480 0.1359150
vn 0.5926813 0.7816752 0.1941979
vn 0.3037360 0.9181150 0.2545768
vn -0.0115122 0.9537007 0.3005368
vn -0.3169609 0.8964438 0.3097165
vn -0.5361057 0.7919584 0.2922203
vn -0.8130610 0.5332956 0.2335115
vn -0.3734968 -0.8580625 0.3524612
vn -0.6297183 -0.7054021 0.3253656
vn -0.8118732 -0.5087104 0.2864885
vn -0.9675086 -0.1247866 0.2198989
vn -0.9779696 0.0457352 0.2036758
vn -0.9547837 0.2142152 0.2061553
vn -0.8968997 0.3825198 0.2219224
vn -0.9176189 -0.3091913 0.2497525
vn 0.1831060 -0.9781026 0.0989316
vn -0.1326372 -0.9827571 0.1288247
vn 0.4395861 -0.8929925 0.0965840
vn 0.6270931 -0.7778370 0.0415193
vn 0.7834252 -0.6214241 -0.0087745
vn 0.8868163 -0.4616036 -0.0218851
vn 0.9457105 -0.3177648 -0.0682438
vn 0.9836471 -0.1474737 -0.1033916
vn 0.9955169 0.0018054 -0.0945668
vn 0.9841754 0.1379845 -0.1111711
vn 0.8978735 0.4317644 -0.0860388
vn 0.7986864 0.5987442 -0.0600446
vn 0.5967876 0.8016827 -0.0339042
vn 0.2961159 0.9548404 0.0243957
vn 0.0100479 0.9968026 0.0792692
vn -0.2919994 0.9533240 0.0768750
vn -0.5327659 0.8432777 0.0710152
vn -0.8238949 0.5633328 0.0620753
vn -0.4127257 -0.8985621 0.1491430
vn -0.6550294 -0.7471994 0.1123814
vn -0.8473963 -0.5191327 0.1114483
vn -0.9884918 -0.1371093 0.0639132
vn -0.9957638 0.0631183 0.0668622
vn -0.9696725 0.2331478 0.0733301
vn -0.9135430 0.4020343 0.0617055
vn -0.9424771 -0.3173370 0.1050431
vn 0.2063563 -0.9754160 -0.0773356
vn -0.9975866 -0.0097108 -0.0687502
vn 0.4457242 -0.8919860 -0.0754379
vn -0.7891603 -0.6118626 -0.0533866
vn 0.7743798 -0.6134489 -0.1549717
vn 0.8738105 -0.4577498 -0.1640743
vn 0.9641417 -0.1317934 -0.2303504
vn 0.9741791 0.0231257 -0.2245892
vn -0.3779049 0.9206330 -0.0980959
vn 0.8481758 0.4786096 -0.2270036
vn 0.7270382 0.6534375 -0.2107958
vn 0.5336157 0.8201176 -0.2065463
vn 0.2733581 0.9476697 -0.1649165
vn -0.0601941 0.9918127 -0.1126243
vn 0.9546550 0.1798015 -0.2372873
vn -0.5608680 0.8221441 -0.0974995
vn -0.8228815 0.5625715 -0.0798704
vn 0.9379636 -0.2821153 -0.2015819
vn -0.6073483 -0.7917956 -0.0647134
vn -0.3625541 -0.9313502 -0.0337832
vn 0.6508106 -0.7505266 -0.1146968
vn -0.9786676 -0.1907826 -0.0762346
vn -0.0460171 -0.9976756 -0.0502577
vn -0.9787980 0.1954201 -0.0613630
vn -0.9145112 0.3982424 -0.0712193
vn -0.9233279 -0.3805975 -0.0511003
vn 0.1575278 -0.9641267 -0.2136460
vn -0.9818487 -0.0022340 -0.1896529
vn 0.3940197 -0.8902612 -0.2284371
vn -0.7905032 -0.5808374 -0.1942489
vn 0.7278579 -0.6306354 -0.2692987
vn 0.8290559 -0.4774906 -0.2909793
vn 0.9287489 -0.1567916 -0.3359193
vn 0.9369569 0.0000708 -0.3494448
vn -0.3382799 0.9063436 -0.2531955
vn 0.8223891 0.4336152 -0.3683124
vn 0.7132886 0.5971506 -0.3669204
vn 0.5248891 0.7742011 -0.3537005
vn 0.2477607 0.9118630 -0.3272929
vn -0.0519231 0.9555937 -0.2900772
vn 0.9239712 0.1449952 -0.3539119
vn -0.5411440 0.8093157 -0.2284103
vn -0.8133817 0.5412297 -0.2132619
vn 0.8953186 -0.3169720 -0.3129430
vn -0.6130270 -0.7646426 -0.1987953
vn -0.3783864 -0.9024982 -0.2057203
vn 0.5847097 -0.7723661 -0.2481232
vn -0.9629254 -0.1887912 -0.1926979
vn -0.1109235 -0.9717211 -0.2084566
vn -0.9640685 0.1868401 -0.1888456
vn -0.9025970 0.3803770 -0.2015737
vn -0.9036043 -0.3821983 -0.1934519
vn 0.1313087 -0.9173910 -0.3757017
vn -0.9422343 -0.0234719 -0.3341311
vn 0.3531749 -0.8529641 -0.3843433
vn -0.7467470 -0.5648461 -0.3511664
vn 0.6717846 -0.6153479 -0.4123741
vn 0.7726346 -0.4709940 -0.4256765
vn 0.8688964 -0.1648571 -0.4667346
vn 0.8768528 -0.0161188 -0.4804887
vn -0.3354837 0.8444509 -0.4175564
vn 0.7654126 0.3948833 -0.5081444
vn 0.6593200 0.5474957 -0.5153112
vn 0.4814165 0.7118112 -0.5114323
vn 0.2200072 0.8423026 -0.4920601
vn -0.0644126 0.8872262 -0.4568158
vn 0.8651728 0.1222720 -0.4863390
vn -0.5269276 0.7561373 -0.3880769
vn -0.7853543 0.4997530 -0.3653294
vn 0.8362261 -0.3190459 -0.4460219
vn -0.5789710 -0.7321069 -0.3589038
vn -0.3609993 -0.8564521 -0.3690113
vn 0.5327132 -0.7458151 -0.3999706
vn -0.9183422 -0.2001036 -0.3414765
vn -0.1163524 -0.9199793 -0.3742997
vn -0.9277292 0.1616874 -0.3364160
vn -0.8703891 0.3467267 -0.3495761
vn -0.8565936 -0.3820854 -0.3467825
vn 0.1014227 -0.8284139 -0.5508574
vn -0.8454518 -0.0385541 -0.5326582
vn 0.2957615 -0.7738423 -0.5600833
vn -0.6626289 -0.5169479 -0.5419297
vn 0.5783239 -0.5678435 -0.5857433
vn 0.6712445 -0.4401827 -0.5963808
vn 0.7566822 -0.1686446 -0.6316573
vn 0.7655457 -0.0347670 -0.6424415
vn -0.3057917 0.7365278 -0.6033393
vn 0.6662982 0.3285399 -0.6694088
vn 0.5728140 0.4633607 -0.6761516
vn 0.4205467 0.6077346 -0.6736461
vn 0.1909962 0.7255334 -0.6611519
vn -0.0613530 0.7700893 -0.6349789
vn 0.7574011 0.0915640 -0.6464980
vn -0.4807199 0.6598778 -0.5774684
vn -0.7037895 0.4319065 -0.5640365
vn 0.7291714 -0.3044641 -0.6128708
vn -0.5170500 -0.6579374 -0.5475196
vn -0.3294279 -0.7661861 -0.5517573
vn 0.4545064 -0.6809507 -0.5742213
vn -0.8195507 -0.1967324 -0.5381757
vn -0.1146427 -0.8265432 -0.5510748
vn -0.8365234 0.1263318 -0.5331688
vn -0.7846218 0.2939770 -0.5458444
vn -0.7615004 -0.3568076 -0.5411151
vn 0.2060950 0.2345147 -0.9500146
vn 0.1847183 0.3159777 -0.9306112
vn 0.1308728 0.4237039 -0.8962964
vn 0.0048363 0.4916782 -0.8707636
vn 0.1809115 0.0325909 -0.9829592
vn -0.1686841 0.3390463 -0.9255232
vn -0.2194020 0.2063122 -0.9535712
vn 0.1797535 -0.2059059 -0.9619207
vn -0.2136730 -0.4034647 -0.8896966
vn -0.1719552 -0.4824051 -0.8589044
vn 0.1504610 -0.4412873 -0.8846621
vn -0.2696708 -0.1463739 -0.9517628
vn -0.0910717 -0.5651586 -0.8199401
vn -0.2737443 0.0311053 -0.9612994
vn -0.2560520 0.1313893 -0.9576921
vn -0.2589223 -0.2342887 -0.9370529
vn 0.1784911 0.1011180 -0.9787319
vn -0.1913114 0.2653535 -0.9449801
vn -0.4532098 0.4278352 -0.7820217
vn 0.5374340 0.1518931 -0.8295138
vn -0.5814778 -0.2985187 -0.7568158
vn -0.5914470 0.2168794 -0.7766298
vn -0.6340070 0.0779942 -0.7693842
vn -0.1090948 -0.7039838 -0.7017871
vn -0.6201693 -0.1720172 -0.7653758
vn 0.3353291 -0.5724669 -0.7482219
vn -0.2834717 -0.6412079 -0.7130892
vn -0.4150738 -0.5465707 -0.7273062
vn 0.5282697 -0.2607385 -0.8080511
vn -0.5214629 0.3298270 -0.7869502
vn -0.3694789 0.5131266 -0.7747170
vn 0.5530165 0.0546412 -0.8313766
vn -0.0352599 0.6229429 -0.7814723
vn 0.1689555 0.5830741 -0.7946563
vn 0.3472656 0.4708600 -0.8109855
vn 0.4429962 0.3486276 -0.8259620
vn 0.5016065 0.2423483 -0.8304566
vn -0.2325592 0.5831502 -0.7783650
vn 0.5530347 -0.0492557 -0.8317010
vn 0.5453865 -0.1546685 -0.8237908
vn -0.5257399 -0.1396622 -0.8391020
vn -0.6601235 -0.3051502 -0.6863820
vn -0.7226099 -0.6241980 -0.2970048
vn -0.6685630 -0.7436052 -0.0086539
vn -0.6403518 -0.7557439 0.1371160
vn -0.6456886 -0.7508725 0.1388404
vn -0.6995119 -0.7145900 0.0066585
vn -0.7958273 -0.5591001 -0.2325208
vn -0.8270351 -0.4357132 -0.3552000
vn -0.6128973 -0.2349776 -0.7544153
vn -0.5270458 -0.1581656 -0.8349888
vn -0.4637883 -0.1184218 -0.8779958
vn -0.3712853 0.1023510 -0.9228605
vn -0.4058272 0.2442877 -0.8806973
vn -0.5018369 0.1663186 -0.8488215
vn -0.2806103 0.4965557 -0.8213953
vn 0.0604364 0.9229313 -0.3801912
vn 0.1692001 0.9742345 -0.1491255
vn 0.3679965 0.9289127 0.0412279
vn 0.6037465 0.7698142 0.2070660
vn 0.6446743 0.5255215 0.5551776
vn 0.7693724 0.3949206 0.5020995
vn 0.8320652 0.3386449 0.4393031
vn 0.8463680 0.3138574 0.4302962
vn 0.9119012 0.3167108 0.2610181
vn 0.9354664 0.3111189 0.1676534
vn 0.9499241 0.3080975 0.0521556
vn 0.9183662 0.3555712 -0.1737029
vn 0.7876429 0.5061132 -0.3513802
vn 0.2203092 0.2090994 -0.9527546
vn 0.1180920 -0.4179160 -0.9007777
vn 0.5762479 -0.5800976 -0.5756953
vn 0.8102618 -0.5445685 -0.2166125
vn 0.8713296 -0.4808403 0.0978637
vn 0.8513859 -0.4240078 0.3088032
vn 0.8199964 -0.3792656 0.4286765
vn 0.7577094 -0.2386687 0.6073826
vn 0.7300541 -0.1490157 0.6669448
vn 0.7103394 -0.1260490 0.6924807
vn 0.6956961 -0.3724283 0.6142509
vn 0.5917313 -0.7025550 0.3953106
vn 0.4309694 -0.8671439 0.2496534
vn 0.2854015 -0.9531212 0.1005283
vn 0.1098477 -0.9869293 -0.1179156
vn -0.0743476 -0.9359716 -0.3441359
vn -0.2457762 -0.8418331 -0.4805322
vn -0.4173643 -0.6990330 -0.5806547
vn -0.5075984 -0.5249638 -0.6831961
vn -0.5080366 -0.2365686 -0.8282114
vn -0.5408196 -0.1728069 -0.8231962
vn -0.9506559 0.0717114 -0.3018457
vn -0.9412665 0.0676322 -0.3308222
vn -0.9206603 0.0414233 -0.3881608
vn -0.8684643 0.0668097 -0.4912292
vn -0.7656583 0.0738757 -0.6389912
vn -0.6378423 0.0794817 -0.7660548
vn -0.5241977 0.1025958 -0.8453939
vn -0.4320993 0.0735742 -0.8988198
vn -0.2927279 0.0840472 -0.9524948
vn -0.1454277 0.1336629 -0.9802984
vn -0.0000000 0.1636838 -0.9865129
vn -0.0095798 -0.0985512 -0.9950859
vn -0.1822191 0.1347685 -0.9739783
vn -0.3163302 0.1561984 -0.9357015
vn -0.4686476 0.1053345 -0.8770827
vn -0.5793288 0.0050935 -0.8150780
vn -0.6609019 -0.1693280 -0.7311201
vn -0.6612887 -0.3782840 -0.6477642
vn -0.6652185 -0.3351541 -0.6672002
vn -0.5479791 -0.2818711 -0.7875707
vn -0.5753373 -0.1406062 -0.8057400
vn -0.6430811 -0.1470675 -0.7515436
vn -0.5933084 -0.1748995 -0.7857451
vn -0.4366893 -0.1506263 -0.8869127
vn -0.2434551 -0.2578162 -0.9350189
vn 0.0106969 -0.2663320 -0.9638220
vn 0.1402160 0.0071345 -0.9900952
vn 0.1780667 0.1780315 -0.9677794
vn -0.0098881 0.5207726 -0.8536382
vn 0.1249824 -0.1907740 -0.9736450
vn -0.0286210 -0.3819107 -0.9237559
vn -0.2314394 -0.4614167 -0.8564639
vn -0.4271637 -0.7240346 -0.5415764
vn -0.4847523 -0.6862412 -0.5422991
vn -0.7536416 -0.0309878 -0.6565547
vn -0.4259828 0.4654666 -0.7758089
vn -0.3155454 -0.6039485 -0.7318998
vn -0.4214882 -0.1366669 -0.8964763
vn -0.1394307 -0.3352330 -0.9317607
vn -0.1976107 -0.3775539 -0.9046563
vn -0.4276320 0.3652661 -0.8268685
vn -0.7118067 0.2973534 -0.6363271
vn -0.7741163 0.0389459 -0.6318443
vn -0.7380975 -0.1776848 -0.6508765
vn -0.6817150 -0.1406638 -0.7179682
vn -0.6475809 -0.2201528 -0.7295010
vn -0.6932273 -0.1015610 -0.7135273
vn -0.6306487 -0.2195424 -0.7443677
vn -0.3713133 -0.2262040 -0.9005322
vn -0.4984672 -0.3103491 -0.8094528
vn -0.1531460 -0.1849255 -0.9707466
vn 0.0533589 -0.0458614 -0.9975217
vn -0.1662455 0.0129343 -0.9859996
vn 0.1258218 0.0647923 -0.9899348
vn -0.6246771 -0.2522292 -0.7390257
vn -0.3017663 -0.3474880 -0.8878002
vn -0.5363175 -0.2680527 -0.8003195
vn -0.4229325 -0.2351154 -0.8751279
vn -0.4765865 -0.2196983 -0.8512332
vn -0.0424510 -0.1491681 -0.9879002
vn -0.2586335 0.2704044 -0.9273566
vn -0.0760720 0.0979658 -0.9922781
vn -0.5747566 0.3105109 -0.7571247
vn -0.4498803 0.0017593 -0.8930871
vn -0.6757574 0.1695890 -0.7173504
vn -0.9853301 -0.1275249 -0.1134107
vn -0.2989144 0.2226668 -0.9279384
vn -0.5054223 0.1573544 -0.8484032
vn 0.0000000 0.2599333 -0.9656266
vn -0.9124852 0.0312739 -0.4079127
vn -0.9666124 -0.0435185 -0.2525207
vn -0.7827072 0.0778373 -0.6175037
vn -0.1885543 0.2115616 -0.9590042
vn -0.2711438 0.0785856 -0.9593255
vn -0.4046693 0.0838866 -0.9106074
vn -0.1414508 0.2259661 -0.9638107
vn -0.5259801 0.3877365 -0.7569712
vn -0.0000000 0.4457491 -0.8951579
vn -0.6487062 0.3882702 -0.6545430
vn -0.6944389 -0.1077165 -0.7114435
vn -0.7779337 -0.1290423 -0.6149531
vn -0.2256897 -0.0174069 -0.9740437
vn -0.3485920 -0.0734095 -0.9343953
vn -0.8029401 -0.0323178 -0.5951830
vn -0.5479571 0.4790405 -0.6857574
vn 0.0674274 -0.0098823 -0.9976752
vn -0.0000000 0.0773255 -0.9970059
vn -0.4124501 0.2659202 -0.8713044
vn -0.3175599 0.1182909 -0.9408310
vn -0.3121728 0.0335969 -0.9494311
vn -0.6898231 -0.1178297 -0.7143250
vn -0.6862815 -0.1125850 -0.7185696
vn -0.2588547 0.5608518 -0.7864092
vn 0.1588439 0.2195715 -0.9625783
vn 0.0173578 0.8091058 -0.5874067
vn 0.1694931 0.0849328 -0.9818648
vn -0.1963127 0.4431341 -0.8746962
vn -0.5755878 -0.0616918 -0.8154096
vn -0.3287852 0.5022342 -0.7997882
vn -0.6177737 -0.0179221 -0.7861517
vn -0.2181862 0.3020699 -0.9279809
vn -0.7076564 0.0332278 -0.7057750
vn -0.8313568 0.4032888 -0.3823664
vn -0.7747344 0.0410155 -0.6309551
vn -0.6941164 0.3080500 -0.6506209
vn -0.8482016 0.0241004 -0.5291250
vn -0.9820930 -0.1202434 -0.1450340
vn -0.8001759 0.5284281 -0.2836941
vn -0.8545193 0.3638955 -0.3706438
vn -0.8317880 -0.0545445 -0.5524072
vn -0.8638256 0.2544252 -0.4348255
vn -0.9830568 -0.1602278 -0.0890303
vn -0.9847887 -0.1393195 -0.1038325
vn -0.6948776 0.0177491 -0.7189089
vn -0.5314580 0.3622228 -0.7657330
vn 0.6255460 0.7797419 0.0263585
vn -0.2131603 0.9704000 -0.1135192
vn 0.7142855 0.0751571 0.6958072
vn -0.3608822 0.4461117 0.8189923
vn 0.7921711 0.0665966 0.6066547
vn -0.5402502 0.1907256 0.8196057
vn 0.9330606 0.2612346 0.2472943
vn -0.6651530 0.5823459 0.4673807
vn 0.9554547 0.2891799 0.0590024
vn -0.6923135 0.6732712 0.2596304
vn 0.9540904 0.2813947 -0.1026087
vn -0.6991747 0.7112375 0.0727728
vn 0.9172485 0.3217275 -0.2348332
vn -0.6983207 0.7112734 -0.0802394
vn 0.8877737 0.2850304 -0.3614077
vn -0.6918411 0.6883946 -0.2178733
vn 0.8302353 0.2545099 -0.4959173
vn -0.6692269 0.6416760 -0.3746829
vn 0.7252423 0.2084070 -0.6561937
vn -0.6024650 0.5582234 -0.5704583
vn 0.4910510 -0.3685674 -0.7893206
vn 0.4267855 -0.4748389 -0.7696636
vn -0.5152927 -0.4292832 -0.7417475
vn 0.2199191 -0.6551124 -0.7228162
vn -0.6386843 -0.0484946 -0.7679393
vn 0.0679423 -0.7103113 -0.7006009
vn -0.6661449 -0.0963568 -0.7395717
vn 0.1734881 0.3292755 -0.9281592
vn -0.6678464 -0.0784538 -0.7401528
vn 0.1054605 0.1137899 -0.9878917
vn -0.8590629 0.0236276 -0.5113245
vn -0.3666081 0.4133205 -0.8335254
vn -0.6025120 -0.0797928 -0.7941110
vn 0.0000000 0.4882384 -0.8727103
vn -0.4500774 0.2508337 -0.8570372
vn -0.3997627 0.1306966 -0.9072531
vn -0.4695682 0.2068259 -0.8583291
vn -0.4225269 0.1749625 -0.8893026
vn -0.6813198 -0.0543842 -0.7299628
vn -0.5782804 -0.1839900 -0.7948204
vn -0.4951758 -0.1359225 -0.8580944
vn -0.6280546 -0.2077658 -0.7499205
vn -0.6073322 -0.1769698 -0.7744864
vn -0.5881448 -0.1410877 -0.7963541
vn -0.5926188 -0.1084022 -0.7981553
vn -0.3045442 -0.0175704 -0.9523361
vn -0.3033867 -0.0817853 -0.9493512
vn -0.4072647 -0.1045554 -0.9073057
vn -0.5512349 -0.1465084 -0.8213862
vn -0.4865298 -0.0996060 -0.8679674
vn -0.8400554 -0.1856275 -0.5097542
vn -0.8668860 -0.2176504 -0.4484829
vn -0.8733116 -0.2692182 -0.4060154
vn -0.9074959 -0.2548606 -0.3339120
vn -0.5877544 -0.1812097 -0.7884845
vn -0.6741359 -0.2127009 -0.7073183
vn -0.2746978 -0.1274735 -0.9530434
vn -0.5086086 -0.0689770 -0.8582304
vn -0.5926951 -0.1453888 -0.7921961
vn -0.6332953 -0.2415828 -0.7352379
vn -0.6740647 -0.3004286 -0.6748181
vn 0.0000000 -0.0672031 -0.9977393
vn -0.7031777 -0.2918910 -0.6483369
vn -0.7102215 -0.2589881 -0.6546072
vn -0.7408291 -0.3408111 -0.5788092
vn -0.6893508 -0.3754751 -0.6195272
vn -0.4888967 -0.5036435 -0.7122662
vn -0.2689843 -0.5647787 -0.7801746
vn -0.7861818 -0.3233239 -0.5266687
vn -0.7793175 -0.3253056 -0.5355750
vn 0.0000000 -0.5398120 -0.8417856
vn -0.7704653 -0.3238529 -0.5490924
vn -0.7381725 -0.2718533 -0.6174117
vn -0.7820113 -0.2952331 -0.5489042
vn -0.8456420 -0.0541514 -0.5309964
vn -0.9328741 -0.1821353 -0.3107613
vn -0.9379819 -0.2132897 -0.2733085
vn -0.8838905 -0.0168650 -0.4673898
vn -0.9608931 -0.0864250 -0.2630878
vn -0.9610405 -0.1233333 -0.2473662
vn -0.9247118 0.0149204 -0.3803754
vn -0.9661732 -0.0346593 -0.2555544
vn -0.9726508 -0.0624994 -0.2237057
vn -0.9333152 0.0292908 -0.3578615
vn -0.9645395 -0.0141514 -0.2635589
vn -0.9749800 -0.0356716 -0.2194118
vn -0.9342442 0.0391366 -0.3544800
vn -0.9621160 0.0245487 -0.2715329
vn -0.9710800 -0.0074110 -0.2386393
vn -0.5444146 0.2313433 -0.8062835
vn -0.7912022 0.0743458 -0.6070188
vn -0.0000000 0.3012714 -0.9535384
vn -0.1154474 0.3025133 -0.9461277
vn -0.2423657 0.2980232 -0.9232773
vn -0.9765932 0.0545676 -0.2080577
vn -0.4100121 0.2724943 -0.8704234
vn -0.6577569 0.1627800 -0.7354309
vn -0.9635661 0.0517004 -0.2624259
vn -0.9435733 0.0129279 -0.3309114
vn -0.8911284 0.0071006 -0.4536957
vn -0.9785414 -0.0543033 -0.1987658
vn -0.9785278 -0.0068119 -0.2060022
vn -0.9790185 -0.0884863 -0.1835565
vn -0.9617030 -0.1902692 -0.1972939
vn -0.9407350 -0.2458135 -0.2336521
vn -0.9162387 -0.2718434 -0.2942919
vn -0.7242310 -0.2655230 -0.6363859
vn -0.8820438 -0.3016954 -0.3619098
vn -0.1917841 0.3670465 -0.9102174
vn -0.6857269 -0.2306371 -0.6903515
vn 0.0000000 -0.3816839 -0.9242929
vn -0.7556198 -0.2985443 -0.5830180
vn -0.6508670 -0.1850166 -0.7363022
vn -0.2635200 -0.4288281 -0.8640970
vn -0.5009715 -0.2761669 -0.8202191
vn -0.7445728 -0.3103341 -0.5910196
vn -0.7224285 -0.2856370 -0.6296893
vn -0.6789094 -0.2248034 -0.6989603
vn -0.3026562 0.3263708 -0.8954783
vn -0.2775679 -0.7335884 -0.6203258
vn -0.5041197 -0.6424137 -0.5772070
vn -0.6945336 -0.5258603 -0.4910132
vn -0.7556384 -0.4724444 -0.4536594
vn -0.7917481 -0.4115417 -0.4514071
vn 0.0000000 -0.6964857 -0.7175707
vn -0.8106400 -0.3593713 -0.4622932
vn -0.8276496 -0.3462107 -0.4417400
vn -0.8305254 -0.3246820 -0.4525585
vn -0.7257237 0.2281660 -0.6490496
vn -0.8683207 0.1194229 -0.4814118
vn -0.5892433 0.2916623 -0.7534755
vn -0.4558711 0.3488909 -0.8188142
vn -0.9591351 -0.0547981 -0.2775915
vn -0.9339339 0.0047591 -0.3574141
vn -0.9894003 -0.0783593 -0.1222573
vn -0.9940285 0.0081984 -0.1088124
vn -0.9873626 0.0491527 -0.1506622
vn -0.9672787 -0.2148745 -0.1349108
vn -0.9772718 0.0185201 -0.2111797
vn -0.9120566 -0.3393170 -0.2302537
vn -0.9377604 -0.3253887 -0.1213574
vn -0.9484068 -0.2839144 -0.1411279
vn -0.0000000 0.4077432 -0.9130966
vn -0.1224303 0.4130155 -0.9024572
vn -0.2626273 0.3926941 -0.8813729
vn -0.9832616 -0.1428205 -0.1131320
vn -0.5749926 0.2931574 -0.7638339
vn -0.1731736 0.4316362 -0.8852689
vn -0.3439545 0.2388897 -0.9080898
vn -0.1745356 0.0391085 -0.9838739
vn -0.2730026 0.1646557 -0.9478175
vn -0.7084041 0.2104587 -0.6736993
vn -0.5486655 0.2029509 -0.8110346
vn -0.7694550 0.3026886 -0.5624221
vn -0.6783337 0.2991943 -0.6710784
vn -0.6989676 0.3866488 -0.6016202
vn -0.7183972 0.3636281 -0.5930262
vn -0.5417781 -0.0024839 -0.8405179
vn -0.6145809 0.0633930 -0.7863025
vn -0.7328996 0.0710984 -0.6766116
vn -0.8301124 0.0191736 -0.5572663
vn -0.8939021 0.0371651 -0.4467189
vn -0.9241512 0.0758453 -0.3744224
vn -0.9357338 0.0825493 -0.3429108
vn -0.2980365 0.0269738 -0.9541733
vn 0.0000000 -0.3571150 0.9340604
vn -0.0328389 -0.3566152 0.9336740
vn -0.0879135 -0.3292028 0.9401578
vn -0.2868391 -0.2721033 0.9185223
vn -0.5743397 -0.2333369 0.7846577
vn -0.8044165 -0.2008260 0.5590913
vn -0.9153964 -0.2058290 0.3459536
vn -0.9406904 -0.2354761 0.2442389
vn -0.9511596 -0.2464841 0.1858520
vn -0.9239873 -0.2996581 0.2375975
vn -0.9172177 -0.3250803 0.2302920
vn -0.9434182 -0.2923949 0.1564205
vn -0.9344849 -0.2026238 0.2927143
vn -0.8188527 -0.2055372 0.5359428
vn -0.5935885 -0.1929036 0.7813072
vn -0.2409233 -0.2529432 0.9370036
vn -0.0549466 -0.3173586 0.9467124
vn -0.0292149 -0.3526752 0.9352896
vn -0.0000000 -0.3525134 0.9358068
vn -0.9474925 -0.2495688 0.1999336
vn -0.6036463 -0.1751127 -0.7777832
vn -0.6390397 -0.2038116 -0.7416799
vn -0.6337553 -0.2035788 -0.7462640
vn -0.7343103 -0.2505181 -0.6308955
vn -0.8014942 -0.3018539 -0.5162280
vn -0.2510059 -0.8646488 -0.4351764
vn -0.4685088 -0.7499476 -0.4669884
vn -0.6782202 -0.6018362 -0.4216758
vn -0.7543470 -0.5252495 -0.3937938
vn -0.7922011 -0.4803547 -0.3763997
vn 0.0000000 -0.8491454 -0.5281592
vn -0.8339353 -0.4056110 -0.3742080
vn -0.8437735 -0.3723978 -0.3864792
vn -0.8732510 -0.3287152 -0.3596929
vn -0.8604585 -0.3132464 -0.4018555
vn -0.8311422 -0.2861357 -0.4767903
vn -0.7803337 -0.2239183 -0.5839006
vn -0.1877755 0.3027609 -0.9343855
vn -0.6052892 -0.0583826 -0.7938617
vn -0.5323202 -0.0166486 -0.8463794
vn -0.1641623 0.3481326 -0.9229596
vn -0.3961877 0.3347906 -0.8549565
vn 0.1988633 0.1644294 -0.9661347
vn -0.1180073 0.4159123 -0.9017157
vn 0.1832590 -0.0436044 -0.9820971
vn 0.1815342 -0.1236246 -0.9755831
vn 0.1781373 -0.2826629 -0.9425332
vn 0.1689842 -0.3631081 -0.9162952
vn -0.2410730 -0.3191277 -0.9165377
vn 0.1207876 -0.5208580 -0.8450546
vn -0.2740793 -0.0586351 -0.9599180
vn 0.0360423 -0.5965245 -0.8017852
vn -0.4129230 0.0284066 -0.9103228
vn -0.1628241 0.0503221 -0.9853710
vn 0.0000000 0.0801629 -0.9967818
vn -0.4441328 -0.0114485 -0.8958878
vn -0.4123936 -0.0891164 -0.9066365
vn -0.7890841 -0.1778754 -0.5879682
vn -0.8212652 -0.1913293 -0.5375097
vn -0.8931026 -0.1295264 -0.4308023
vn -0.9438886 -0.0664948 -0.3235009
vn -0.9598565 -0.0142340 -0.2801300
vn -0.9550372 0.0064074 -0.2964167
vn -0.9478432 0.0323303 -0.3170930
vn -0.4435820 0.0890914 -0.8917947
vn -0.5838604 -0.1450585 -0.7987898
vn -0.4849173 -0.1254973 -0.8655089
vn -0.7190625 -0.1312578 -0.6824372
vn -0.4246028 0.4973546 -0.7565387
vn -0.4097359 -0.5003114 -0.7627614
vn -0.2047408 -0.8276304 -0.5225985
vn 0.0000000 -0.7826328 -0.6224836
vn -0.4199106 -0.0761073 -0.9043687
vn -0.5388346 -0.3388842 -0.7712424
vn -0.6057387 0.3465848 -0.7162120
vn -0.5032654 0.1997163 -0.8407362
vn 0.0000000 0.2173253 -0.9760992
vn 0.0652988 0.2006445 -0.9774855
vn -0.1685011 0.3384793 -0.9257641
vn -0.3618829 0.3912411 -0.8461508
vn -0.4382947 0.3486860 -0.8284418
vn 0.5500752 -0.5086412 0.6623454
vn 0.5434401 -0.2721053 0.7941231
vn 0.5100143 -0.0970396 0.8546746
vn 0.4880352 -0.2185208 0.8450268
vn -0.5678541 0.1371338 -0.8116256
vn -0.4732418 -0.2831701 -0.8341804
vn -0.4620277 -0.2728477 -0.8438510
vn -0.5863782 0.4215931 -0.6916790
vn 0.3221396 -0.8646848 -0.3854171
vn 0.3535523 -0.9353556 -0.0105255
vn 0.4164078 -0.8562868 0.3055771
vn 0.4615421 -0.7306750 0.5030834
vn 0.4069100 -0.5146325 0.7547037
vn 0.1369324 -0.9508355 0.2777794
vn -0.4603341 -0.3229546 -0.8269177
vn -0.1752862 -0.9363385 -0.3042121
vn -0.4708552 0.2587334 -0.8434171
vn -0.5351057 0.4500508 -0.7149239
vn -0.0839384 -0.2070297 -0.9747272
vn 0.2187514 -0.6941070 -0.6858304
vn -0.8827189 0.3574036 0.3050738
vn -0.0000000 0.8230654 0.5679466
vn -0.9930911 0.0052107 0.1172298
vn -0.1390988 0.8152324 0.5621811
vn -0.2904332 0.7822766 0.5510824
vn -0.9639421 -0.0905208 0.2502430
vn -0.5081170 0.1879989 0.8405198
vn -0.7490269 0.0785767 0.6578635
vn -0.9231392 -0.0631130 0.3792503
vn -0.9696897 -0.1534117 0.1901756
vn -0.8422595 0.0335269 0.5380286
vn -0.8785605 0.0212501 0.4771582
vn -0.0000000 0.3242462 0.9459727
vn -0.9532966 -0.1275536 0.2737804
vn -0.1012951 0.2826447 0.9538613
vn -0.2736266 0.2554177 0.9273027
vn -0.8898316 -0.2075837 0.4063358
vn -0.8910029 -0.1862757 0.4140232
vn -0.9456091 -0.2390247 0.2206596
vn -0.7004685 -0.1389473 0.7000268
vn -0.8000148 -0.1512958 0.5805910
vn -0.8560695 -0.1778754 0.4852889
vn -0.0000000 -0.0371165 0.9993109
vn -0.5110262 -0.1192584 0.8512518
vn -0.9423791 -0.2124112 0.2584630
vn -0.1055447 -0.0473608 0.9932861
vn -0.3032992 -0.0720987 0.9501639
vn -0.9683177 -0.0667300 -0.2406406
vn -0.9981236 0.0127994 -0.0598781
vn -0.9932729 -0.0159501 -0.1146934
vn -0.9824458 -0.0548269 -0.1783095
vn -0.9784060 -0.0418994 -0.2024010
vn -0.9949575 -0.0716909 -0.0701428
vn -0.9898428 -0.0736598 -0.1215958
vn -0.9827386 -0.0788850 -0.1673383
vn -0.9884817 -0.0126723 -0.1508089
vn -0.9970862 -0.0527386 -0.0551162
vn -0.9907142 -0.0538537 -0.1248406
vn -0.9861225 -0.0510249 -0.1579836
vn -0.6436545 -0.6421224 0.4163985
vn -0.7382292 -0.4991435 0.4537327
vn -0.8362884 -0.3604534 0.4131527
vn -0.7927844 -0.4388949 0.4229233
vn -0.7967129 -0.4156653 0.4387151
vn -0.9952970 -0.0158802 -0.0955597
vn -0.9082160 -0.0677071 -0.4129885
vn 0.1139829 0.9643336 0.2388902
vn -0.8281668 -0.0951131 -0.5523525
vn -0.1227962 0.9576950 -0.2602719
vn 0.1552117 0.8025354 0.5760610
vn 0.1755812 0.3986333 0.9001459
vn 0.4178167 -0.0424818 0.9075376
vn 0.3417139 0.1231212 0.9317042
vn -0.9410367 -0.2568483 -0.2201792
vn -0.7722419 -0.0561615 -0.6328415
vn 0.1369887 0.5741014 0.8072432
vn 0.2416041 0.2728299 0.9312311
vn -0.9686430 -0.0431083 -0.2446882
vn -0.4534282 0.4786661 -0.7518522
vn -0.6858499 0.2531855 -0.6822807
vn -0.8666792 0.1045717 -0.4877827
vn -0.8497317 -0.4875473 0.2006330
vn -0.2213180 -0.5709873 0.7905643
vn 0.4503133 -0.1724712 0.8760546
vn 0.3724834 -0.4181669 0.8284881
vn 0.3649295 -0.5367850 0.7607156
vn -0.9738245 -0.0627822 -0.2184586
vn -0.7385575 0.0150670 -0.6740221
vn -0.8084783 0.4149587 -0.4173394
vn -0.9664378 -0.0236345 -0.2558113
vn -0.6850557 0.4013922 -0.6079334
vn -0.7967166 0.6031988 0.0373337
vn -0.9089719 0.1330923 0.3950399
vn -0.5208488 -0.3808668 0.7639745
vn -0.7172510 -0.2084121 0.6649176
vn -0.9678411 0.0683328 -0.2421036
vn -0.7983257 -0.1022799 -0.5934770
vn -0.8672058 0.3349870 0.3684262
vn -0.8326526 -0.0584059 0.5507072
vn -0.9249987 -0.0811571 -0.3712020
vn -0.4919958 0.3117451 -0.8128685
vn -0.6157212 0.1474448 -0.7740462
vn -0.7715428 -0.0206614 -0.6358418
vn -0.9889833 -0.0568236 -0.1366860
vn -0.9475094 -0.3195302 0.0112435
vn -0.5748335 -0.4739032 0.6670698
vn -0.7682301 -0.5255965 0.3654735
vn -0.8440011 -0.4922921 0.2128628
vn -0.9066720 -0.0209062 -0.4213179
vn -0.9917124 -0.0048605 -0.1283857
vn -0.7368384 -0.5398291 -0.4070058
vn -0.9931845 0.1101109 0.0382118
vn -0.6730932 -0.7207578 -0.1656918
vn -0.7492831 -0.3301786 -0.5740705
vn -0.8627600 -0.2755789 -0.4239121
vn -0.9182232 -0.3406210 -0.2020977
vn -0.9157870 -0.2730093 -0.2946186
vn -0.9557214 0.0658803 -0.2868038
vn -0.8944209 -0.0499045 0.4444331
vn -0.8812028 -0.2059590 -0.4255145
vn -0.7624703 -0.2254184 -0.6064863
vn -0.8975986 -0.1002066 -0.4292731
vn -0.8636634 -0.4786641 -0.1580073
vn -0.8868751 -0.2447031 -0.3918839
vn -0.8344296 -0.1187036 -0.5381790
vn -0.9591215 0.0361603 -0.2806749
vn -0.9489677 -0.1287529 -0.2878939
vn -0.9169940 -0.3728458 -0.1418026
vn -0.9409965 -0.2169572 -0.2597215
vn -0.9459484 -0.1938958 -0.2599731
vn -0.9223957 0.1446810 -0.3581250
vn -0.2382951 -0.0093643 0.9711476
vn -0.8940145 0.0397445 -0.4462717
vn -0.8211451 0.5438538 0.1730427
vn -0.7800475 -0.3376080 -0.5268270
vn -0.4940349 -0.4530787 -0.7420574
vn -0.7136071 -0.3295577 -0.6181881
vn -0.8486241 -0.2320847 -0.4753670
vn -0.9465983 -0.2288237 -0.2271372
vn -0.6615814 0.2866844 -0.6929084
vn -0.3618025 0.0494871 0.9309404
vn -0.5070932 -0.4163624 -0.7546514
vn -0.9350608 -0.2515608 -0.2497569
vn -0.9813571 -0.1921437 0.0043557
vn -0.9463853 -0.3202562 -0.0423192
vn -0.9616016 -0.2440408 0.1255646
vn -0.9637664 -0.1680406 0.2071636
vn -0.9266106 0.0116533 -0.3758418
vn -0.9183378 -0.1130208 -0.3793179
vn -0.9013447 -0.3696054 -0.2257645
vn -0.9165805 -0.0749567 -0.3927617
vn -0.9123841 -0.0475205 -0.4065674
vn -0.5817666 0.0620293 0.8109871
vn -0.7307317 -0.6675213 0.1429912
vn -0.6464257 0.0426316 -0.7617850
vn -0.8704899 -0.0019039 -0.4921827
vn -0.6697293 0.0341690 -0.7418188
vn -0.7584278 0.0598905 -0.6489996
vn -0.9084262 -0.0980318 -0.4063885
vn -0.8786608 -0.2826470 -0.3847932
vn -0.9018802 -0.3650341 -0.2310027
vn -0.6678422 0.4293260 -0.6080017
vn -0.9234141 -0.2963091 -0.2439413
vn -0.8916894 0.0108735 -0.4525171
vn -0.8618685 -0.2741708 -0.4266299
vn -0.8603306 -0.4757057 -0.1831265
vn -0.7933844 0.0078049 -0.6086709
vn -0.9548345 -0.2246960 -0.1944295
vn -0.9918352 -0.0776355 0.1011717
vn -0.4178600 0.6171524 -0.6667202
vn -0.4086209 0.5305748 -0.7426435
vn -0.8616998 -0.1239315 -0.4920512
vn -0.7284886 0.1553714 -0.6672062
vn -0.6667153 0.2432974 -0.7044836
vn -0.6441372 -0.7555885 0.1190518
vn -0.9081423 -0.1071986 -0.4047049
vn -0.4470208 0.1978509 -0.8723688
vn -0.5375417 0.0167334 -0.8430711
vn -0.9992950 0.0362553 -0.0097487
vn -0.5255886 -0.8507388 0.0002611
vn -0.3375087 0.3643047 -0.8679689
vn -0.4646990 0.2312497 -0.8547388
vn -0.5555802 -0.0125893 -0.8313677
vn -0.3040853 0.3895365 -0.8693638
vn -0.4852243 0.3251690 -0.8116788
vn -0.9653960 0.0629758 0.2530705
vn -0.9046139 -0.3903201 -0.1712423
vn -0.6520854 -0.3408804 -0.6771892
vn -0.6846067 -0.6692977 -0.2887115
vn -0.6490825 -0.3369241 -0.6820367
vn -0.6729946 -0.3191716 -0.6672389
vn -0.8354542 -0.2625397 -0.4827931
vn -0.7573674 0.0117353 -0.6528835
vn -0.5980739 -0.3358653 -0.7276689
vn -0.5350905 -0.2448901 -0.8085215
vn -0.6924130 -0.3080562 -0.6524306
vn -0.6566515 -0.2404243 -0.7148461
vn 0.0000000 -0.4320723 0.9018390
vn -0.0513947 -0.4593469 0.8867689
vn -0.1339506 -0.4054265 0.9042602
vn -0.3128738 -0.3177991 0.8950496
vn -0.8039878 0.3504289 -0.4804199
vn -0.6494281 0.4564460 -0.6081942
vn -0.5820644 -0.2752862 0.7651265
vn -0.9132641 0.2195283 -0.3431560
vn -0.9628204 0.0369557 -0.2676027
vn -0.8008491 -0.2077093 0.5616917
vn 0.0000000 0.6659464 -0.7459996
vn -0.4553782 0.5921927 -0.6647845
vn -0.1652519 0.6870909 -0.7075294
vn -0.9005574 -0.2054814 0.3831107
vn -0.9346408 -0.2806528 0.2183587
vn -0.9047888 -0.3461013 0.2481354
vn -0.2814877 0.6613339 -0.6952713
vn -0.9279644 -0.2344670 0.2896676
vn -0.9725770 -0.0725184 -0.2209864
vn -0.9795798 -0.0660432 -0.1898992
vn -0.9879267 -0.0308938 -0.1518107
vn -0.8105590 -0.3994144 0.4283249
vn -0.9373197 -0.0112685 -0.3482884
vn 0.4256331 -0.3122359 0.8493204
vn -0.8629331 -0.0740471 -0.4998635
vn -0.6381647 -0.5371936 0.5515151
vn -0.8285558 -0.1430234 -0.5413313
vn -0.9434390 -0.2621309 -0.2030031
vn -0.9955109 -0.0940829 -0.0103179
vn -0.8683063 -0.0890872 -0.4879627
vn -0.9935643 0.0275069 0.1098785
vn -0.7396202 0.0084610 -0.6729713
vn -0.6618206 -0.1484456 -0.7348179
vn -0.7558410 -0.1605034 -0.6347779
vn -0.6998676 -0.0700949 -0.7108250
vn -0.7768667 -0.6059347 -0.1712347
vn -0.7149249 -0.2255057 -0.6618380
vn -0.5737068 -0.4941643 0.6531939
vn -0.7042559 -0.2732540 0.6552525
vn -0.9321080 -0.2965602 -0.2079102
vn -0.9374773 -0.2732749 -0.2155390
vn -0.9736805 -0.2147842 -0.0762494
vn -0.9412843 -0.3300583 -0.0710312
vn -0.9996440 -0.0155627 -0.0216724
vn -0.9799650 0.0919414 -0.1766788
vn -0.9852363 -0.1630145 -0.0523043
vn -0.5654894 0.3625358 -0.7408033
vn -0.5748072 0.6223491 -0.5312987
vn -0.8476266 -0.4835026 0.2185278
vn -0.9866198 -0.0236190 0.1613179
vn -0.9326708 0.1772682 -0.3141674
vn -0.8924271 0.0881542 -0.4424960
vn -0.9295216 -0.2640116 -0.2574635
vn -0.9405171 -0.3283045 -0.0874288
vn -0.9506852 -0.2320103 -0.2058372
vn -0.8778281 -0.1411280 -0.4577124
vn -0.7266108 0.4719763 -0.4992746
vn -0.6611705 -0.2312777 -0.7136976
vn -0.9923235 -0.1084701 0.0593989
vn -0.9399209 -0.2731461 -0.2047925
vn -0.8412037 -0.3588010 -0.4045222
vn -0.1525279 -0.8663417 -0.4755916
vn -0.7621802 0.6451802 0.0531410
vn -0.9262304 0.3422392 0.1580177
vn -0.4506056 -0.5884547 -0.6713238
vn -0.9204558 -0.0602348 -0.3861772
vn -0.9969803 0.0360172 -0.0687968
vn -0.5282338 -0.7591113 -0.3804196
vn -0.7303918 -0.5272360 -0.4342235
vn -0.4038807 -0.8409594 -0.3600939
vn -0.7455530 -0.3579588 -0.5621532
vn -0.9579281 -0.2456801 0.1483748
vn -0.7075336 0.0478595 0.7050572
vn -0.8853704 0.3795686 -0.2684156
vn -0.4817980 -0.1140967 -0.8688225
vn -0.4008987 -0.4335391 -0.8070465
vn -0.3485388 -0.4710811 -0.8103106
vn -0.4330579 -0.5262542 -0.7317905
vn -0.1406596 -0.3866087 -0.9114541
vn -0.5207622 -0.6850746 -0.5093913
vn -0.4570789 -0.6881502 -0.5634963
vn -0.2576230 -0.2806681 -0.9245841
vn -0.3854348 -0.6615562 -0.6432600
vn -0.3037530 -0.9069086 -0.2919776
vn -0.5601291 0.0605646 -0.8261884
vn -0.5454016 0.0300975 -0.8376343
vn -0.3035549 0.0212256 -0.9525775
vn -0.8420832 0.5386770 -0.0268894
vn -0.9970307 0.0740251 0.0212163
vn -0.3059713 -0.5475035 -0.7788591
vn -0.4627840 -0.6506232 -0.6020967
vn -0.6292447 -0.6236469 -0.4638057
vn -0.5208087 -0.5645067 -0.6403830
vn -0.8304843 -0.0357384 -0.5558945
vn -0.9588292 -0.1590447 -0.2352685
vn -0.4810482 -0.4640815 -0.7437883
vn -0.4555662 -0.5453721 -0.7035828
vn -0.3457837 -0.4049923 -0.8464129
vn -0.1778388 -0.7611924 -0.6236662
vn -0.4271152 -0.6450011 -0.6336767
vn -0.2443296 -0.2555997 -0.9353993
vn -0.4177494 -0.5101939 -0.7517896
vn -0.5317609 -0.5923293 -0.6052903
vn -0.8594139 -0.0523383 -0.5085946
vn -0.5098071 0.2699439 -0.8168397
vn -0.5863452 -0.6561721 -0.4750131
vn -0.4633448 -0.4778482 -0.7463060
vn -0.5729071 -0.5969925 -0.5615848
vn -0.0935958 -0.8002384 -0.5923330
vn -0.7148913 -0.2539339 -0.6514967
vn -0.6152488 -0.6710736 0.4136775
vn -0.6221304 0.3338012 0.7081882
vn -0.4411751 0.0926043 -0.8926304
vn -0.8653417 0.1114692 -0.4886290
vn -0.9257486 -0.0108361 -0.3779842
vn -0.7120070 -0.1514451 -0.6856460
vn -0.5323585 -0.4587742 -0.7114216
vn -0.8894442 -0.1615034 -0.4275578
vn -0.8530580 -0.4316302 -0.2932360
vn -0.4336913 -0.7018390 -0.5650964
vn -0.6873241 -0.6111494 -0.3925327
vn -0.3098378 -0.7201382 -0.6208071
vn -0.6436953 -0.3596172 -0.6755234
vn -0.9499750 0.0411409 -0.3096044
vn -0.8199965 -0.0696378 -0.5681165
vn -0.8069790 -0.2154911 -0.5498622
vn -0.8221788 -0.4278961 0.3754024
vn -0.8857451 -0.0351092 -0.4628423
vn -0.5533177 -0.8253791 -0.1121999
vn -0.4575969 -0.0410623 0.8882111
vn -0.7210301 -0.4991236 -0.4806154
vn -0.6410278 0.7277610 0.2438181
vn -0.8560300 0.5168316 -0.0098905
vn -0.9763509 0.0060261 -0.2161076
vn -0.6376668 -0.6081027 -0.4728553
vn -0.9417339 -0.1497778 -0.3011709
vn -0.7948911 0.0938411 -0.5994515
vn -0.6600540 0.7504667 -0.0335914
vn -0.5722618 -0.4913594 -0.6565687
vn -0.9407240 0.3262645 -0.0926812
vn -0.8660018 -0.2992681 -0.4005990
vn -0.9696005 0.1844417 -0.1607987
vn -0.7493964 -0.5149682 -0.4161884
vn -0.8221450 0.5498847 0.1473241
vn -0.7127597 0.6708649 0.2047287
vn -0.7883733 -0.4419589 -0.4279484
vn -0.4525402 -0.6768208 -0.5806212
vn -0.6674993 -0.5035483 -0.5485287
vn -0.6166645 0.7738527 0.1444885
vn -0.8796425 0.3541704 -0.3174780
vn -0.4485015 -0.3699190 -0.8136377
vn -0.7103176 0.5468494 -0.4431756
vn -0.5643845 0.0241785 -0.8251579
vn -0.9149218 0.3842584 -0.1235456
vn -0.8194577 -0.3803587 -0.4287381
vn -0.5425623 -0.1591657 0.8247984
vn -0.9449893 -0.2910944 -0.1491956
vn -0.9480465 -0.1600141 -0.2749607
vn -0.9883487 -0.1359167 -0.0685087
vn -0.6622960 0.4866502 -0.5696803
vn -0.9681398 -0.1268719 0.2158910
vn -0.7823481 -0.0451783 -0.6212007
vn -0.9517732 -0.2800145 -0.1253784
vn -0.9087151 -0.4143934 0.0501488
vn -0.7393369 -0.2391153 -0.6294481
vn -0.2936593 -0.0228812 0.9556363
vn -0.9056156 -0.4236791 0.0188790
vn -0.9698867 -0.2419863 0.0276133
vn -0.6127955 0.0594087 0.7880052
vn -0.9594784 -0.1420098 -0.2433812
vn -0.8340311 0.1471770 -0.5317247
vn -0.9376656 -0.2829026 0.2018646
vn -0.9469720 0.2315795 -0.2227441
vn -0.9533048 -0.2617936 -0.1505791
vn -0.8955125 -0.2038662 -0.3955956
vn -0.7060751 0.4118681 -0.5760405
vn -0.8299479 0.0697847 -0.5534587
vn -0.9889177 -0.0619393 0.1349274
vn -0.8852054 -0.4563494 0.0903142
vn 0.3241209 0.0457615 0.9449082
vn 0.0880201 0.7826155 0.6162512
vn -0.1175243 0.9650705 0.2341514
vn 0.3100882 -0.1182738 0.9433221
vn -0.9882956 -0.0823732 -0.1283994
vn -0.9283669 -0.0971829 -0.3587344
vn 0.2253120 0.5765231 0.7854016
vn 0.2894985 0.3500643 0.8908679
vn -0.6826303 -0.2834189 -0.6735648
vn -0.3729962 -0.8869139 -0.2725023
vn 0.0491435 -0.4567438 0.8882398
vn 0.1722941 -0.3731733 0.9116230
vn -0.9917257 -0.0507816 -0.1179044
vn -0.9908662 -0.0244419 -0.1326151
vn 0.3200654 -0.4074019 0.8553256
vn -0.9615852 0.0369261 -0.2720119
vn -0.9813829 -0.0206167 -0.1909516
vn 0.3096057 0.2498458 0.9174538
vn -0.8132578 0.5327245 -0.2341291
vn -0.3008149 0.9536799 -0.0022529
vn 0.0971010 -0.9036308 0.4171603
vn 0.3181838 -0.2899399 0.9026040
vn -0.9847221 -0.0290860 -0.1716867
vn 0.3083569 -0.3471530 0.8856641
vn -0.5605540 -0.2069548 0.8018410
vn -0.7605923 0.4381536 0.4790832
vn -0.5483821 -0.3258723 0.7701197
vn -0.9926804 -0.0810318 -0.0895519
vn -0.5896360 0.1558658 0.7924867
vn -0.8259320 -0.4269505 -0.3681707
vn -0.1413027 -0.7064041 0.6935609
vn -0.9927096 -0.0200512 -0.1188510
vn -0.9876787 -0.0193157 -0.1552989
vn -0.9809734 0.1867029 -0.0532283
vn -0.6125083 -0.3835494 0.6911754
vn -0.9107912 0.3841655 0.1512488
vn -0.9779758 -0.1467236 -0.1484434
vn -0.6670042 0.3358056 0.6650865
vn -0.3137269 -0.9353042 -0.1636506
vn -0.4590155 -0.4525212 0.7645451
vn -0.9940728 -0.0330171 -0.1035816
vn -0.5776338 -0.4985855 0.6463371
vn -0.9854727 -0.0304723 -0.1670776
vn -0.5578378 -0.0372607 0.8291132
vn -0.9970708 0.0305602 -0.0701129
vn -0.1121395 -0.8072266 0.5794911
vn -0.9899757 -0.0269738 -0.1386384
vn -0.5959745 -0.4316207 0.6771395
vn -0.0891117 -0.9949945 0.0452224
vn 0.1205841 -0.9913549 0.0517196
vn 0.8802425 -0.4493659 -0.1524579
vn 0.7856630 -0.6094310 -0.1064307
vn 0.5903864 -0.8067661 -0.0239227
vn 0.3300683 -0.9429875 -0.0427724
vn 0.2097876 -0.9775153 -0.0212829
vn -0.2816975 -0.9531734 0.1100315
vn -0.4109947 -0.1450072 -0.9000312
vn -0.2602328 0.6060593 -0.7516455
vn -0.1259932 0.9111429 -0.3923575
vn -0.3834490 -0.6156755 -0.6884116
vn -0.4348744 -0.8088285 -0.3958292
vn -0.3664413 -0.2834100 -0.8862277
vn 0.3937784 0.9007064 -0.1834846
vn -0.1289674 0.9799664 -0.1517674
vn -0.1118246 0.9893277 -0.0934128
vn -0.5095033 -0.8336326 -0.2132209
vn -0.0237975 0.9893615 -0.1435183
vn -0.4408090 -0.8974780 0.0148540
vn 0.0716184 0.9838931 -0.1637841
vn 0.1847347 0.9621513 -0.2003448
vn 0.3167713 0.9166653 -0.2436815
vn 0.7574278 0.6489403 -0.0719688
vn 0.9077653 0.3880995 -0.1591882
vn 0.9782179 -0.0451858 -0.2026031
vn -0.1409104 0.9643326 -0.2240688
vn 0.5259343 0.8447922 -0.0985863
vn 0.0207416 -0.7250631 -0.6883700
vn 0.0351307 -0.9225127 -0.3843645
vn 0.2061470 0.1920418 -0.9594912
vn 0.0096930 0.0978991 -0.9951491
vn 0.2050392 0.2036703 -0.9573282
vn 0.0196380 0.1329854 -0.9909234
vn 0.0059359 -0.8113902 -0.5844747
vn 0.3547256 0.2575031 -0.8988114
vn 0.3694684 0.3316537 -0.8680432
vn -0.1265192 -0.8561258 -0.5010404
vn 0.4955433 0.2043337 -0.8442065
vn 0.5260501 0.3441954 -0.7776894
vn -0.1719800 -0.7996572 -0.5753010
vn 0.6120499 0.0326958 -0.7901430
vn 0.6460734 0.1595016 -0.7464238
vn -0.2138969 -0.7688934 -0.6025373
vn 0.6962059 -0.1082214 -0.7096375
vn 0.7234832 -0.0608322 -0.6876565
vn -0.0069280 -0.7236341 -0.6901490
vn 0.6618885 -0.3522484 -0.6616832
vn 0.7270230 -0.2279574 -0.6476674
vn -0.3774781 -0.3964346 -0.8368691
vn 0.6516031 -0.3062625 -0.6939861
vn 0.6758242 -0.2722527 -0.6849380
vn -0.6546924 0.2664392 -0.7073811
vn 0.6321479 -0.2606434 -0.7296945
vn 0.6471145 -0.1952360 -0.7369706
vn -0.3053164 0.6312305 -0.7129726
vn 0.6529461 -0.2273642 -0.7224727
vn 0.6341088 -0.2642139 -0.7267029
vn 0.0466072 0.7212878 -0.6910656
vn 0.6535769 -0.1205173 -0.7472033
vn 0.6832154 -0.0535800 -0.7282485
vn 0.3749417 0.3070772 -0.8747127
vn 0.5816267 -0.0781778 -0.8096904
vn 0.6229690 -0.1065753 -0.7749525
vn 0.1180487 0.7100959 -0.6941385
vn 0.4468851 -0.1944459 -0.8732036
vn 0.4668117 -0.2552976 -0.8467054
vn 0.3054068 -0.2392058 -0.9216872
vn 0.2242286 -0.2729450 -0.9355333
vn 0.1910219 0.5256048 -0.8290056
vn 0.1107046 -0.0974063 -0.9890685
vn 0.0466981 -0.0829677 -0.9954575
vn -0.0059708 0.3357238 -0.9419416
vn -0.0713170 0.0518403 -0.9961057
vn -0.0865086 -0.0178144 -0.9960918
vn -0.0605632 0.6278132 -0.7760043
vn -0.1426444 0.0419758 -0.9888835
vn -0.1561667 0.0925186 -0.9833882
vn -0.0535660 0.7357877 -0.6750905
vn 0.0754643 0.0538830 -0.9956916
vn 0.0873562 0.2902758 -0.9529475
vn 0.0710376 0.8869284 -0.4564117
vn 0.0806208 -0.7681778 -0.6351403
vn -0.1033900 -0.0781433 -0.9915665
vn -0.0393685 -0.1066804 -0.9935137
vn 0.1513927 -0.7318499 -0.6644366
vn 0.0308628 -0.2882085 -0.9570702
vn 0.0838478 -0.3080668 -0.9476626
vn 0.4037056 -0.7560393 -0.5151955
vn 0.1232360 -0.2876402 -0.9497768
vn 0.1244396 -0.2807167 -0.9516895
vn 0.4213525 -0.8292840 -0.3670831
vn 0.2242226 -0.4267999 -0.8761085
vn 0.3279296 -0.2822757 -0.9015446
vn 0.5234988 -0.6339207 -0.5692922
vn 0.5995144 -0.5022140 -0.6231883
vn 0.5738384 -0.3331641 -0.7481384
vn 0.5135247 -0.1302651 -0.8481294
vn 0.7511079 -0.1111299 -0.6507589
vn 0.6006845 -0.2318526 -0.7651291
vn 0.2986402 0.6929063 -0.6562735
vn 0.4778849 0.1644161 -0.8628982
vn 0.3674321 -0.0773296 -0.9268300
vn 0.5813349 -0.0928848 -0.8083453
vn 0.5108422 0.0067681 -0.8596478
vn 0.3705360 0.0211581 -0.9285771
vn 0.2281684 0.1124851 -0.9671020
vn 0.0727994 0.1982234 -0.9774496
vn 0.0363461 0.3813342 -0.9237225
vn 0.4644969 0.2906103 -0.8365335
vn 0.7110371 0.1716009 -0.6818939
vn 0.7282075 0.0056237 -0.6853337
vn 0.6839287 -0.0982201 -0.7229069
vn 0.6487580 -0.1120633 -0.7526984
vn 0.6322218 -0.1900177 -0.7511251
vn 0.5901265 -0.1030068 -0.8007124
vn 0.6313489 -0.1005144 -0.7689573
vn 0.2678129 -0.0756953 -0.9604928
vn 0.1575585 -0.2128817 -0.9642908
vn 0.3889703 0.0014189 -0.9212492
vn 0.5845521 0.1038302 -0.8046851
vn 0.1784575 -0.4076345 -0.8955373
vn 0.2534088 -0.4874530 -0.8355678
vn 0.3002118 -0.4795784 -0.8245468
vn 0.4909050 -0.2629939 -0.8305700
vn 0.4978174 -0.1813646 -0.8481065
vn 0.5831760 -0.1411904 -0.7999819
vn 0.6541391 0.0346277 -0.7555812
vn 0.1682452 -0.2360243 -0.9570716
vn 0.1791971 -0.2372413 -0.9547801
vn 0.3848495 -0.8228450 -0.4181112
vn 0.4282164 -0.4114758 -0.8045610
vn 0.5444593 -0.3405583 -0.7665404
vn 0.5795622 -0.2172351 -0.7854403
vn 0.6155515 -0.0429566 -0.7869251
vn 0.6660573 0.1407793 -0.7324949
vn 0.4835680 -0.4385099 -0.7575428
vn 0.6367268 -0.2883351 -0.7151517
vn 0.7050924 -0.1011431 -0.7018652
vn 0.7231270 0.0683198 -0.6873280
vn 0.6701752 0.1843682 -0.7189392
vn 0.5577339 -0.3828667 -0.7364414
vn 0.6234775 -0.2251992 -0.7487063
vn 0.6968115 -0.0716989 -0.7136617
vn 0.7345073 0.0846394 -0.6733017
vn 0.7328620 0.1853076 -0.6546560
vn 0.5424666 -0.3143580 -0.7790437
vn 0.6549693 0.3314135 -0.6791026
vn 0.5151181 -0.1285212 -0.8474288
vn 0.5962356 -0.0033441 -0.8028025
vn 0.6503021 0.1186621 -0.7503509
vn 0.6924656 0.2384892 -0.6808923
vn 0.4493701 -0.2195533 -0.8659462
vn 0.5084806 0.3470541 -0.7880361
vn 0.2514477 -0.0334706 -0.9672920
vn 0.3136598 0.0890281 -0.9453526
vn 0.4001051 0.1801450 -0.8985899
vn 0.4893331 0.2474807 -0.8362455
vn 0.2136862 -0.0869845 -0.9730221
vn 0.5523022 0.1530274 -0.8194784
vn 0.4747313 0.2006022 -0.8569650
vn 0.3852059 0.2247674 -0.8950397
vn 0.2744648 0.3326393 -0.9022306
vn 0.1633838 0.4293076 -0.8882571
vn 0.1794758 0.5214329 -0.8342039
vn 0.5770482 0.3549528 -0.7355433
vn 0.6523264 -0.0178922 -0.7577269
vn 0.6597684 -0.0526242 -0.7496241
vn 0.6464247 -0.0702696 -0.7597350
vn 0.6335673 -0.1319025 -0.7623610
vn 0.6300459 -0.1240562 -0.7665848
vn 0.6464164 -0.0499557 -0.7613476
vn 0.5530444 0.0190466 -0.8329340
vn 0.3091091 -0.1539392 -0.9384851
vn 0.2108542 -0.2982081 -0.9309202
vn 0.4660254 -0.0463043 -0.8835588
vn 0.6031280 0.0336110 -0.7969359
vn 0.2452133 -0.4604358 -0.8531526
vn 0.3032426 -0.5374068 -0.7869167
vn 0.3646847 -0.5262607 -0.7681502
vn 0.6761445 -0.0568757 -0.7345705
vn 0.6520971 -0.0824621 -0.7536375
vn 0.6225989 -0.0799625 -0.7784450
vn 0.4040599 0.1377020 -0.9043084
vn 0.5840545 0.4444096 -0.6792500
vn 0.4164157 0.4765238 -0.7742887
vn 0.4439377 -0.4808985 -0.7560793
vn 0.4378387 -0.4081995 -0.8010433
vn 0.3663697 -0.2582892 -0.8939015
vn 0.1923565 -0.1367144 -0.9717552
vn 0.3061083 -0.2320207 -0.9232898
vn 0.2859195 -0.3781116 -0.8805008
vn 0.4465775 -0.0963103 -0.8895464
vn 0.5650320 -0.0598603 -0.8228947
vn 0.3128126 -0.4693758 -0.8257328
vn 0.3498042 -0.5138671 -0.7833119
vn 0.3833505 -0.1467567 -0.9118689
vn 0.3298587 -0.2678028 -0.9052485
vn 0.5023750 -0.0486180 -0.8632819
vn 0.5949466 -0.0374942 -0.8028903
vn 0.3270987 -0.3428001 -0.8806216
vn 0.3556560 -0.3932728 -0.8478474
vn 0.6426337 0.3695454 -0.6711618
vn 0.5348959 0.1879642 -0.8237450
vn 0.3290840 0.0473692 -0.9431118
vn 0.6813346 -0.0832010 -0.7272281
vn 0.6606832 -0.1081764 -0.7428294
vn 0.6746246 -0.0844844 -0.7333103
vn 0.7545031 -0.0168821 -0.6560794
vn 0.7277598 -0.0412941 -0.6845878
vn 0.6536331 -0.0524272 -0.7549935
vn 0.4344220 0.2831159 -0.8550573
vn 0.5380228 0.0316261 -0.8423368
vn 0.7646408 -0.0407359 -0.6431680
vn 0.7426931 -0.0677395 -0.6661969
vn 0.7177972 -0.0684767 -0.6928767
vn 0.6960341 0.0901890 -0.7123218
vn 0.7513221 0.3222711 -0.5758962
vn 0.7124013 0.4681380 -0.5228109
vn 0.6011986 0.5053637 -0.6190054
vn 0.4441013 0.5478436 -0.7089721
vn 0.8066463 0.3818558 -0.4511184
vn 0.5695081 0.0884727 -0.8172106
vn 0.4250177 -0.0887699 -0.9008218
vn 0.3583777 -0.1821498 -0.9156347
vn 0.5241432 -0.0229443 -0.8513210
vn 0.6467415 0.0320788 -0.7620344
vn 0.3027808 -0.2050119 -0.9307491
vn 0.2937987 -0.2544813 -0.9213694
vn 0.8270228 0.0234595 -0.5616787
vn 0.8094367 0.0317062 -0.5863505
vn 0.7329758 0.0284902 -0.6796579
vn 0.6629863 0.0996407 -0.7419709
vn 0.7039815 0.3452049 -0.6206799
vn 0.8246012 0.0179027 -0.5654312
vn 0.8181460 -0.0129779 -0.5748640
vn 0.7969471 0.0040612 -0.6040355
vn 0.7586596 0.0665470 -0.6480796
vn 0.7053133 -0.0286689 -0.7083157
vn 0.1638836 -0.1765371 -0.9705549
vn 0.4572452 -0.0373593 -0.8885556
vn 0.3761742 -0.1062466 -0.9204372
vn 0.5564765 0.0109535 -0.8307911
vn 0.6656948 0.0464890 -0.7447746
vn 0.2708503 0.5613014 -0.7820363
vn 0.1973045 -0.1487921 -0.9689850
vn 0.4966953 0.0164590 -0.8677689
vn 0.4124636 -0.0256495 -0.9106129
vn 0.6118761 0.0568550 -0.7889076
vn 0.7318423 0.0693399 -0.6779372
vn 0.2778886 -0.1224444 -0.9527777
vn 0.1829254 -0.1225608 -0.9754574
vn 0.3162816 -0.0365788 -0.9479599
vn 0.1896105 -0.0417359 -0.9809720
vn 0.5760577 0.2699538 -0.7715455
vn 0.4420127 0.2796416 -0.8523059
vn 0.6942955 0.2086689 -0.6887750
vn 0.8445373 0.1120602 -0.5236404
vn 0.2784873 0.2193492 -0.9350566
vn 0.1313848 0.2504137 -0.9591825
vn 0.6197277 0.3572322 -0.6988009
vn 0.4422975 0.4316139 -0.7861821
vn 0.7781940 0.2477943 -0.5770720
vn 0.8906397 0.1201150 -0.4385583
vn 0.2760373 0.3083674 -0.9103367
vn 0.1360956 0.3273711 -0.9350434
vn 0.8797426 0.0853337 -0.4677297
vn 0.8531214 0.0995574 -0.5121252
vn 0.7788897 0.0948722 -0.6199436
vn 0.8980622 0.0576459 -0.4360749
vn 0.8905598 0.0086564 -0.4547837
vn 0.8800822 0.0372110 -0.4733611
vn 0.8210265 0.0337350 -0.5698925
vn 0.9213407 0.1172844 -0.3706422
vn 0.8910328 0.1062828 -0.4413213
vn 0.8355676 0.0796866 -0.5435779
vn 0.9353106 0.0876963 -0.3427877
vn 0.9827836 0.0719091 -0.1701925
vn 0.9660816 0.0053749 -0.2581809
vn 0.9303640 0.0224905 -0.3659468
vn 0.9882731 0.0644864 -0.1384117
vn 0.9887381 0.0044621 -0.1495898
vn 0.9851309 -0.0678910 -0.1578227
vn 0.9694695 -0.1928620 -0.1514369
vn 0.9660578 -0.0580482 -0.2517196
vn 0.9493779 -0.0168323 -0.3136849
vn 0.9493971 -0.0035710 -0.3140580
vn 0.4841820 -0.7071527 -0.5152697
vn 0.5963708 -0.4228692 -0.6822928
vn 0.6597268 -0.1478957 -0.7368089
vn 0.6559718 0.3882223 -0.6472901
vn 0.6684898 0.4738234 -0.5732476
vn 0.7265190 0.4912940 -0.4804169
vn 0.7297491 0.5203170 -0.4435499
vn 0.7530049 0.5314193 -0.3880427
vn 0.9086404 0.3028688 -0.2874771
vn 0.8951061 0.3410150 -0.2872175
vn 0.9776878 0.1566312 -0.1399758
vn 0.5428242 0.0342797 -0.8391465
vn 0.5660326 -0.6134935 -0.5506657
vn 0.7972957 -0.1684053 -0.5796198
vn 0.7565183 -0.0842671 -0.6485207
vn 0.5765847 0.5561447 -0.5985426
vn 0.3751784 0.5671636 -0.7331894
vn 0.5022293 0.3902277 -0.7716787
vn 0.2752496 0.3924827 -0.8776075
vn 0.5288942 -0.1664224 -0.8322106
vn 0.3162882 -0.1754014 -0.9323069
vn 0.4957455 -0.7715242 -0.3987314
vn 0.3955405 -0.7411075 -0.5425010
vn 0.4482169 -0.4905947 -0.7472741
vn 0.2796438 -0.5517121 -0.7857564
vn 0.7367138 -0.6130007 -0.2854521
vn 0.4216905 -0.7485053 -0.5117782
vn 0.2494618 -0.7572730 -0.6035780
vn 0.2729606 -0.7388846 -0.6160699
vn 0.7568595 -0.5221138 -0.3931424
vn 0.4824640 -0.6782538 -0.5542565
vn 0.2967245 -0.7674564 -0.5683003
vn 0.2556522 -0.7841648 -0.5654445
vn 0.7133881 -0.1947511 -0.6731637
vn 0.5323628 -0.2766091 -0.8000483
vn 0.3130494 -0.7041315 -0.6373374
vn 0.2277653 -0.6839348 -0.6930773
vn 0.8167823 -0.4847198 -0.3129111
vn 0.8731459 -0.2935722 -0.3891421
vn 0.2613344 -0.5652024 -0.7824644
vn 0.2215994 -0.8952153 -0.3866307
vn 0.6699552 -0.4158373 -0.6150117
vn 0.7766526 -0.3682687 -0.5110665
vn 0.0661501 -0.9515709 -0.3002282
vn -0.1423724 -0.9046054 -0.4017700
vn 0.6543874 -0.6570868 -0.3741846
vn 0.3715565 -0.9037705 -0.2124727
vn 0.4970365 -0.8671311 -0.0322222
vn 0.7957750 -0.6049299 0.0283198
vn 0.9623420 -0.1777866 -0.2056449
vn 0.8421673 -0.1701997 -0.5116505
vn 0.5972326 -0.1343568 -0.7907348
vn 0.5162501 -0.0500715 -0.8549729
vn 0.5013176 -0.1930792 -0.8434460
vn 0.7544274 -0.1387455 -0.6415520
vn 0.9041742 -0.0716805 -0.4211067
vn 0.9187683 -0.2891471 -0.2688100
vn 0.7440873 0.3371254 -0.5767847
vn 0.9237802 0.2024754 -0.3250135
vn 0.9577103 0.0957312 -0.2713422
vn 0.3908750 -0.2364510 -0.8895548
vn 0.1403446 -0.2367843 -0.9613722
vn 0.2599862 -0.6405137 -0.7225991
vn -0.0650297 -0.9969523 -0.0430956
vn -0.3091458 -0.9412382 -0.1360127
vn -0.1311497 -0.9249261 -0.3568073
vn 0.1853621 -0.9671865 0.1737558
vn 0.4970561 -0.8409470 0.2138769
vn 0.7900339 -0.6112841 -0.0466717
vn 0.8488375 -0.3647559 -0.3826592
vn 0.6503623 -0.2964043 -0.6994093
vn 0.5383675 -0.2834942 -0.7935940
vn 0.4585126 -0.4035161 -0.7917961
vn 0.2886252 0.6138561 -0.7347627
vn 0.0416601 0.5416516 -0.8395701
vn -0.1884273 0.4117096 -0.8916223
vn 0.5102956 0.0321632 -0.8593974
vn 0.5042233 0.1256637 -0.8543814
vn 0.4435159 0.2364996 -0.8645008
vn 0.3301657 -0.1161950 -0.9367440
vn 0.6951177 -0.0264756 -0.7184083
vn 0.6353165 -0.4970860 -0.5909979
vn 0.3999858 -0.8448406 -0.3553249
vn 0.1017583 -0.9942941 0.0320074
vn 0.7252796 -0.2177668 -0.6531058
vn 0.6803271 -0.2334910 -0.6947208
vn 0.3359274 -0.2721489 -0.9017138
vn 0.6188467 -0.2857671 -0.7316870
vn 0.6285092 -0.0831659 -0.7733432
vn 0.4989388 0.1422373 -0.8548852
vn 0.5284721 -0.0378496 -0.8481065
vn 0.5436230 0.1092527 -0.8321886
vn 0.6165561 0.1727524 -0.7681244
vn 0.5906130 -0.0393989 -0.8059925
vn 0.6216931 0.0320799 -0.7826037
vn 0.6628977 -0.1321067 -0.7369630
vn 0.4480719 -0.2067578 -0.8697602
vn 0.4072219 -0.1734851 -0.8967013
vn 0.2695014 -0.7173569 -0.6424703
vn 0.0469158 -0.9934971 -0.1037425
vn -0.0679154 -0.9653540 -0.2519507
vn -0.0707420 -0.9467336 -0.3141512
vn 0.2205327 -0.9743092 0.0456818
vn 0.3067714 -0.9517678 -0.0054245
vn 0.5298115 -0.7912448 -0.3053383
vn 0.5710150 -0.6010896 -0.5591361
vn 0.5404867 -0.4534123 -0.7087252
vn 0.4896253 -0.3949511 -0.7773550
vn 0.3892893 -0.5590568 -0.7320583
vn -0.1025521 -0.9913452 0.0819623
vn 0.0837994 -0.9546708 -0.2856244
vn 0.1536418 -0.8874233 -0.4345964
vn 0.1317577 -0.9806860 -0.1445508
vn 0.3450255 -0.8292612 -0.4396400
vn 0.3611314 -0.7081853 -0.6066776
vn 0.3253744 -0.9200193 -0.2183941
vn 0.5359630 -0.0744936 -0.8409485
vn 0.5813679 -0.1717562 -0.7953057
vn 0.5617219 -0.3444073 -0.7522314
vn 0.2555560 -0.3923561 -0.8835994
vn 0.1633644 -0.0227262 -0.9863040
vn 0.5085212 0.0721578 -0.8580207
vn 0.6638148 -0.0477116 -0.7463736
vn 0.6407428 -0.1263432 -0.7572886
vn 0.6386254 -0.3527229 -0.6839182
vn 0.6726794 -0.2307065 -0.7030483
vn 0.4894335 0.5277221 -0.6942364
vn 0.6745314 0.3096877 -0.6701499
vn 0.7188179 0.1350155 -0.6819616
vn 0.6369384 -0.3296674 -0.6968708
vn 0.6955997 -0.1512043 -0.7023377
vn 0.5902736 -0.4732677 -0.6539073
vn 0.5484740 -0.4376409 -0.7124934
vn 0.2214495 -0.8896493 -0.3993548
vn 0.5007267 -0.6261885 -0.5976293
vn 0.0433967 -0.9910435 -0.1262911
vn 0.2991342 -0.9169427 -0.2640736
vn -0.2518681 -0.9376847 0.2393948
vn -0.1846850 -0.9533493 0.2387813
vn 0.1129078 -0.6459478 -0.7549856
vn 0.1786249 0.0010922 -0.9839166
vn 0.5140551 -0.5695207 -0.6413996
vn 0.1892497 -0.8341236 -0.5180950
vn 0.4003048 -0.3438334 -0.8494319
vn 0.3960564 -0.7030746 -0.5906144
vn -0.3226544 -0.9380987 -0.1259562
vn -0.2904208 0.8593136 -0.4209940
vn 0.1941167 -0.9464373 -0.2580216
vn -0.4436601 -0.8919882 0.0867343
vn -0.4570034 0.8676696 -0.1956970
vn -0.1797984 -0.9826510 0.0454919
vn -0.5565499 -0.7956353 0.2392000
vn -0.7908643 0.6045323 0.0952596
vn -0.3807354 -0.8899900 0.2509151
vn 0.1530594 0.9681731 -0.1980246
vn 0.4211402 0.7712360 -0.4773217
vn 0.6263787 0.2128357 -0.7499004
vn 0.6735561 -0.0016752 -0.7391342
vn 0.6125135 0.0841763 -0.7859654
vn 0.6054362 0.2464158 -0.7567868
vn 0.2010198 0.8543106 -0.4793166
vn 0.0470681 0.9780054 -0.2031995
vn -0.0967278 0.9941283 0.0485039
vn -0.0452572 0.9944915 0.0945430
vn 0.6291461 -0.0479789 -0.7758049
vn 0.4695225 -0.4028699 -0.7856491
vn 0.5865392 -0.3369903 -0.7364845
vn 0.0673637 0.5136132 -0.8553734
vn 0.5520369 0.2151854 -0.8055747
vn 0.4869902 -0.2362535 -0.8408477
vn 0.3488437 -0.3850764 -0.8544146
vn -0.1396878 0.5455371 -0.8263635
vn 0.3008326 0.5709123 -0.7639102
vn 0.4008827 0.1986441 -0.8943342
vn 0.3840199 -0.2572322 -0.8867696
vn 0.2784257 -0.5226632 -0.8057930
vn 0.1951730 0.0321208 -0.9802427
vn 0.2296679 -0.3155680 -0.9206897
vn 0.2493017 -0.6060698 -0.7553330
vn 0.1027844 0.0153219 -0.9945856
vn 0.1729043 -0.3532580 -0.9194090
vn 0.1622410 -0.6308151 -0.7587821
vn 0.1541757 -0.9715291 -0.1798916
vn 0.1695230 -0.8769336 -0.4497215
vn 0.0914300 -0.9127241 -0.3982152
vn 0.1245453 -0.9553105 -0.2680864
vn 0.1072544 -0.9719693 -0.2092179
vn 0.1635101 0.9667293 -0.1967204
vn 0.3583014 0.8043518 -0.4739602
vn 0.6351406 0.0673989 -0.7694504
vn 0.6313448 -0.0673452 -0.7725726
vn 0.4220094 -0.4284912 -0.7989389
vn 0.4978979 -0.4879609 -0.7169323
vn 0.2827074 0.7639525 -0.5800458
vn 0.3733474 0.4429411 -0.8151165
vn 0.4999181 -0.0835916 -0.8620292
vn 0.4992158 -0.1512631 -0.8531723
vn 0.2012681 -0.4686511 -0.8601496
vn 0.3608019 -0.4355704 -0.8246820
vn 0.1142188 0.6675874 -0.7357181
vn 0.2114649 0.4946983 -0.8429449
vn 0.3029908 0.0117368 -0.9529212
vn 0.3339041 -0.1708985 -0.9269853
vn 0.4853141 -0.5317713 -0.6940385
vn 0.5062607 -0.6079748 -0.6116100
vn 0.3191837 -0.8219240 -0.4717656
vn -0.1616225 -0.9072664 -0.3882600
vn 0.0705910 0.2475179 -0.9663083
vn 0.5832947 0.4505644 -0.6758395
vn 0.4460032 0.5347316 -0.7177348
vn 0.5183952 -0.3852644 -0.7634381
vn 0.4303608 -0.3492389 -0.8323591
vn 0.3497160 -0.4045384 -0.8450132
vn 0.2542419 -0.4184609 -0.8719240
vn 0.1669639 -0.4359629 -0.8843412
vn 0.5655598 0.3772722 -0.7333538
vn 0.4439847 0.2494071 -0.8606240
vn 0.2413444 0.3739218 -0.8955084
vn 0.0062082 -0.9389751 0.3439291
vn -0.0915553 -0.9458644 0.3113812
vn -0.1735632 -0.9558512 0.2371167
vn 0.0046857 0.9996018 -0.0278246
vn 0.0232805 0.9980205 -0.0584217
vn -0.0267767 0.9991896 0.0300515
vn 0.0157721 -0.9057610 0.4234954
vn 0.0504442 -0.9229102 0.3816964
vn -0.4983606 -0.7060200 0.5031625
vn -0.4572351 -0.6650663 0.5904430
vn -0.6575540 -0.6627027 0.3583962
vn -0.9285568 0.2079986 0.3074393
vn -0.6086848 -0.6815618 0.4061728
vn -0.3850801 0.7970353 0.4652397
vn -0.3188206 0.8192308 0.4766700
vn -0.1958115 -0.3533549 0.9147667
vn -0.3347661 -0.4939706 0.8024492
vn -0.4833300 -0.5593198 0.6734638
vn -0.1267829 0.8510942 0.5094749
vn -0.3488021 0.8357961 0.4240070
vn -0.4221350 0.7767269 0.4674370
vn -0.1099493 -0.1363956 0.9845341
vn -0.0680412 -0.1778166 0.9817085
vn -0.6171908 -0.3793498 0.6893253
vn -0.5959330 -0.2984324 0.7455213
vn -0.7402272 -0.3965557 0.5429616
vn -0.8861850 0.1693817 0.4312610
vn -0.7211802 -0.3486901 0.5985936
vn -0.4906238 0.3805185 0.7838966
vn -0.4943473 0.3852683 0.7792234
vn -0.3184450 -0.1266718 0.9394397
vn -0.4561561 -0.2056788 0.8658047
vn -0.5544521 -0.2707130 0.7869545
vn -0.3126501 0.2682432 0.9112055
vn -0.5937487 0.3596605 0.7197964
vn -0.6661499 0.3565405 0.6550749
vn -0.1357371 -0.0262225 0.9903978
vn -0.1526550 -0.0518712 0.9869173
vn -0.6369733 -0.1280188 0.7601817
vn -0.6148599 -0.1234797 0.7789095
vn -0.7643564 -0.1473519 0.6277314
vn -0.8970962 0.1263775 0.4233759
vn -0.7224937 -0.1165304 0.6814862
vn -0.5651423 0.2965305 0.7698596
vn -0.5504169 0.2109150 0.8078095
vn -0.3635618 -0.0647052 0.9293202
vn -0.5069069 -0.0800154 0.8582790
vn -0.5786161 -0.1040710 0.8089331
vn -0.4069699 0.1655708 0.8983105
vn -0.6657531 0.1487356 0.7311980
vn -0.7192920 0.1520228 0.6778703
vn -0.1240259 -0.0545197 0.9907801
vn -0.1761741 -0.0516225 0.9830045
vn -0.6327517 -0.2064538 0.7463257
vn -0.6314042 -0.2198509 0.7436359
vn -0.7881278 -0.1044720 0.6065807
vn -0.8758523 0.1407255 0.4616049
vn -0.7193609 -0.1602444 0.6759006
vn -0.6856475 0.3878056 0.6160311
vn -0.5861860 0.3875385 0.7114772
vn -0.3437845 -0.2689388 0.8997133
vn -0.5020834 -0.2404158 0.8307301
vn -0.5746316 -0.2614510 0.7755268
vn -0.3109202 0.5531124 0.7729136
vn -0.5962599 0.4523323 0.6632267
vn -0.6991346 0.3576134 0.6191312
vn 0.0003026 -0.3221190 0.9466991
vn -0.1273413 -0.2980372 0.9460222
vn -0.6191506 -0.3883717 0.6825100
vn -0.5789661 -0.4601682 0.6730850
vn -0.8190792 -0.1096882 0.5630966
vn -0.8704506 0.1506244 0.4686449
vn -0.7324758 -0.2810198 0.6200864
vn -0.7529239 0.4400773 0.4893235
vn -0.6126061 0.5515211 0.5661609
vn -0.2037612 -0.6300698 0.7493287
vn -0.4225134 -0.5494449 0.7208278
vn -0.5461691 -0.5004177 0.6717748
vn -0.1910679 0.7663204 0.6133891
vn -0.5205902 0.6605512 0.5409787
vn -0.5887512 0.5870637 0.5556332
vn 0.2835351 -0.6566382 0.6988806
vn 0.0403826 -0.6606290 0.7496256
vn -0.5740126 -0.6239448 0.5302852
vn -0.5167081 -0.6749669 0.5267185
vn -0.9119289 -0.1849776 0.3662908
vn -0.9461462 0.1386949 0.2925255
vn -0.7642212 -0.4465841 0.4653263
vn -0.8016155 0.5313482 0.2740103
vn -0.6364581 0.7388342 0.2214612
vn -0.0664281 -0.8359871 0.5447135
vn -0.2855796 -0.7872473 0.5465218
vn -0.5044531 -0.6919597 0.5164483
vn -0.2060131 0.9402153 0.2712078
vn -0.3690256 0.9093265 0.1922118
vn -0.4656269 0.8557141 0.2257098
vn 0.4173921 -0.7811507 0.4643139
vn 0.1835976 -0.8359797 0.5171362
vn -0.5586608 -0.7562277 0.3406137
vn -0.5010748 -0.7967826 0.3377300
vn -0.9414341 -0.1968145 0.2737990
vn -0.9700284 0.1277354 0.2067090
vn -0.7770396 -0.5369424 0.3284850
vn -0.8125459 0.5621033 0.1543016
vn -0.5677004 0.8187934 0.0854029
vn 0.0394529 -0.9582311 0.2832607
vn -0.2408019 -0.9193422 0.3111660
vn -0.4508204 -0.8316342 0.3242613
vn -0.2682699 0.9624685 0.0410566
vn -0.2813666 0.9595051 0.0135196
vn -0.4910774 0.8691122 0.0590500
vn 0.4762308 -0.8537837 0.2103752
vn 0.2697141 -0.9298069 0.2504266
vn -0.5779208 -0.8150462 0.0413178
vn -0.4765199 -0.8781821 0.0415320
vn -0.9756609 -0.1913375 0.1071252
vn -0.9857843 0.1512440 0.0731754
vn -0.7803174 -0.6217913 0.0669351
vn -0.8910970 0.4388472 0.1155826
vn -0.5649246 0.7848376 0.2547353
vn 0.1097294 -0.9936803 -0.0236416
vn -0.2176701 -0.9760120 -0.0045015
vn -0.3884760 -0.9209484 0.0306662
vn -0.2403535 0.9463984 0.2157781
vn -0.2416853 0.9022642 0.3570819
vn -0.4183766 0.8796255 0.2263184
vn 0.4820310 -0.8756028 -0.0310798
vn 0.2957150 -0.9549923 -0.0232868
vn -0.5005855 -0.7983738 -0.3346840
vn -0.3831339 -0.8515978 -0.3577564
vn -0.9708323 -0.1985368 -0.1344163
vn -0.9627916 0.2482526 -0.1067846
vn -0.6928896 -0.6647430 -0.2793219
vn -0.9594701 0.1940285 -0.2043773
vn -0.9120858 0.3805593 -0.1525585
vn 0.1166059 -0.9217903 -0.3697373
vn -0.1841521 -0.9036948 -0.3865537
vn -0.2309436 -0.8921163 -0.3883215
vn -0.2415265 0.9207179 0.3065021
vn -0.4296686 0.9029743 0.0047226
vn -0.6154536 0.7702426 0.1671625
vn 0.5182962 -0.7920912 -0.3224293
vn 0.2875921 -0.8903368 -0.3529748
vn -0.2540196 -0.6917448 -0.6759905
vn -0.1635207 -0.7063687 -0.6886976
vn -0.7751383 -0.3427902 -0.5307122
vn -0.8911507 0.2641498 -0.3688840
vn -0.3868096 -0.6484159 -0.6556944
vn -0.8403090 0.2809164 -0.4636451
vn -0.7926082 0.2290979 -0.5650543
vn 0.1287334 -0.7463207 -0.6530185
vn -0.1479553 -0.6798757 -0.7182466
vn -0.0958235 -0.7529633 -0.6510484
vn -0.1223644 0.4406585 -0.8892958
vn -0.1343076 0.3858947 -0.9127140
vn -0.6070668 0.3884841 -0.6932172
vn 0.6043120 -0.5779880 -0.5483948
vn 0.2864092 -0.7147969 -0.6379931
vn -0.1246068 -0.1987276 -0.9721011
vn -0.4051953 -0.4305016 -0.8065266
vn -0.3793656 -0.3021007 -0.8745381
vn -0.4303112 0.1162630 -0.8951621
vn -0.0109470 -0.3542246 -0.9350963
vn -0.1815672 0.2541589 -0.9499666
vn -0.1939986 0.0884499 -0.9770062
vn -0.0137688 -0.5033946 -0.8639469
vn 0.0108103 -0.1217091 -0.9925069
vn 0.0470954 -0.5819822 -0.8118366
vn 0.1129759 0.0971583 -0.9888360
vn 0.0409725 0.1233498 -0.9915171
vn -0.0286949 0.1255159 -0.9916765
vn 0.3866572 -0.1421584 -0.9112010
vn 0.5321007 -0.4624458 -0.7092339
vn 0.5606639 -0.1718756 -0.8100091
vn 0.5267594 -0.1830167 -0.8300780
vn 0.4419753 0.1519337 -0.8840667
vn 0.5479823 0.1117267 -0.8289949
vn 0.6629863 0.1136296 -0.7399578
vn 0.7947388 0.0695928 -0.6029486
vn 0.9500848 0.0489355 -0.3081303
vn 0.9635973 0.0549664 -0.2616464
vn 0.9347259 0.0445548 -0.3525654
vn 0.8898464 0.0445519 -0.4540799
vn 0.5084408 -0.2543092 -0.8226875
vn 0.3325937 -0.2326023 -0.9139352
vn 0.1807608 -0.1416515 -0.9732730
vn 0.5123281 -0.1844826 -0.8387408
vn 0.1900238 -0.9758603 -0.1076459
vn 0.3276093 -0.9441164 -0.0362820
vn 0.3955169 -0.0245521 -0.9181305
vn 0.5506405 -0.1627093 -0.8187312
vn 0.5239270 -0.2071010 -0.8262019
vn 0.2161769 0.0519749 -0.9749698
vn 0.5144688 -0.1209718 -0.8489333
vn 0.8962409 -0.3189540 -0.3082541
vn 0.9331057 -0.2826228 -0.2223467
vn 0.8888441 -0.3737967 -0.2650135
vn 0.7980690 -0.4886808 0.3525293
vn 0.8187333 -0.5439037 0.1839689
vn 0.7840892 -0.6046214 0.1401320
vn 0.7568167 -0.6475753 0.0887392
vn 0.7409866 -0.6708407 0.0301928
vn 0.6407324 -0.7671007 -0.0319133
vn 0.1993942 -0.9799189 0.0009483
vn 0.8569605 -0.4968562 0.1369404
vn 0.2928949 -0.9554761 0.0357493
vn 0.9168996 -0.3925115 0.0723176
vn 0.8993732 -0.4363866 -0.0263558
vn 0.9254781 -0.3785409 -0.0140389
vn 0.9159179 -0.3079604 -0.2574002
vn 0.9555588 -0.2484402 -0.1586975
vn 0.9406637 -0.1063833 -0.3222334
vn 0.9713629 -0.1258366 -0.2015424
vn 0.9511925 0.0254567 -0.3075464
vn 0.9792761 0.0109079 -0.2022357
vn 0.9407504 0.0741960 -0.3308830
vn 0.9524230 0.1444470 -0.2683755
vn 0.7495932 -0.6471613 0.1388965
vn 0.8072357 -0.5668274 0.1645516
vn 0.7935448 -0.6085066 -0.0025195
vn 0.8354549 -0.5494647 -0.0101783
vn 0.8426323 -0.4156856 -0.3423102
vn 0.8870517 -0.3444923 -0.3073504
vn 0.7365393 -0.2049563 -0.6445951
vn 0.8654220 -0.1470959 -0.4789651
vn 0.8121577 0.0055594 -0.5834115
vn 0.9096425 0.0186679 -0.4149724
vn 0.8347781 -0.0068309 -0.5505441
vn 0.9228997 0.0752734 -0.3776110
vn 0.7050964 -0.6975138 0.1277244
vn 0.6390368 -0.1618238 -0.7519608
vn 0.7063908 -0.0079812 -0.7077771
vn 0.8438996 0.0747586 -0.5312669
vn 0.2252553 -0.9726112 0.0573366
vn 0.3157063 -0.9465854 0.0656177
vn 0.5059371 -0.8549173 0.1146473
vn 0.2182143 -0.9756220 -0.0233292
vn 0.3179005 -0.9469300 -0.0475684
vn 0.5472733 -0.8333704 -0.0773671
vn 0.2173231 -0.9220975 -0.3201670
vn 0.2721109 -0.8955173 -0.3521425
vn 0.6331919 -0.6679706 -0.3910028
vn 0.1892397 -0.5075230 -0.8406002
vn 0.5286444 -0.4130631 -0.7415619
vn 0.3078183 -0.4948400 -0.8126385
vn 0.6224594 -0.3654827 -0.6920742
vn 0.1289665 -0.2428031 -0.9614647
vn 0.4898530 -0.2974384 -0.8194964
vn 0.3292086 -0.2127755 -0.9199719
vn 0.5001172 -0.2365061 -0.8330352
vn 0.4252330 -0.2560458 -0.8681114
vn 0.3377881 -0.5386350 -0.7718624
vn 0.9640925 -0.2651865 0.0142023
vn 0.9840897 -0.1737464 -0.0371435
vn 0.9957405 -0.0849521 -0.0358320
vn 0.9845150 0.0817424 -0.1550753
vn 0.9668073 0.1765971 -0.1846539
vn 0.9736572 -0.1897922 0.1263744
vn 0.9828339 -0.1496282 0.1079305
vn 0.9998135 -0.0185094 -0.0055130
vn 0.9882580 0.1198851 -0.0947301
vn 0.9640561 0.2584451 -0.0616599
vn 0.8802044 0.4736564 -0.0298279
vn 0.9654289 -0.1170734 0.2328965
vn 0.9857923 -0.0585235 0.1574437
vn 0.9938289 0.0511314 0.0984368
vn 0.9793759 0.1475339 0.1380457
vn 0.9226086 0.3539997 0.1532242
vn 0.8382914 0.4863488 0.2464395
vn 0.8933474 -0.0181030 0.4490020
vn 0.8845518 -0.0001041 0.4664420
vn 0.8587558 0.0668391 0.5080068
vn 0.8096309 0.1753855 0.5601229
vn 0.7027396 0.3675482 0.6091514
vn 0.5791967 0.4971910 0.6460126
vn 0.5561872 -0.0486976 0.8296290
vn 0.4926461 -0.0289065 0.8697495
vn 0.4389093 0.0567407 0.8967381
vn 0.3885851 0.1581730 0.9077350
vn 0.3605295 0.3419326 0.8678137
vn 0.3288233 0.4811337 0.8126411
vn 0.1887529 -0.1296703 0.9734259
vn 0.1388427 -0.0805744 0.9870311
vn 0.1108415 0.0331425 0.9932853
vn 0.1048183 0.1548566 0.9823607
vn 0.2105843 0.3664284 0.9063027
vn 0.1563544 0.4041162 0.9012455
vn 0.9930654 -0.0758295 -0.0898390
vn 0.9951357 -0.0890011 0.0422333
vn 0.7663326 0.5178769 0.3801814
vn 0.5385724 0.6845980 0.4911876
vn 0.9662244 0.1374112 0.2180106
vn 0.9398871 0.2235653 0.2581294
vn 0.9981004 -0.0548175 0.0281173
vn 0.9426121 -0.3329227 0.0253933
vn 0.9952586 0.0047457 -0.0971483
vn 0.9947711 -0.0590673 -0.0833155
vn 0.9722201 -0.2110234 -0.1012775
vn 0.9879958 0.0188480 -0.1533263
vn 0.9737083 -0.0279173 -0.2260815
vn 0.9976982 -0.0597540 -0.0320577
vn 0.9906768 -0.0093117 0.1359149
vn 0.9222080 -0.1497345 0.3565276
vn 0.8522875 -0.3227075 0.4116623
vn 0.8914794 -0.2771740 0.3583839
vn 0.8987206 0.4192683 0.1285120
vn 0.6383597 0.7489930 0.1775005
vn 0.7979673 0.5818808 0.1570445
vn 0.5033502 0.7876726 -0.3552612
vn 0.8644632 -0.4425903 0.2383636
vn 0.9509740 -0.2903396 0.1065425
vn 0.9621641 -0.2348464 0.1381573
vn 0.9448903 -0.1882499 0.2678513
vn 0.8615011 -0.1129583 0.4950316
vn 0.5980402 -0.0827256 0.7971853
vn 0.2503527 -0.1560527 0.9554952
vn 0.7536385 -0.6088051 -0.2477606
vn 0.8398387 -0.5059819 -0.1966044
vn 0.8558046 -0.5128884 -0.0674098
vn 0.8908562 -0.4530775 -0.0331070
vn 0.8967315 -0.4419832 0.0228792
vn 0.5060678 0.0397384 -0.8615778
vn 0.5835449 -0.2334107 -0.7778141
vn 0.5478357 -0.1961050 -0.8132766
vn 0.3221536 0.5016386 -0.8028548
vn 0.5343494 -0.0401793 -0.8443082
vn 0.7447301 0.0971139 -0.6602620
vn 0.7964325 0.0300107 -0.6039823
vn 0.6130608 0.1503086 -0.7756054
vn 0.6280462 0.0684026 -0.7751639
vn 0.5718707 0.2149089 -0.7916932
vn 0.6586108 0.1573650 -0.7358451
vn 0.4704086 0.3250821 -0.8203886
vn 0.4810088 0.1934485 -0.8551071
vn 0.6296710 0.2807327 -0.7243643
vn 0.9524410 -0.2518071 -0.1716079
vn 0.8192003 -0.5052011 0.2714458
vn 0.9300651 -0.3673923 -0.0013037
vn 0.4442461 -0.8958806 -0.0065841
vn 0.6242828 -0.7312265 -0.2749159
vn 0.8416250 -0.3959850 -0.3672372
vn 0.7249318 -0.6188179 -0.3025528
vn 0.7766779 -0.5333007 -0.3352042
vn 0.4006514 -0.8777296 -0.2628102
vn 0.2204543 -0.9261515 -0.3060120
vn 0.5105510 -0.8596949 -0.0161999
vn 0.5669147 -0.8106775 -0.1463203
vn 0.6660364 -0.7156177 -0.2104442
vn 0.4143440 -0.9039043 0.1061888
vn 0.4760235 -0.8777585 -0.0542368
vn 0.4475325 -0.8937261 -0.0311177
vn 0.3694253 -0.9239779 0.0989433
vn 0.6691054 -0.7306126 0.1360266
vn 0.6942415 -0.2559955 -0.6726775
vn 0.5182886 -0.0578377 -0.8532478
vn 0.7165812 -0.6551767 0.2392802
vn 0.8776112 -0.4066752 0.2537989
vn 0.8929131 -0.3569081 0.2744499
vn 0.8995424 -0.2857526 0.3304072
vn 0.8795835 -0.2475037 0.4062941
vn 0.7914165 -0.2403083 0.5620604
vn 0.6265158 -0.2902698 0.7233405
vn 0.3723024 -0.3729294 0.8498909
vn 0.9064318 -0.3371443 0.2543916
vn 0.8672882 -0.3207844 0.3806686
vn 0.8494815 -0.2945215 0.4377652
vn 0.7943560 -0.2682271 0.5450255
vn 0.6836134 -0.2836849 0.6724549
vn 0.4896958 -0.3453555 0.8005796
vn 0.9380556 -0.2845322 0.1977200
vn 0.8566179 -0.2869598 0.4287889
vn 0.8256249 -0.2556707 0.5029672
vn 0.7606903 -0.2482662 0.5997618
vn 0.6431273 -0.2501651 0.7237436
vn 0.4876072 -0.2282076 0.8427102
vn 0.9588949 -0.1979731 0.2032909
vn 0.9068890 -0.1229662 0.4030281
vn 0.8613539 -0.0756043 0.5023479
vn 0.8080204 -0.0315587 0.5883087
vn 0.7125598 -0.0301157 0.7009648
vn 0.4882839 0.0099222 0.8726285
vn 0.9856890 -0.1162002 0.1221255
vn 0.9498036 0.0435790 0.3097968
vn 0.9132516 0.1164317 0.3904039
vn 0.8827943 0.1393189 0.4486251
vn 0.7630814 0.2974407 0.5737907
vn 0.5478390 0.4317743 0.7165497
vn 0.5084304 0.8561282 -0.0924289
vn 0.7268706 0.6838167 -0.0636704
vn 0.7198229 0.6311134 -0.2890518
vn 0.9005680 0.1720156 -0.3992341
vn 0.8528137 0.5210179 -0.0353433
vn 0.9390944 0.3422446 -0.0311508
vn 0.7711653 0.3290943 -0.5449780
vn 0.9530890 0.2733449 0.1300150
vn 0.9910949 0.1176420 0.0623805
vn 0.9967082 -0.0762194 -0.0276291
vn 0.6373196 0.4194845 -0.6464182
vn 0.4665904 0.5105803 -0.7222196
vn 0.2612819 0.4991078 -0.8262101
vn 0.1233347 0.5162441 -0.8475143
vn 0.9527064 0.2633946 -0.1515712
vn 0.8798456 0.4337242 -0.1943066
vn 0.9847990 0.1682245 -0.0432594
vn 0.9831440 0.1352402 -0.1230360
vn 0.2159741 -0.9749582 0.0530249
vn 0.2788933 -0.9565796 0.0846991
vn 0.9420002 -0.3014696 0.1474846
vn 0.3694938 -0.9251446 0.0870740
vn 0.4365100 -0.8948969 0.0928368
vn 0.5478945 -0.8288161 0.1134700
vn 0.9062285 -0.3810608 0.1831464
vn 0.8220025 -0.4918191 0.2870991
vn 0.7785906 -0.5833331 0.2313422
vn 0.6694659 -0.7187437 0.1876777
vn 0.6384515 -0.7504975 0.1706847
vn 0.7249641 -0.6569689 0.2069274
vn 0.9520288 -0.2730149 0.1382175
vn 0.9170969 -0.3228657 0.2338610
vn 0.8918980 -0.3469481 0.2900775
vn 0.8947945 -0.2971636 0.3332216
vn 0.9441488 -0.1395337 0.2985187
vn 0.9771145 -0.0685498 0.2013657
vn 0.9998332 -0.0164536 0.0079236
vn 0.8362563 0.4090559 -0.3651694
vn 0.9331396 0.2675373 -0.2401546
vn 0.9761130 0.0934963 -0.1961167
vn 0.6724690 0.5382396 -0.5080193
vn 0.1320555 0.5753480 -0.8071778
vn 0.4816724 0.7020325 -0.5245399
vn -0.1109185 0.4082519 0.9061057
vn -0.0094289 -0.1981523 0.9801259
vn -0.0926115 -0.1716705 0.9807917
vn 0.1730243 0.7972147 -0.5783696
vn 0.1346274 0.5458896 0.8269704
vn 0.0875110 0.0697304 0.9937200
vn 0.0209257 -0.2530942 0.9672153
vn 0.1289849 0.9874722 -0.0908925
vn 0.1790919 0.9552180 0.2355517
vn 0.0867186 -0.2000708 0.9759363
vn 0.1120089 -0.4077956 0.9061770
vn 0.0882387 -0.4778853 0.8739791
vn 0.1513707 0.9050943 -0.3973552
vn -0.1830668 0.1951190 0.9635430
vn -0.1575903 -0.0252746 0.9871811
vn -0.2504369 0.2534642 0.9343646
vn 0.7600793 -0.6495001 -0.0207145
vn 0.7195152 -0.6942141 -0.0190975
vn 0.7716305 -0.5153040 -0.3728917
vn 0.7796817 -0.5789312 -0.2386109
vn 0.5389445 -0.7443591 -0.3942948
vn 0.4373662 -0.8366894 -0.3296387
vn 0.0224935 -0.1683107 0.9854773
vn -0.0396028 0.3075200 0.9507171
vn 0.3059359 0.8667394 -0.3939111
vn 0.0454685 -0.2121155 0.9761863
vn 0.2050142 -0.4484129 0.8699971
vn -0.0607418 -0.0013061 0.9981527
vn -0.1212728 0.2634256 0.9570266
vn 0.2574385 0.0485110 0.9650762
vn 0.2527603 -0.2141195 0.9435386
vn 0.2801235 -0.4014601 0.8719866
vn 0.2867908 0.5267890 0.8001527
vn 0.3704752 0.9024439 0.2198705
vn -0.0170864 0.2007523 0.9794930
vn 0.2893914 0.9522296 -0.0975262
vn -0.0002584 -0.1144834 0.9934251
vn 0.2985286 0.7590552 -0.5785463
vn -0.0593922 -0.9893831 -0.1326410
vn 0.1023225 -0.9783574 -0.1798524
vn -0.2128334 -0.9755514 -0.0547846
vn -0.3212591 -0.9453061 -0.0564713
vn -0.5149835 -0.8522196 -0.0922705
vn -0.8044702 -0.5848235 -0.1039669
vn -0.9036912 -0.4076147 -0.1311201
vn -0.9868519 -0.0978415 -0.1286479
vn -0.9818706 0.1765029 -0.0691144
vn -0.8307324 0.5562479 -0.0217255
vn -0.4542776 0.8902026 0.0342236
vn -0.3473072 0.9349539 -0.0723803
vn -0.2060992 0.9689141 -0.1368525
vn -0.0495843 0.9867712 -0.1543505
vn 0.0225590 0.9848409 -0.1719871
vn 0.0973076 0.9839582 -0.1495242
vn 0.1373877 0.9814430 -0.1337697
vn 0.4126606 0.9006069 -0.1364493
vn 0.2226214 -0.9627149 -0.1536872
vn 0.3894540 -0.9145580 -0.1091298
vn 0.6159265 -0.7829217 -0.0875678
vn 0.7264041 -0.6042448 -0.3274527
vn 0.7652098 -0.4509207 -0.4594829
vn 0.7728410 0.0887225 -0.6283670
vn 0.5706506 0.7402694 -0.3554702
vn 0.7519877 -0.6198073 -0.2243956
vn -0.2292554 -0.5164166 0.8250793
vn -0.0180676 -0.5119098 0.8588492
vn -0.4065431 -0.4826219 0.7757569
vn -0.5790041 -0.3826494 0.7199539
vn -0.6703132 -0.3264963 0.6663936
vn -0.7727539 -0.1277050 0.6217257
vn -0.8045753 -0.0265780 0.5932557
vn -0.7526887 0.1061836 0.6497575
vn -0.7133862 0.0397524 0.6996427
vn -0.7983335 0.0132871 0.6020689
vn -0.6246765 0.1182116 0.7718843
vn -0.5419702 0.2318066 0.8077958
vn -0.3836440 0.2384009 0.8921784
vn -0.1909314 0.3076620 0.9321423
vn 0.0172874 0.3942896 0.9188236
vn 0.2290902 0.3886487 0.8924516
vn 0.3279555 0.4909269 0.8071158
vn 0.3836108 0.4438578 0.8098351
vn 0.1924981 -0.4391550 0.8775462
vn 0.3933425 -0.2659546 0.8800851
vn 0.5214355 -0.0884711 0.8486919
vn 0.6386566 -0.2036801 0.7420459
vn 0.7536441 -0.0982092 0.6499043
vn 0.7206118 0.3206356 0.6147450
vn 0.5101130 0.5325206 0.6754306
vn 0.5810479 -0.0829833 0.8096278
vn -0.2734787 -0.3663356 0.8893861
vn -0.0338117 -0.3763902 0.9258441
vn -0.4536541 -0.3246047 0.8299576
vn -0.6211887 -0.2746909 0.7339410
vn -0.7216735 -0.1952187 0.6641363
vn -0.7855794 -0.1337869 0.6041242
vn -0.8137694 -0.0376759 0.5799654
vn -0.8146562 0.0277245 0.5792812
vn -0.7958876 0.0641869 0.6020324
vn -0.7984085 0.0679790 0.5982664
vn -0.7522769 0.1727262 0.6358027
vn -0.6411153 0.2121626 0.7375352
vn -0.4709215 0.3321626 0.8172521
vn -0.2291991 0.3821568 0.8952229
vn 0.0112775 0.3357283 0.9418914
vn 0.2560908 0.2677518 0.9288307
vn 0.3975240 0.1571968 0.9040264
vn 0.6168274 0.1595778 0.7707522
vn 0.2078353 -0.3595220 0.9096969
vn 0.4375770 -0.3054654 0.8457052
vn 0.5900532 -0.2046452 0.7809978
vn 0.7161086 0.0133356 0.6978614
vn 0.7305594 0.0529452 0.6807934
vn 0.6998109 0.1173160 0.7046287
vn 0.6148523 0.1685169 0.7704276
vn 0.6732482 -0.0789566 0.7351889
vn -0.2470952 -0.7904420 0.5604867
vn 0.0401308 -0.8040982 0.5931405
vn -0.4892895 -0.7126848 0.5026690
vn -0.6719101 -0.6017987 0.4317119
vn -0.8022672 -0.4731490 0.3640018
vn -0.8875223 -0.3447162 0.3057367
vn -0.9404731 -0.2157740 0.2625870
vn -0.9680346 -0.0925550 0.2331147
vn -0.9750951 0.0248675 0.2203885
vn -0.9643438 0.1394059 0.2249600
vn -0.8710180 0.3963703 0.2902037
vn -0.7588995 0.5424017 0.3603776
vn -0.5671933 0.6980509 0.4370545
vn -0.2845738 0.8110566 0.5110821
vn 0.0181874 0.8285965 0.5595508
vn 0.3085017 0.7730341 0.5542969
vn 0.5141885 0.6812198 0.5211044
vn 0.7772294 0.4651402 0.4237441
vn 0.3301102 -0.7398084 0.5862685
vn 0.5793173 -0.6071354 0.5438548
vn 0.7594530 -0.4339010 0.4847278
vn 0.9074330 -0.1114815 0.4051385
vn 0.9251810 0.0350904 0.3779005
vn 0.9073316 0.2000414 0.3697741
vn 0.8505470 0.3468064 0.3953418
vn 0.8610841 -0.2612264 0.4362281
vn -0.2242618 -0.9177016 0.3279183
vn 0.0727918 -0.9322168 0.3545041
vn -0.4781240 -0.8314392 0.2830306
vn -0.6715579 -0.7047936 0.2286393
vn -0.8102672 -0.5597480 0.1736351
vn -0.9029243 -0.4114821 0.1241381
vn -0.9607162 -0.2644795 0.0841134
vn -0.9912937 -0.1188646 0.0566388
vn -0.9987959 0.0207460 0.0444566
vn -0.9870438 0.1534939 0.0467352
vn -0.8944178 0.4385673 0.0876107
vn -0.7853495 0.6039480 0.1359150
vn -0.5926813 0.7816752 0.1941979
vn -0.3037360 0.9181150 0.2545768
vn 0.0115122 0.9537007 0.3005368
vn 0.3169609 0.8964438 0.3097165
vn 0.5361057 0.7919584 0.2922203
vn 0.8130610 0.5332956 0.2335115
vn 0.3734968 -0.8580625 0.3524612
vn 0.6297183 -0.7054021 0.3253656
vn 0.8118732 -0.5087104 0.2864885
vn 0.9675086 -0.1247866 0.2198989
vn 0.9779696 0.0457352 0.2036758
vn 0.9547837 0.2142152 0.2061553
vn 0.8968997 0.3825198 0.2219224
vn 0.9176189 -0.3091913 0.2497525
vn -0.1831060 -0.9781026 0.0989316
vn 0.1326372 -0.9827571 0.1288247
vn -0.4395861 -0.8929925 0.0965840
vn -0.6270931 -0.7778370 0.0415193
vn -0.7834252 -0.6214241 -0.0087745
vn -0.8868163 -0.4616036 -0.0218851
vn -0.9457105 -0.3177648 -0.0682438
vn -0.9836471 -0.1474737 -0.1033916
vn -0.9955169 0.0018054 -0.0945668
vn -0.9841754 0.1379845 -0.1111711
vn -0.8978735 0.4317644 -0.0860388
vn -0.7986864 0.5987442 -0.0600446
vn -0.5967876 0.8016827 -0.0339042
vn -0.2961159 0.9548404 0.0243957
vn -0.0100479 0.9968026 0.0792692
vn 0.2919994 0.9533240 0.0768750
vn 0.5327659 0.8432777 0.0710152
vn 0.8238949 0.5633328 0.0620753
vn 0.4127257 -0.8985621 0.1491430
vn 0.6550294 -0.7471994 0.1123814
vn 0.8473963 -0.5191327 0.1114483
vn 0.9884918 -0.1371093 0.0639132
vn 0.9957638 0.0631183 0.0668622
vn 0.9696725 0.2331478 0.0733301
vn 0.9135430 0.4020343 0.0617055
vn 0.9424771 -0.3173370 0.1050431
vn -0.2063563 -0.9754160 -0.0773356
vn 0.9975866 -0.0097108 -0.0687502
vn -0.4457242 -0.8919860 -0.0754379
vn 0.7891603 -0.6118626 -0.0533866
vn -0.7743798 -0.6134489 -0.1549717
vn -0.8738105 -0.4577498 -0.1640743
vn -0.9641417 -0.1317934 -0.2303504
vn -0.9741791 0.0231257 -0.2245892
vn 0.3779049 0.9206330 -0.0980959
vn -0.8481758 0.4786096 -0.2270036
vn -0.7270382 0.6534375 -0.2107958
vn -0.5336157 0.8201176 -0.2065463
vn -0.2733581 0.9476697 -0.1649165
vn 0.0601941 0.9918127 -0.1126243
vn -0.9546550 0.1798015 -0.2372873
vn 0.5608680 0.8221441 -0.0974995
vn 0.8228815 0.5625715 -0.0798704
vn -0.9379636 -0.2821153 -0.2015819
vn 0.6073483 -0.7917956 -0.0647134
vn 0.3625541 -0.9313502 -0.0337832
vn -0.6508106 -0.7505266 -0.1146968
vn 0.9786676 -0.1907826 -0.0762346
vn 0.0460171 -0.9976756 -0.0502577
vn 0.9787980 0.1954201 -0.0613630
vn 0.9145112 0.3982424 -0.0712193
vn 0.9233279 -0.3805975 -0.0511003
vn -0.1575278 -0.9641267 -0.2136460
vn 0.9818487 -0.0022340 -0.1896529
vn -0.3940197 -0.8902612 -0.2284371
vn 0.7905032 -0.5808374 -0.1942489
vn -0.7278579 -0.6306354 -0.2692987
vn -0.8290559 -0.4774906 -0.2909793
vn -0.9287489 -0.1567916 -0.3359193
vn -0.9369569 0.0000708 -0.3494448
vn 0.3382799 0.9063436 -0.2531955
vn -0.8223891 0.4336152 -0.3683124
vn -0.7132886 0.5971506 -0.3669204
vn -0.5248891 0.7742011 -0.3537005
vn -0.2477607 0.9118630 -0.3272929
vn 0.0519231 0.9555937 -0.2900772
vn -0.9239712 0.1449952 -0.3539119
vn 0.5411440 0.8093157 -0.2284103
vn 0.8133817 0.5412297 -0.2132619
vn -0.8953186 -0.3169720 -0.3129430
vn 0.6130270 -0.7646426 -0.1987953
vn 0.3783864 -0.9024982 -0.2057203
vn -0.5847097 -0.7723661 -0.2481232
vn 0.9629254 -0.1887912 -0.1926979
vn 0.1109235 -0.9717211 -0.2084566
vn 0.9640685 0.1868401 -0.1888456
vn 0.9025970 0.3803770 -0.2015737
vn 0.9036043 -0.3821983 -0.1934519
vn -0.1313087 -0.9173910 -0.3757017
vn 0.9422343 -0.0234719 -0.3341311
vn -0.3531749 -0.8529641 -0.3843433
vn 0.7467470 -0.5648461 -0.3511664
vn -0.6717846 -0.6153479 -0.4123741
vn -0.7726346 -0.4709940 -0.4256765
vn -0.8688964 -0.1648571 -0.4667346
vn -0.8768528 -0.0161188 -0.4804887
vn 0.3354837 0.8444509 -0.4175564
vn -0.7654126 0.3948833 -0.5081444
vn -0.6593200 0.5474957 -0.5153112
vn -0.4814165 0.7118112 -0.5114323
vn -0.2200072 0.8423026 -0.4920601
vn 0.0644126 0.8872262 -0.4568158
vn -0.8651728 0.1222720 -0.4863390
vn 0.5269276 0.7561373 -0.3880769
vn 0.7853543 0.4997530 -0.3653294
vn -0.8362261 -0.3190459 -0.4460219
vn 0.5789710 -0.7321069 -0.3589038
vn 0.3609993 -0.8564521 -0.3690113
vn -0.5327132 -0.7458151 -0.3999706
vn 0.9183422 -0.2001036 -0.3414765
vn 0.1163524 -0.9199793 -0.3742997
vn 0.9277292 0.1616874 -0.3364160
vn 0.8703891 0.3467267 -0.3495761
vn 0.8565936 -0.3820854 -0.3467825
vn -0.1014227 -0.8284139 -0.5508574
vn 0.8454518 -0.0385541 -0.5326582
vn -0.2957615 -0.7738423 -0.5600833
vn 0.6626289 -0.5169479 -0.5419297
vn -0.5783239 -0.5678435 -0.5857433
vn -0.6712445 -0.4401827 -0.5963808
vn -0.7566822 -0.1686446 -0.6316573
vn -0.7655457 -0.0347670 -0.6424415
vn 0.3057917 0.7365278 -0.6033393
vn -0.6662982 0.3285399 -0.6694088
vn -0.5728140 0.4633607 -0.6761516
vn -0.4205467 0.6077346 -0.6736461
vn -0.1909962 0.7255334 -0.6611519
vn 0.0613530 0.7700893 -0.6349789
vn -0.7574011 0.0915640 -0.6464980
vn 0.4807199 0.6598778 -0.5774684
vn 0.7037895 0.4319065 -0.5640365
vn -0.7291714 -0.3044641 -0.6128708
vn 0.5170500 -0.6579374 -0.5475196
vn 0.3294279 -0.7661861 -0.5517573
vn -0.4545064 -0.6809507 -0.5742213
vn 0.8195507 -0.1967324 -0.5381757
vn 0.1146427 -0.8265432 -0.5510748
vn 0.8365234 0.1263318 -0.5331688
vn 0.7846218 0.2939770 -0.5458444
vn 0.7615004 -0.3568076 -0.5411151
vn -0.2060950 0.2345147 -0.9500146
vn -0.1847183 0.3159777 -0.9306112
vn -0.1308728 0.4237039 -0.8962964
vn -0.0048363 0.4916782 -0.8707636
vn -0.1809115 0.0325909 -0.9829592
vn 0.1686841 0.3390463 -0.9255232
vn 0.2194020 0.2063122 -0.9535712
vn -0.1797535 -0.2059059 -0.9619207
vn 0.2136730 -0.4034647 -0.8896966
vn 0.1719552 -0.4824051 -0.8589044
vn -0.1504610 -0.4412873 -0.8846621
vn 0.2696708 -0.1463739 -0.9517628
vn 0.0910717 -0.5651586 -0.8199401
vn 0.2737443 0.0311053 -0.9612994
vn 0.2560520 0.1313893 -0.9576921
vn 0.2589223 -0.2342887 -0.9370529
vn -0.1784911 0.1011180 -0.9787319
vn 0.1913114 0.2653535 -0.9449801
vn 0.4532098 0.4278352 -0.7820217
vn -0.5374340 0.1518931 -0.8295138
vn 0.5814778 -0.2985187 -0.7568158
vn 0.5914470 0.2168794 -0.7766298
vn 0.6340070 0.0779942 -0.7693842
vn 0.1090948 -0.7039838 -0.7017871
vn 0.6201693 -0.1720172 -0.7653758
vn -0.3353291 -0.5724669 -0.7482219
vn 0.2834717 -0.6412079 -0.7130892
vn 0.4150738 -0.5465707 -0.7273062
vn -0.5282697 -0.2607385 -0.8080511
vn 0.5214629 0.3298270 -0.7869502
vn 0.3694789 0.5131266 -0.7747170
vn -0.5530165 0.0546412 -0.8313766
vn 0.0352599 0.6229429 -0.7814723
vn -0.1689555 0.5830741 -0.7946563
vn -0.3472656 0.4708600 -0.8109855
vn -0.4429962 0.3486276 -0.8259620
vn -0.5016065 0.2423483 -0.8304566
vn 0.2325592 0.5831502 -0.7783650
vn -0.5530347 -0.0492557 -0.8317010
vn -0.5453865 -0.1546685 -0.8237908
vn 0.5257399 -0.1396622 -0.8391020
vn 0.6601235 -0.3051502 -0.6863820
vn 0.7226099 -0.6241980 -0.2970048
vn 0.6685630 -0.7436052 -0.0086539
vn 0.6403518 -0.7557439 0.1371160
vn 0.6456886 -0.7508725 0.1388404
vn 0.6995119 -0.7145900 0.0066585
vn 0.7958273 -0.5591001 -0.2325208
vn 0.8270351 -0.4357132 -0.3552000
vn 0.6128973 -0.2349776 -0.7544153
vn 0.5270458 -0.1581656 -0.8349888
vn 0.4637883 -0.1184218 -0.8779958
vn 0.3712853 0.1023510 -0.9228605
vn 0.4058272 0.2442877 -0.8806973
vn 0.5018369 0.1663186 -0.8488215
vn 0.2806103 0.4965557 -0.8213953
vn -0.0604364 0.9229313 -0.3801912
vn -0.1692001 0.9742345 -0.1491255
vn -0.3679965 0.9289127 0.0412279
vn -0.6037465 0.7698142 0.2070660
vn -0.6446743 0.5255215 0.5551776
vn -0.7693724 0.3949206 0.5020995
vn -0.8320652 0.3386449 0.4393031
vn -0.8463680 0.3138574 0.4302962
vn -0.9119012 0.3167108 0.2610181
vn -0.9354664 0.3111189 0.1676534
vn -0.9499241 0.3080975 0.0521556
vn -0.9183662 0.3555712 -0.1737029
vn -0.7876429 0.5061132 -0.3513802
vn -0.2203092 0.2090994 -0.9527546
vn -0.1180920 -0.4179160 -0.9007777
vn -0.5762479 -0.5800976 -0.5756953
vn -0.8102618 -0.5445685 -0.2166125
vn -0.8713296 -0.4808403 0.0978637
vn -0.8513859 -0.4240078 0.3088032
vn -0.8199964 -0.3792656 0.4286765
vn -0.7577094 -0.2386687 0.6073826
vn -0.7300541 -0.1490157 0.6669448
vn -0.7103394 -0.1260490 0.6924807
vn -0.6956961 -0.3724283 0.6142509
vn -0.5917313 -0.7025550 0.3953106
vn -0.4309694 -0.8671439 0.2496534
vn -0.2854015 -0.9531212 0.1005283
vn -0.1098477 -0.9869293 -0.1179156
vn 0.0743476 -0.9359716 -0.3441359
vn 0.2457762 -0.8418331 -0.4805322
vn 0.4173643 -0.6990330 -0.5806547
vn 0.5075984 -0.5249638 -0.6831961
vn 0.5080366 -0.2365686 -0.8282114
vn 0.5408196 -0.1728069 -0.8231962
vn 0.9506559 0.0717114 -0.3018457
vn 0.9412665 0.0676322 -0.3308222
vn 0.9206603 0.0414233 -0.3881608
vn 0.8684643 0.0668097 -0.4912292
vn 0.7656583 0.0738757 -0.6389912
vn 0.6378423 0.0794817 -0.7660548
vn 0.5241977 0.1025958 -0.8453939
vn 0.4320993 0.0735742 -0.8988198
vn 0.2927279 0.0840472 -0.9524948
vn 0.1454277 0.1336629 -0.9802984
vn 0.0095798 -0.0985512 -0.9950859
vn 0.1822191 0.1347685 -0.9739783
vn 0.3163302 0.1561984 -0.9357015
vn 0.4686476 0.1053345 -0.8770827
vn 0.5793288 0.0050935 -0.8150780
vn 0.6609019 -0.1693280 -0.7311201
vn 0.6612887 -0.3782840 -0.6477642
vn 0.6652185 -0.3351541 -0.6672002
vn 0.5479791 -0.2818711 -0.7875707
vn 0.5753373 -0.1406062 -0.8057400
vn 0.6430811 -0.1470675 -0.7515436
vn 0.5933084 -0.1748995 -0.7857451
vn 0.4366893 -0.1506263 -0.8869127
vn 0.2434551 -0.2578162 -0.9350189
vn -0.0106969 -0.2663320 -0.9638220
vn -0.1402160 0.0071345 -0.9900952
vn -0.1780667 0.1780315 -0.9677794
vn 0.0098881 0.5207726 -0.8536382
vn -0.1249824 -0.1907740 -0.9736450
vn 0.0286210 -0.3819107 -0.9237559
vn 0.2314394 -0.4614167 -0.8564639
vn 0.4271637 -0.7240346 -0.5415764
vn 0.4847523 -0.6862412 -0.5422991
vn 0.7536416 -0.0309878 -0.6565547
vn 0.4259828 0.4654666 -0.7758089
vn 0.3155454 -0.6039485 -0.7318998
vn 0.4214882 -0.1366669 -0.8964763
vn 0.1394307 -0.3352330 -0.9317607
vn 0.1976107 -0.3775539 -0.9046563
vn 0.4276320 0.3652661 -0.8268685
vn 0.7118067 0.2973534 -0.6363271
vn 0.7741163 0.0389459 -0.6318443
vn 0.7380975 -0.1776848 -0.6508765
vn 0.6817150 -0.1406638 -0.7179682
vn 0.6475809 -0.2201528 -0.7295010
vn 0.6932273 -0.1015610 -0.7135273
vn 0.6306487 -0.2195424 -0.7443677
vn 0.3713133 -0.2262040 -0.9005322
vn 0.4984672 -0.3103491 -0.8094528
vn 0.1531460 -0.1849255 -0.9707466
vn -0.0533589 -0.0458614 -0.9975217
vn 0.1662455 0.0129343 -0.9859996
vn -0.1258218 0.0647923 -0.9899348
vn 0.6246771 -0.2522292 -0.7390257
vn 0.3017663 -0.3474880 -0.8878002
vn 0.5363175 -0.2680527 -0.8003195
vn 0.4229325 -0.2351154 -0.8751279
vn 0.4765865 -0.2196983 -0.8512332
vn 0.0424510 -0.1491681 -0.9879002
vn 0.2586335 0.2704044 -0.9273566
vn 0.0760720 0.0979658 -0.9922781
vn 0.5747566 0.3105109 -0.7571247
vn 0.4498803 0.0017593 -0.8930871
vn 0.6757574 0.1695890 -0.7173504
vn 0.9853301 -0.1275249 -0.1134107
vn 0.2989144 0.2226668 -0.9279384
vn 0.5054223 0.1573544 -0.8484032
vn 0.9124852 0.0312739 -0.4079127
vn 0.9666124 -0.0435185 -0.2525207
vn 0.7827072 0.0778373 -0.6175037
vn 0.1885543 0.2115616 -0.9590042
vn 0.2711438 0.0785856 -0.9593255
vn 0.4046693 0.0838866 -0.9106074
vn 0.1414508 0.2259661 -0.9638107
vn 0.5259801 0.3877365 -0.7569712
vn 0.6487062 0.3882702 -0.6545430
vn 0.6944389 -0.1077165 -0.7114435
vn 0.7779337 -0.1290423 -0.6149531
vn 0.2256897 -0.0174069 -0.9740437
vn 0.3485920 -0.0734095 -0.9343953
vn 0.8029401 -0.0323178 -0.5951830
vn 0.5479571 0.4790405 -0.6857574
vn -0.0674274 -0.0098823 -0.9976752
vn 0.4124501 0.2659202 -0.8713044
vn 0.3175599 0.1182909 -0.9408310
vn 0.3121728 0.0335969 -0.9494311
vn 0.6898231 -0.1178297 -0.7143250
vn 0.6862815 -0.1125850 -0.7185696
vn 0.2588547 0.5608518 -0.7864092
vn -0.1588439 0.2195715 -0.9625783
vn -0.0173578 0.8091058 -0.5874067
vn -0.1694931 0.0849328 -0.9818648
vn 0.1963127 0.4431341 -0.8746962
vn 0.5755878 -0.0616918 -0.8154096
vn 0.3287852 0.5022342 -0.7997882
vn 0.6177737 -0.0179221 -0.7861517
vn 0.2181862 0.3020699 -0.9279809
vn 0.7076564 0.0332278 -0.7057750
vn 0.8313568 0.4032888 -0.3823664
vn 0.7747344 0.0410155 -0.6309551
vn 0.6941164 0.3080500 -0.6506209
vn 0.8482016 0.0241004 -0.5291250
vn 0.9820930 -0.1202434 -0.1450340
vn 0.8001759 0.5284281 -0.2836941
vn 0.8545193 0.3638955 -0.3706438
vn 0.8317880 -0.0545445 -0.5524072
vn 0.8638256 0.2544252 -0.4348255
vn 0.9830568 -0.1602278 -0.0890303
vn 0.9847887 -0.1393195 -0.1038325
vn 0.6948776 0.0177491 -0.7189089
vn 0.5314580 0.3622228 -0.7657330
vn -0.6255460 0.7797419 0.0263585
vn 0.2131603 0.9704000 -0.1135192
vn -0.7142855 0.0751571 0.6958072
vn 0.3608822 0.4461117 0.8189923
vn -0.7921711 0.0665966 0.6066547
vn 0.5402502 0.1907256 0.8196057
vn -0.9330606 0.2612346 0.2472943
vn 0.6651530 0.5823459 0.4673807
vn -0.9554547 0.2891799 0.0590024
vn 0.6923135 0.6732712 0.2596304
vn -0.9540904 0.2813947 -0.1026087
vn 0.6991747 0.7112375 0.0727728
vn -0.9172485 0.3217275 -0.2348332
vn 0.6983207 0.7112734 -0.0802394
vn -0.8877737 0.2850304 -0.3614077
vn 0.6918411 0.6883946 -0.2178733
vn -0.8302353 0.2545099 -0.4959173
vn 0.6692269 0.6416760 -0.3746829
vn -0.7252423 0.2084070 -0.6561937
vn 0.6024650 0.5582234 -0.5704583
vn -0.4910510 -0.3685674 -0.7893206
vn -0.4267855 -0.4748389 -0.7696636
vn 0.5152927 -0.4292832 -0.7417475
vn -0.2199191 -0.6551124 -0.7228162
vn 0.6386843 -0.0484946 -0.7679393
vn -0.0679423 -0.7103113 -0.7006009
vn 0.6661449 -0.0963568 -0.7395717
vn -0.1734881 0.3292755 -0.9281592
vn 0.6678464 -0.0784538 -0.7401528
vn -0.1054605 0.1137899 -0.9878917
vn 0.8590629 0.0236276 -0.5113245
vn 0.3666081 0.4133205 -0.8335254
vn 0.6025120 -0.0797928 -0.7941110
vn 0.4500774 0.2508337 -0.8570372
vn 0.3997627 0.1306966 -0.9072531
vn 0.4695682 0.2068259 -0.8583291
vn 0.4225269 0.1749625 -0.8893026
vn 0.6813198 -0.0543842 -0.7299628
vn 0.5782804 -0.1839900 -0.7948204
vn 0.4951758 -0.1359225 -0.8580944
vn 0.6280546 -0.2077658 -0.7499205
vn 0.6073322 -0.1769698 -0.7744864
vn 0.5881448 -0.1410877 -0.7963541
vn 0.5926188 -0.1084022 -0.7981553
vn 0.3045442 -0.0175704 -0.9523361
vn 0.3033867 -0.0817853 -0.9493512
vn 0.4072647 -0.1045554 -0.9073057
vn 0.5512349 -0.1465084 -0.8213862
vn 0.4865298 -0.0996060 -0.8679674
vn 0.8400554 -0.1856275 -0.5097542
vn 0.8668860 -0.2176504 -0.4484829
vn 0.8733116 -0.2692182 -0.4060154
vn 0.9074959 -0.2548606 -0.3339120
vn 0.5877544 -0.1812097 -0.7884845
vn 0.6741359 -0.2127009 -0.7073183
vn 0.2746978 -0.1274735 -0.9530434
vn 0.5086086 -0.0689770 -0.8582304
vn 0.5926951 -0.1453888 -0.7921961
vn 0.6332953 -0.2415828 -0.7352379
vn 0.6740647 -0.3004286 -0.6748181
vn 0.7031777 -0.2918910 -0.6483369
vn 0.7102215 -0.2589881 -0.6546072
vn 0.7408291 -0.3408111 -0.5788092
vn 0.6893508 -0.3754751 -0.6195272
vn 0.4888967 -0.5036435 -0.7122662
vn 0.2689843 -0.5647787 -0.7801746
vn 0.7861818 -0.3233239 -0.5266687
vn 0.7793175 -0.3253056 -0.5355750
vn 0.7704653 -0.3238529 -0.5490924
vn 0.7381725 -0.2718533 -0.6174117
vn 0.7820113 -0.2952331 -0.5489042
vn 0.8456420 -0.0541514 -0.5309964
vn 0.9328741 -0.1821353 -0.3107613
vn 0.9379819 -0.2132897 -0.2733085
vn 0.8838905 -0.0168650 -0.4673898
vn 0.9608931 -0.0864250 -0.2630878
vn 0.9610405 -0.1233333 -0.2473662
vn 0.9247118 0.0149204 -0.3803754
vn 0.9661732 -0.0346593 -0.2555544
vn 0.9726508 -0.0624994 -0.2237057
vn 0.9333152 0.0292908 -0.3578615
vn 0.9645395 -0.0141514 -0.2635589
vn 0.9749800 -0.0356716 -0.2194118
vn 0.9342442 0.0391366 -0.3544800
vn 0.9621160 0.0245487 -0.2715329
vn 0.9710800 -0.0074110 -0.2386393
vn 0.5444146 0.2313433 -0.8062835
vn 0.7912022 0.0743458 -0.6070188
vn 0.1154474 0.3025133 -0.9461277
vn 0.2423657 0.2980232 -0.9232773
vn 0.9765932 0.0545676 -0.2080577
vn 0.4100121 0.2724943 -0.8704234
vn 0.6577569 0.1627800 -0.7354309
vn 0.9635661 0.0517004 -0.2624259
vn 0.9435733 0.0129279 -0.3309114
vn 0.8911284 0.0071006 -0.4536957
vn 0.9785414 -0.0543033 -0.1987658
vn 0.9785278 -0.0068119 -0.2060022
vn 0.9790185 -0.0884863 -0.1835565
vn 0.9617030 -0.1902692 -0.1972939
vn 0.9407350 -0.2458135 -0.2336521
vn 0.9162387 -0.2718434 -0.2942919
vn 0.7242310 -0.2655230 -0.6363859
vn 0.8820438 -0.3016954 -0.3619098
vn 0.1917841 0.3670465 -0.9102174
vn 0.6857269 -0.2306371 -0.6903515
vn 0.7556198 -0.2985443 -0.5830180
vn 0.6508670 -0.1850166 -0.7363022
vn 0.2635200 -0.4288281 -0.8640970
vn 0.5009715 -0.2761669 -0.8202191
vn 0.7445728 -0.3103341 -0.5910196
vn 0.7224285 -0.2856370 -0.6296893
vn 0.6789094 -0.2248034 -0.6989603
vn 0.3026562 0.3263708 -0.8954783
vn 0.2775679 -0.7335884 -0.6203258
vn 0.5041197 -0.6424137 -0.5772070
vn 0.6945336 -0.5258603 -0.4910132
vn 0.7556384 -0.4724444 -0.4536594
vn 0.7917481 -0.4115417 -0.4514071
vn 0.8106400 -0.3593713 -0.4622932
vn 0.8276496 -0.3462107 -0.4417400
vn 0.8305254 -0.3246820 -0.4525585
vn 0.7257237 0.2281660 -0.6490496
vn 0.8683207 0.1194229 -0.4814118
vn 0.5892433 0.2916623 -0.7534755
vn 0.4558711 0.3488909 -0.8188142
vn 0.9591351 -0.0547981 -0.2775915
vn 0.9339339 0.0047591 -0.3574141
vn 0.9894003 -0.0783593 -0.1222573
vn 0.9940285 0.0081984 -0.1088124
vn 0.9873626 0.0491527 -0.1506622
vn 0.9672787 -0.2148745 -0.1349108
vn 0.9772718 0.0185201 -0.2111797
vn 0.9120566 -0.3393170 -0.2302537
vn 0.9377604 -0.3253887 -0.1213574
vn 0.9484068 -0.2839144 -0.1411279
vn 0.1224303 0.4130155 -0.9024572
vn 0.2626273 0.3926941 -0.8813729
vn 0.9832616 -0.1428205 -0.1131320
vn 0.5749926 0.2931574 -0.7638339
vn 0.1731736 0.4316362 -0.8852689
vn 0.3439545 0.2388897 -0.9080898
vn 0.1745356 0.0391085 -0.9838739
vn 0.2730026 0.1646557 -0.9478175
vn 0.7084041 0.2104587 -0.6736993
vn 0.5486655 0.2029509 -0.8110346
vn 0.7694550 0.3026886 -0.5624221
vn 0.6783337 0.2991943 -0.6710784
vn 0.6989676 0.3866488 -0.6016202
vn 0.7183972 0.3636281 -0.5930262
vn 0.5417781 -0.0024839 -0.8405179
vn 0.6145809 0.0633930 -0.7863025
vn 0.7328996 0.0710984 -0.6766116
vn 0.8301124 0.0191736 -0.5572663
vn 0.8939021 0.0371651 -0.4467189
vn 0.9241512 0.0758453 -0.3744224
vn 0.9357338 0.0825493 -0.3429108
vn 0.2980365 0.0269738 -0.9541733
vn 0.0328389 -0.3566152 0.9336740
vn 0.0879135 -0.3292028 0.9401578
vn 0.2868391 -0.2721033 0.9185223
vn 0.5743397 -0.2333369 0.7846577
vn 0.8044165 -0.2008260 0.5590913
vn 0.9153964 -0.2058290 0.3459536
vn 0.9406904 -0.2354761 0.2442389
vn 0.9511596 -0.2464841 0.1858520
vn 0.9239873 -0.2996581 0.2375975
vn 0.9172177 -0.3250803 0.2302920
vn 0.9434182 -0.2923949 0.1564205
vn 0.9344849 -0.2026238 0.2927143
vn 0.8188527 -0.2055372 0.5359428
vn 0.5935885 -0.1929036 0.7813072
vn 0.2409233 -0.2529432 0.9370036
vn 0.0549466 -0.3173586 0.9467124
vn 0.0292149 -0.3526752 0.9352896
vn 0.9474925 -0.2495688 0.1999336
vn 0.6036463 -0.1751127 -0.7777832
vn 0.6390397 -0.2038116 -0.7416799
vn 0.6337553 -0.2035788 -0.7462640
vn 0.7343103 -0.2505181 -0.6308955
vn 0.8014942 -0.3018539 -0.5162280
vn 0.2510059 -0.8646488 -0.4351764
vn 0.4685088 -0.7499476 -0.4669884
vn 0.6782202 -0.6018362 -0.4216758
vn 0.7543470 -0.5252495 -0.3937938
vn 0.7922011 -0.4803547 -0.3763997
vn 0.8339353 -0.4056110 -0.3742080
vn 0.8437735 -0.3723978 -0.3864792
vn 0.8732510 -0.3287152 -0.3596929
vn 0.8604585 -0.3132464 -0.4018555
vn 0.8311422 -0.2861357 -0.4767903
vn 0.7803337 -0.2239183 -0.5839006
vn 0.1877755 0.3027609 -0.9343855
vn 0.6052892 -0.0583826 -0.7938617
vn 0.5323202 -0.0166486 -0.8463794
vn 0.1641623 0.3481326 -0.9229596
vn 0.3961877 0.3347906 -0.8549565
vn -0.1988633 0.1644294 -0.9661347
vn 0.1180073 0.4159123 -0.9017157
vn -0.1832590 -0.0436044 -0.9820971
vn -0.1815342 -0.1236246 -0.9755831
vn -0.1781373 -0.2826629 -0.9425332
vn -0.1689842 -0.3631081 -0.9162952
vn 0.2410730 -0.3191277 -0.9165377
vn -0.1207876 -0.5208580 -0.8450546
vn 0.2740793 -0.0586351 -0.9599180
vn -0.0360423 -0.5965245 -0.8017852
vn 0.4129230 0.0284066 -0.9103228
vn 0.1628241 0.0503221 -0.9853710
vn 0.4441328 -0.0114485 -0.8958878
vn 0.4123936 -0.0891164 -0.9066365
vn 0.7890841 -0.1778754 -0.5879682
vn 0.8212652 -0.1913293 -0.5375097
vn 0.8931026 -0.1295264 -0.4308023
vn 0.9438886 -0.0664948 -0.3235009
vn 0.9598565 -0.0142340 -0.2801300
vn 0.9550372 0.0064074 -0.2964167
vn 0.9478432 0.0323303 -0.3170930
vn 0.4435820 0.0890914 -0.8917947
vn 0.5838604 -0.1450585 -0.7987898
vn 0.4849173 -0.1254973 -0.8655089
vn 0.7190625 -0.1312578 -0.6824372
vn 0.4246028 0.4973546 -0.7565387
vn 0.4097359 -0.5003114 -0.7627614
vn 0.2047408 -0.8276304 -0.5225985
vn 0.4199106 -0.0761073 -0.9043687
vn 0.5388346 -0.3388842 -0.7712424
vn 0.6057387 0.3465848 -0.7162120
vn 0.5032654 0.1997163 -0.8407362
vn -0.0652988 0.2006445 -0.9774855
vn 0.1685011 0.3384793 -0.9257641
vn 0.3618829 0.3912411 -0.8461508
vn 0.4382947 0.3486860 -0.8284418
vn -0.5500752 -0.5086412 0.6623454
vn -0.5434401 -0.2721053 0.7941231
vn -0.5100143 -0.0970396 0.8546746
vn -0.4880352 -0.2185208 0.8450268
vn 0.5678541 0.1371338 -0.8116256
vn 0.4732418 -0.2831701 -0.8341804
vn 0.4620277 -0.2728477 -0.8438510
vn 0.5863782 0.4215931 -0.6916790
vn -0.3221396 -0.8646848 -0.3854171
vn -0.3535523 -0.9353556 -0.0105255
vn -0.4164078 -0.8562868 0.3055771
vn -0.4615421 -0.7306750 0.5030834
vn -0.4069100 -0.5146325 0.7547037
vn -0.1369324 -0.9508355 0.2777794
vn 0.4603341 -0.3229546 -0.8269177
vn 0.1752862 -0.9363385 -0.3042121
vn 0.4708552 0.2587334 -0.8434171
vn 0.5351057 0.4500508 -0.7149239
vn 0.0839384 -0.2070297 -0.9747272
vn -0.2187514 -0.6941070 -0.6858304
vn 0.8827189 0.3574036 0.3050738
vn 0.9930911 0.0052107 0.1172298
vn 0.1390988 0.8152324 0.5621811
vn 0.2904332 0.7822766 0.5510824
vn 0.9639421 -0.0905208 0.2502430
vn 0.5081170 0.1879989 0.8405198
vn 0.7490269 0.0785767 0.6578635
vn 0.9231392 -0.0631130 0.3792503
vn 0.9696897 -0.1534117 0.1901756
vn 0.8422595 0.0335269 0.5380286
vn 0.8785605 0.0212501 0.4771582
vn 0.9532966 -0.1275536 0.2737804
vn 0.1012951 0.2826447 0.9538613
vn 0.2736266 0.2554177 0.9273027
vn 0.8898316 -0.2075837 0.4063358
vn 0.8910029 -0.1862757 0.4140232
vn 0.9456091 -0.2390247 0.2206596
vn 0.7004685 -0.1389473 0.7000268
vn 0.8000148 -0.1512958 0.5805910
vn 0.8560695 -0.1778754 0.4852889
vn 0.5110262 -0.1192584 0.8512518
vn 0.9423791 -0.2124112 0.2584630
vn 0.1055447 -0.0473608 0.9932861
vn 0.3032992 -0.0720987 0.9501639
vn 0.9683177 -0.0667300 -0.2406406
vn 0.9981236 0.0127994 -0.0598781
vn 0.9932729 -0.0159501 -0.1146934
vn 0.9824458 -0.0548269 -0.1783095
vn 0.9784060 -0.0418994 -0.2024010
vn 0.9949575 -0.0716909 -0.0701428
vn 0.9898428 -0.0736598 -0.1215958
vn 0.9827386 -0.0788850 -0.1673383
vn 0.9884817 -0.0126723 -0.1508089
vn 0.9970862 -0.0527386 -0.0551162
vn 0.9907142 -0.0538537 -0.1248406
vn 0.9861225 -0.0510249 -0.1579836
vn 0.6436545 -0.6421224 0.4163985
vn 0.7382292 -0.4991435 0.4537327
vn 0.8362884 -0.3604534 0.4131527
vn 0.7927844 -0.4388949 0.4229233
vn 0.7967129 -0.4156653 0.4387151
vn 0.9952970 -0.0158802 -0.0955597
vn 0.9082160 -0.0677071 -0.4129885
vn -0.1139829 0.9643336 0.2388902
vn 0.8281668 -0.0951131 -0.5523525
vn 0.1227962 0.9576950 -0.2602719
vn -0.1552117 0.8025354 0.5760610
vn -0.1755812 0.3986333 0.9001459
vn -0.4178167 -0.0424818 0.9075376
vn -0.3417139 0.1231212 0.9317042
vn 0.9410367 -0.2568483 -0.2201792
vn 0.7722419 -0.0561615 -0.6328415
vn -0.1369887 0.5741014 0.8072432
vn -0.2416041 0.2728299 0.9312311
vn 0.9686430 -0.0431083 -0.2446882
vn 0.4534282 0.4786661 -0.7518522
vn 0.6858499 0.2531855 -0.6822807
vn 0.8666792 0.1045717 -0.4877827
vn 0.8497317 -0.4875473 0.2006330
vn 0.2213180 -0.5709873 0.7905643
vn -0.4503133 -0.1724712 0.8760546
vn -0.3724834 -0.4181669 0.8284881
vn -0.3649295 -0.5367850 0.7607156
vn 0.9738245 -0.0627822 -0.2184586
vn 0.7385575 0.0150670 -0.6740221
vn 0.8084783 0.4149587 -0.4173394
vn 0.9664378 -0.0236345 -0.2558113
vn 0.6850557 0.4013922 -0.6079334
vn 0.7967166 0.6031988 0.0373337
vn 0.9089719 0.1330923 0.3950399
vn 0.5208488 -0.3808668 0.7639745
vn 0.7172510 -0.2084121 0.6649176
vn 0.9678411 0.0683328 -0.2421036
vn 0.7983257 -0.1022799 -0.5934770
vn 0.8672058 0.3349870 0.3684262
vn 0.8326526 -0.0584059 0.5507072
vn 0.9249987 -0.0811571 -0.3712020
vn 0.4919958 0.3117451 -0.8128685
vn 0.6157212 0.1474448 -0.7740462
vn 0.7715428 -0.0206614 -0.6358418
vn 0.9889833 -0.0568236 -0.1366860
vn 0.9475094 -0.3195302 0.0112435
vn 0.5748335 -0.4739032 0.6670698
vn 0.7682301 -0.5255965 0.3654735
vn 0.8440011 -0.4922921 0.2128628
vn 0.9066720 -0.0209062 -0.4213179
vn 0.9917124 -0.0048605 -0.1283857
vn 0.7368384 -0.5398291 -0.4070058
vn 0.9931845 0.1101109 0.0382118
vn 0.6730932 -0.7207578 -0.1656918
vn 0.7492831 -0.3301786 -0.5740705
vn 0.8627600 -0.2755789 -0.4239121
vn 0.9182232 -0.3406210 -0.2020977
vn 0.9157870 -0.2730093 -0.2946186
vn 0.9557214 0.0658803 -0.2868038
vn 0.8944209 -0.0499045 0.4444331
vn 0.8812028 -0.2059590 -0.4255145
vn 0.7624703 -0.2254184 -0.6064863
vn 0.8975986 -0.1002066 -0.4292731
vn 0.8636634 -0.4786641 -0.1580073
vn 0.8868751 -0.2447031 -0.3918839
vn 0.8344296 -0.1187036 -0.5381790
vn 0.9591215 0.0361603 -0.2806749
vn 0.9489677 -0.1287529 -0.2878939
vn 0.9169940 -0.3728458 -0.1418026
vn 0.9409965 -0.2169572 -0.2597215
vn 0.9459484 -0.1938958 -0.2599731
vn 0.9223957 0.1446810 -0.3581250
vn 0.2382951 -0.0093643 0.9711476
vn 0.8940145 0.0397445 -0.4462717
vn 0.8211451 0.5438538 0.1730427
vn 0.7800475 -0.3376080 -0.5268270
vn 0.4940349 -0.4530787 -0.7420574
vn 0.7136071 -0.3295577 -0.6181881
vn 0.8486241 -0.2320847 -0.4753670
vn 0.9465983 -0.2288237 -0.2271372
vn 0.6615814 0.2866844 -0.6929084
vn 0.3618025 0.0494871 0.9309404
vn 0.5070932 -0.4163624 -0.7546514
vn 0.9350608 -0.2515608 -0.2497569
vn 0.9813571 -0.1921437 0.0043557
vn 0.9463853 -0.3202562 -0.0423192
vn 0.9616016 -0.2440408 0.1255646
vn 0.9637664 -0.1680406 0.2071636
vn 0.9266106 0.0116533 -0.3758418
vn 0.9183378 -0.1130208 -0.3793179
vn 0.9013447 -0.3696054 -0.2257645
vn 0.9165805 -0.0749567 -0.3927617
vn 0.9123841 -0.0475205 -0.4065674
vn 0.5817666 0.0620293 0.8109871
vn 0.7307317 -0.6675213 0.1429912
vn 0.6464257 0.0426316 -0.7617850
vn 0.8704899 -0.0019039 -0.4921827
vn 0.6697293 0.0341690 -0.7418188
vn 0.7584278 0.0598905 -0.6489996
vn 0.9084262 -0.0980318 -0.4063885
vn 0.8786608 -0.2826470 -0.3847932
vn 0.9018802 -0.3650341 -0.2310027
vn 0.6678422 0.4293260 -0.6080017
vn 0.9234141 -0.2963091 -0.2439413
vn 0.8916894 0.0108735 -0.4525171
vn 0.8618685 -0.2741708 -0.4266299
vn 0.8603306 -0.4757057 -0.1831265
vn 0.7933844 0.0078049 -0.6086709
vn 0.9548345 -0.2246960 -0.1944295
vn 0.9918352 -0.0776355 0.1011717
vn 0.4178600 0.6171524 -0.6667202
vn 0.4086209 0.5305748 -0.7426435
vn 0.8616998 -0.1239315 -0.4920512
vn 0.7284886 0.1553714 -0.6672062
vn 0.6667153 0.2432974 -0.7044836
vn 0.6441372 -0.7555885 0.1190518
vn 0.9081423 -0.1071986 -0.4047049
vn 0.4470208 0.1978509 -0.8723688
vn 0.5375417 0.0167334 -0.8430711
vn 0.9992950 0.0362553 -0.0097487
vn 0.5255886 -0.8507388 0.0002611
vn 0.3375087 0.3643047 -0.8679689
vn 0.4646990 0.2312497 -0.8547388
vn 0.5555802 -0.0125893 -0.8313677
vn 0.3040853 0.3895365 -0.8693638
vn 0.4852243 0.3251690 -0.8116788
vn 0.9653960 0.0629758 0.2530705
vn 0.9046139 -0.3903201 -0.1712423
vn 0.6520854 -0.3408804 -0.6771892
vn 0.6846067 -0.6692977 -0.2887115
vn 0.6490825 -0.3369241 -0.6820367
vn 0.6729946 -0.3191716 -0.6672389
vn 0.8354542 -0.2625397 -0.4827931
vn 0.7573674 0.0117353 -0.6528835
vn 0.5980739 -0.3358653 -0.7276689
vn 0.5350905 -0.2448901 -0.8085215
vn 0.6924130 -0.3080562 -0.6524306
vn 0.6566515 -0.2404243 -0.7148461
vn 0.0513947 -0.4593469 0.8867689
vn 0.1339506 -0.4054265 0.9042602
vn 0.3128738 -0.3177991 0.8950496
vn 0.8039878 0.3504289 -0.4804199
vn 0.6494281 0.4564460 -0.6081942
vn 0.5820644 -0.2752862 0.7651265
vn 0.9132641 0.2195283 -0.3431560
vn 0.9628204 0.0369557 -0.2676027
vn 0.8008491 -0.2077093 0.5616917
vn 0.4553782 0.5921927 -0.6647845
vn 0.1652519 0.6870909 -0.7075294
vn 0.9005574 -0.2054814 0.3831107
vn 0.9346408 -0.2806528 0.2183587
vn 0.9047888 -0.3461013 0.2481354
vn 0.2814877 0.6613339 -0.6952713
vn 0.9279644 -0.2344670 0.2896676
vn 0.9725770 -0.0725184 -0.2209864
vn 0.9795798 -0.0660432 -0.1898992
vn 0.9879267 -0.0308938 -0.1518107
vn 0.8105590 -0.3994144 0.4283249
vn 0.9373197 -0.0112685 -0.3482884
vn -0.4256331 -0.3122359 0.8493204
vn 0.8629331 -0.0740471 -0.4998635
vn 0.6381647 -0.5371936 0.5515151
vn 0.8285558 -0.1430234 -0.5413313
vn 0.9434390 -0.2621309 -0.2030031
vn 0.9955109 -0.0940829 -0.0103179
vn 0.8683063 -0.0890872 -0.4879627
vn 0.9935643 0.0275069 0.1098785
vn 0.7396202 0.0084610 -0.6729713
vn 0.6618206 -0.1484456 -0.7348179
vn 0.7558410 -0.1605034 -0.6347779
vn 0.6998676 -0.0700949 -0.7108250
vn 0.7768667 -0.6059347 -0.1712347
vn 0.7149249 -0.2255057 -0.6618380
vn 0.5737068 -0.4941643 0.6531939
vn 0.7042559 -0.2732540 0.6552525
vn 0.9321080 -0.2965602 -0.2079102
vn 0.9374773 -0.2732749 -0.2155390
vn 0.9736805 -0.2147842 -0.0762494
vn 0.9412843 -0.3300583 -0.0710312
vn 0.9996440 -0.0155627 -0.0216724
vn 0.9799650 0.0919414 -0.1766788
vn 0.9852363 -0.1630145 -0.0523043
vn 0.5654894 0.3625358 -0.7408033
vn 0.5748072 0.6223491 -0.5312987
vn 0.8476266 -0.4835026 0.2185278
vn 0.9866198 -0.0236190 0.1613179
vn 0.9326708 0.1772682 -0.3141674
vn 0.8924271 0.0881542 -0.4424960
vn 0.9295216 -0.2640116 -0.2574635
vn 0.9405171 -0.3283045 -0.0874288
vn 0.9506852 -0.2320103 -0.2058372
vn 0.8778281 -0.1411280 -0.4577124
vn 0.7266108 0.4719763 -0.4992746
vn 0.6611705 -0.2312777 -0.7136976
vn 0.9923235 -0.1084701 0.0593989
vn 0.9399209 -0.2731461 -0.2047925
vn 0.8412037 -0.3588010 -0.4045222
vn 0.1525279 -0.8663417 -0.4755916
vn 0.7621802 0.6451802 0.0531410
vn 0.9262304 0.3422392 0.1580177
vn 0.4506056 -0.5884547 -0.6713238
vn 0.9204558 -0.0602348 -0.3861772
vn 0.9969803 0.0360172 -0.0687968
vn 0.5282338 -0.7591113 -0.3804196
vn 0.7303918 -0.5272360 -0.4342235
vn 0.4038807 -0.8409594 -0.3600939
vn 0.7455530 -0.3579588 -0.5621532
vn 0.9579281 -0.2456801 0.1483748
vn 0.7075336 0.0478595 0.7050572
vn 0.8853704 0.3795686 -0.2684156
vn 0.4817980 -0.1140967 -0.8688225
vn 0.4008987 -0.4335391 -0.8070465
vn 0.3485388 -0.4710811 -0.8103106
vn 0.4330579 -0.5262542 -0.7317905
vn 0.1406596 -0.3866087 -0.9114541
vn 0.5207622 -0.6850746 -0.5093913
vn 0.4570789 -0.6881502 -0.5634963
vn 0.2576230 -0.2806681 -0.9245841
vn 0.3854348 -0.6615562 -0.6432600
vn 0.3037530 -0.9069086 -0.2919776
vn 0.5601291 0.0605646 -0.8261884
vn 0.5454016 0.0300975 -0.8376343
vn 0.3035549 0.0212256 -0.9525775
vn 0.8420832 0.5386770 -0.0268894
vn 0.9970307 0.0740251 0.0212163
vn 0.3059713 -0.5475035 -0.7788591
vn 0.4627840 -0.6506232 -0.6020967
vn 0.6292447 -0.6236469 -0.4638057
vn 0.5208087 -0.5645067 -0.6403830
vn 0.8304843 -0.0357384 -0.5558945
vn 0.9588292 -0.1590447 -0.2352685
vn 0.4810482 -0.4640815 -0.7437883
vn 0.4555662 -0.5453721 -0.7035828
vn 0.3457837 -0.4049923 -0.8464129
vn 0.1778388 -0.7611924 -0.6236662
vn 0.4271152 -0.6450011 -0.6336767
vn 0.2443296 -0.2555997 -0.9353993
vn 0.4177494 -0.5101939 -0.7517896
vn 0.5317609 -0.5923293 -0.6052903
vn 0.8594139 -0.0523383 -0.5085946
vn 0.5098071 0.2699439 -0.8168397
vn 0.5863452 -0.6561721 -0.4750131
vn 0.4633448 -0.4778482 -0.7463060
vn 0.5729071 -0.5969925 -0.5615848
vn 0.0935958 -0.8002384 -0.5923330
vn 0.7148913 -0.2539339 -0.6514967
vn 0.6152488 -0.6710736 0.4136775
vn 0.6221304 0.3338012 0.7081882
vn 0.4411751 0.0926043 -0.8926304
vn 0.8653417 0.1114692 -0.4886290
vn 0.9257486 -0.0108361 -0.3779842
vn 0.7120070 -0.1514451 -0.6856460
vn 0.5323585 -0.4587742 -0.7114216
vn 0.8894442 -0.1615034 -0.4275578
vn 0.8530580 -0.4316302 -0.2932360
vn 0.4336913 -0.7018390 -0.5650964
vn 0.6873241 -0.6111494 -0.3925327
vn 0.3098378 -0.7201382 -0.6208071
vn 0.6436953 -0.3596172 -0.6755234
vn 0.9499750 0.0411409 -0.3096044
vn 0.8199965 -0.0696378 -0.5681165
vn 0.8069790 -0.2154911 -0.5498622
vn 0.8221788 -0.4278961 0.3754024
vn 0.8857451 -0.0351092 -0.4628423
vn 0.5533177 -0.8253791 -0.1121999
vn 0.4575969 -0.0410623 0.8882111
vn 0.7210301 -0.4991236 -0.4806154
vn 0.6410278 0.7277610 0.2438181
vn 0.8560300 0.5168316 -0.0098905
vn 0.9763509 0.0060261 -0.2161076
vn 0.6376668 -0.6081027 -0.4728553
vn 0.9417339 -0.1497778 -0.3011709
vn 0.7948911 0.0938411 -0.5994515
vn 0.6600540 0.7504667 -0.0335914
vn 0.5722618 -0.4913594 -0.6565687
vn 0.9407240 0.3262645 -0.0926812
vn 0.8660018 -0.2992681 -0.4005990
vn 0.9696005 0.1844417 -0.1607987
vn 0.7493964 -0.5149682 -0.4161884
vn 0.8221450 0.5498847 0.1473241
vn 0.7127597 0.6708649 0.2047287
vn 0.7883733 -0.4419589 -0.4279484
vn 0.4525402 -0.6768208 -0.5806212
vn 0.6674993 -0.5035483 -0.5485287
vn 0.6166645 0.7738527 0.1444885
vn 0.8796425 0.3541704 -0.3174780
vn 0.4485015 -0.3699190 -0.8136377
vn 0.7103176 0.5468494 -0.4431756
vn 0.5643845 0.0241785 -0.8251579
vn 0.9149218 0.3842584 -0.1235456
vn 0.8194577 -0.3803587 -0.4287381
vn 0.5425623 -0.1591657 0.8247984
vn 0.9449893 -0.2910944 -0.1491956
vn 0.9480465 -0.1600141 -0.2749607
vn 0.9883487 -0.1359167 -0.0685087
vn 0.6622960 0.4866502 -0.5696803
vn 0.9681398 -0.1268719 0.2158910
vn 0.7823481 -0.0451783 -0.6212007
vn 0.9517732 -0.2800145 -0.1253784
vn 0.9087151 -0.4143934 0.0501488
vn 0.7393369 -0.2391153 -0.6294481
vn 0.2936593 -0.0228812 0.9556363
vn 0.9056156 -0.4236791 0.0188790
vn 0.9698867 -0.2419863 0.0276133
vn 0.6127955 0.0594087 0.7880052
vn 0.9594784 -0.1420098 -0.2433812
vn 0.8340311 0.1471770 -0.5317247
vn 0.9376656 -0.2829026 0.2018646
vn 0.9469720 0.2315795 -0.2227441
vn 0.9533048 -0.2617936 -0.1505791
vn 0.8955125 -0.2038662 -0.3955956
vn 0.7060751 0.4118681 -0.5760405
vn 0.8299479 0.0697847 -0.5534587
vn 0.9889177 -0.0619393 0.1349274
vn 0.8852054 -0.4563494 0.0903142
vn -0.3241209 0.0457615 0.9449082
vn -0.0880201 0.7826155 0.6162512
vn 0.1175243 0.9650705 0.2341514
vn -0.3100882 -0.1182738 0.9433221
vn 0.9882956 -0.0823732 -0.1283994
vn 0.9283669 -0.0971829 -0.3587344
vn -0.2253120 0.5765231 0.7854016
vn -0.2894985 0.3500643 0.8908679
vn 0.6826303 -0.2834189 -0.6735648
vn 0.3729962 -0.8869139 -0.2725023
vn -0.0491435 -0.4567438 0.8882398
vn -0.1722941 -0.3731733 0.9116230
vn 0.9917257 -0.0507816 -0.1179044
vn 0.9908662 -0.0244419 -0.1326151
vn -0.3200654 -0.4074019 0.8553256
vn 0.9615852 0.0369261 -0.2720119
vn 0.9813829 -0.0206167 -0.1909516
vn -0.3096057 0.2498458 0.9174538
vn 0.8132578 0.5327245 -0.2341291
vn 0.3008149 0.9536799 -0.0022529
vn -0.0971010 -0.9036308 0.4171603
vn -0.3181838 -0.2899399 0.9026040
vn 0.9847221 -0.0290860 -0.1716867
vn -0.3083569 -0.3471530 0.8856641
vn 0.5605540 -0.2069548 0.8018410
vn 0.7605923 0.4381536 0.4790832
vn 0.5483821 -0.3258723 0.7701197
vn 0.9926804 -0.0810318 -0.0895519
vn 0.5896360 0.1558658 0.7924867
vn 0.8259320 -0.4269505 -0.3681707
vn 0.1413027 -0.7064041 0.6935609
vn 0.9927096 -0.0200512 -0.1188510
vn 0.9876787 -0.0193157 -0.1552989
vn 0.9809734 0.1867029 -0.0532283
vn 0.6125083 -0.3835494 0.6911754
vn 0.9107912 0.3841655 0.1512488
vn 0.9779758 -0.1467236 -0.1484434
vn 0.6670042 0.3358056 0.6650865
vn 0.3137269 -0.9353042 -0.1636506
vn 0.4590155 -0.4525212 0.7645451
vn 0.9940728 -0.0330171 -0.1035816
vn 0.5776338 -0.4985855 0.6463371
vn 0.9854727 -0.0304723 -0.1670776
vn 0.5578378 -0.0372607 0.8291132
vn 0.9970708 0.0305602 -0.0701129
vn 0.1121395 -0.8072266 0.5794911
vn 0.9899757 -0.0269738 -0.1386384
vn 0.5959745 -0.4316207 0.6771395
vn 0.0891117 -0.9949945 0.0452224
vn -0.1205841 -0.9913549 0.0517196
vn -0.8802425 -0.4493659 -0.1524579
vn -0.7856630 -0.6094310 -0.1064307
vn -0.5903864 -0.8067661 -0.0239227
vn -0.3300683 -0.9429875 -0.0427724
vn -0.2097876 -0.9775153 -0.0212829
vn 0.2816975 -0.9531734 0.1100315
vn 0.4109947 -0.1450072 -0.9000312
vn 0.2602328 0.6060593 -0.7516455
vn 0.1259932 0.9111429 -0.3923575
vn 0.3834490 -0.6156755 -0.6884116
vn 0.4348744 -0.8088285 -0.3958292
vn 0.3664413 -0.2834100 -0.8862277
vn -0.3937784 0.9007064 -0.1834846
vn 0.1289674 0.9799664 -0.1517674
vn 0.1118246 0.9893277 -0.0934128
vn 0.5095033 -0.8336326 -0.2132209
vn 0.0237975 0.9893615 -0.1435183
vn 0.4408090 -0.8974780 0.0148540
vn -0.0716184 0.9838931 -0.1637841
vn -0.1847347 0.9621513 -0.2003448
vn -0.3167713 0.9166653 -0.2436815
vn -0.7574278 0.6489403 -0.0719688
vn -0.9077653 0.3880995 -0.1591882
vn -0.9782179 -0.0451858 -0.2026031
vn 0.1409104 0.9643326 -0.2240688
vn -0.5259343 0.8447922 -0.0985863
f 1397/4/1397 2/3/2 1/2/1 1398/1/1398
f 6/8/6 4/7/4 3/6/3 5/5/5
f 8/10/8 3/6/3 1398/1/1398 1399/9/1399
f 9/11/9 5/5/5 3/6/3 8/10/8
f 12/13/12 9/11/9 8/10/8 11/12/11
f 11/12/11 8/10/8 1399/9/1399 1400/14/1400
f 15/16/15 12/13/12 11/12/11 14/15/14
f 14/15/14 11/12/11 1400/14/1400 1401/17/1401
f 18/19/18 15/16/15 14/15/14 17/18/17
f 17/18/17 14/15/14 1401/17/1401 1402/20/1402
f 21/22/21 18/19/18 17/18/17 20/21/20
f 20/21/20 17/18/17 1402/20/1402 1403/23/1403
f 24/25/24 21/22/21 20/21/20 23/24/23
f 23/24/23 20/21/20 1403/23/1403 1404/26/1404
f 27/28/27 24/25/24 23/24/23 26/27/26
f 26/27/26 23/24/23 1404/26/1404 1405/29/1405
f 30/31/30 27/28/27 26/27/26 29/30/29
f 29/30/29 26/27/26 1405/29/1405 1406/32/1406
f 1476/34/1476 30/31/30 29/30/29 1477/33/1477
f 1477/33/1477 29/30/29 1406/32/1406 1527/35/1527
f 39/39/39 36/38/36 35/37/35 38/36/38
f 38/36/38 35/37/35 1408/41/1408 1409/40/1409
f 47/45/47 44/44/44 1411/43/1411 1412/42/1412
f 46/47/46 43/46/43 44/44/44 47/45/47
f 50/49/50 47/45/47 1412/42/1412 1413/48/1413
f 49/50/49 46/47/46 47/45/47 50/49/50
f 1479/52/1479 50/49/50 1413/48/1413 1528/51/1528
f 1481/53/1481 49/50/49 50/49/50 1479/52/1479
f 55/55/55 2/3/2 1397/4/1397 1415/54/1415
f 56/57/56 4/7/4 6/8/6 57/56/57
f 59/59/59 56/57/56 57/56/57 60/58/60
f 58/61/58 55/55/55 1415/54/1415 1416/60/1416
f 62/63/62 59/59/59 60/58/60 63/62/63
f 61/65/61 58/61/58 1416/60/1416 1417/64/1417
f 101/67/101 62/63/62 63/62/63 102/66/102
f 103/69/103 61/65/61 1417/64/1417 1422/68/1422
f 68/73/68 65/72/65 66/71/66 69/70/69
f 67/77/67 64/76/64 1418/75/1418 1419/74/1419
f 71/79/71 68/73/68 69/70/69 72/78/72
f 70/81/70 67/77/67 1419/74/1419 1420/80/1420
f 74/83/74 71/79/71 72/78/72 75/82/75
f 73/85/73 70/81/70 1420/80/1420 1421/84/1421
f 1440/87/1440 36/38/36 39/39/39 1435/86/1435
f 1439/89/1439 49/50/49 1481/53/1481 1530/88/1530
f 1437/90/1437 46/47/46 49/50/49 1439/89/1439
f 80/93/80 79/92/79 1436/91/1436 1437/90/1437
f 1433/95/1433 30/31/30 1476/34/1476 1529/94/1529
f 1431/96/1431 27/28/27 30/31/30 1433/95/1433
f 1430/97/1430 24/25/24 27/28/27 1431/96/1431
f 1429/98/1429 21/22/21 24/25/24 1430/97/1430
f 1428/99/1428 18/19/18 21/22/21 1429/98/1429
f 1427/100/1427 15/16/15 18/19/18 1428/99/1428
f 1426/102/1426 9/11/9 12/13/12 1448/101/1448
f 1447/104/1447 6/8/6 5/5/5 1446/103/1446
f 1445/105/1445 57/56/57 6/8/6 1447/104/1447
f 1446/103/1446 5/5/5 9/11/9 1426/102/1426
f 1425/107/1425 63/62/63 60/58/60 1424/106/1424
f 1424/106/1424 60/58/60 57/56/57 1445/105/1445
f 83/109/83 93/108/93 1448/101/1448 1427/100/1427
f 1444/111/1444 69/70/69 66/71/66 1443/110/1443
f 1442/112/1442 72/78/72 69/70/69 1444/111/1444
f 1423/113/1423 75/82/75 72/78/72 1442/112/1442
f 104/116/104 97/115/97 1443/110/1443 1441/114/1441
f 65/72/65 101/67/101 102/66/102 66/71/66
f 64/76/64 103/69/103 1422/68/1422 1418/75/1418
f 96/117/96 104/116/104 1441/114/1441 1425/107/1425
f 105/119/105 97/115/97 104/116/104 109/118/109
f 106/121/106 98/120/98 97/115/97 105/119/105
f 107/123/107 99/122/99 98/120/98 106/121/106
f 108/125/108 100/124/100 99/122/99 107/123/107
f 115/129/115 110/128/110 114/127/114 119/126/119
f 117/133/117 112/132/112 111/131/111 116/130/116
f 118/135/118 113/134/113 112/132/112 117/133/117
f 116/130/116 111/131/111 110/128/110 115/129/115
f 121/137/121 115/129/115 119/126/119 125/136/125
f 122/138/122 116/130/116 115/129/115 121/137/121
f 123/139/123 117/133/117 116/130/116 122/138/122
f 124/140/124 118/135/118 117/133/117 123/139/123
f 127/142/127 121/137/121 125/136/125 131/141/131
f 124/140/124 130/145/130 126/144/126 120/143/120
f 128/146/128 122/138/122 121/137/121 127/142/127
f 129/147/129 123/139/123 122/138/122 128/146/128
f 130/145/130 124/140/124 123/139/123 129/147/129
f 133/149/133 127/142/127 131/141/131 137/148/137
f 130/145/130 136/151/136 132/150/132 126/144/126
f 134/152/134 128/146/128 127/142/127 133/149/133
f 135/153/135 129/147/129 128/146/128 134/152/134
f 136/151/136 130/145/130 129/147/129 135/153/135
f 80/93/80 142/155/142 141/154/141 79/92/79
f 142/155/142 80/93/80 81/157/81 143/156/143
f 143/156/143 81/157/81 1482/159/1482 1484/158/1484
f 138/163/138 76/162/76 77/161/77 139/160/139
f 147/167/147 85/166/85 86/165/86 148/164/148
f 149/171/149 87/170/87 88/169/88 150/168/150
f 146/173/146 84/172/84 85/166/85 147/167/147
f 148/164/148 86/165/86 87/170/87 149/171/149
f 145/174/145 83/109/83 84/172/84 146/173/146
f 154/177/154 92/176/92 93/108/93 155/175/155
f 157/181/157 95/180/95 94/179/94 156/178/156
f 152/183/152 90/182/90 92/176/92 154/177/154
f 156/178/156 94/179/94 91/185/91 153/184/153
f 158/186/158 96/117/96 95/180/95 157/181/157
f 153/184/153 91/185/91 90/182/90 152/183/152
f 104/116/104 96/117/96 158/186/158 109/118/109
f 145/174/145 155/175/155 93/108/93 83/109/83
f 166/188/166 167/187/167 119/126/119 114/127/114
f 167/187/167 168/189/168 125/136/125 119/126/119
f 168/189/168 169/190/169 131/141/131 125/136/125
f 169/190/169 170/191/170 137/148/137 131/141/131
f 182/195/182 176/194/176 175/193/175 181/192/181
f 181/192/181 175/193/175 172/197/172 178/196/178
f 177/201/177 171/200/171 173/199/173 179/198/179
f 179/198/179 173/199/173 174/203/174 180/202/180
f 178/196/178 172/197/172 171/200/171 177/201/177
f 176/194/176 182/195/182 167/187/167 166/188/166
f 194/207/194 186/206/186 187/205/187 195/204/195
f 189/209/189 159/208/159 186/206/186 194/207/194
f 195/204/195 187/205/187 188/211/188 196/210/196
f 190/213/190 160/212/160 159/208/159 189/209/189
f 191/215/191 161/214/161 160/212/160 190/213/190
f 161/214/161 191/215/191 180/202/180 174/203/174
f 207/217/207 179/198/179 180/202/180 208/216/208
f 191/215/191 213/218/213 208/216/208 180/202/180
f 209/220/209 181/192/181 178/196/178 206/219/206
f 210/221/210 182/195/182 181/192/181 209/220/209
f 216/223/216 194/207/194 195/204/195 217/222/217
f 211/224/211 189/209/189 194/207/194 216/223/216
f 217/222/217 195/204/195 196/210/196 218/225/218
f 212/226/212 190/213/190 189/209/189 211/224/211
f 206/219/206 178/196/178 177/201/177 205/227/205
f 218/225/218 196/210/196 1487/229/1487 1489/228/1489
f 213/218/213 191/215/191 190/213/190 212/226/212
f 205/227/205 177/201/177 179/198/179 207/217/207
f 182/195/182 210/221/210 168/189/168 167/187/167
f 210/221/210 222/230/222 169/190/169 168/189/168
f 222/230/222 221/231/221 170/191/170 169/190/169
f 225/233/225 207/217/207 208/216/208 226/232/226
f 223/234/223 205/227/205 207/217/207 225/233/225
f 224/235/224 206/219/206 205/227/205 223/234/223
f 228/237/228 221/231/221 222/230/222 229/236/229
f 236/239/236 229/236/229 209/220/209 234/238/234
f 231/241/231 224/235/224 223/234/223 230/240/230
f 229/236/229 222/230/222 210/221/210 209/220/209
f 232/243/232 225/233/225 226/232/226 233/242/233
f 235/244/235 228/237/228 229/236/229 236/239/236
f 230/240/230 223/234/223 225/233/225 232/243/232
f 239/246/239 236/239/236 234/238/234 237/245/237
f 238/247/238 235/244/235 236/239/236 239/246/239
f 1629/251/1629 242/250/242 243/249/243 1630/248/1630
f 1631/253/1631 240/252/240 242/250/242 1629/251/1629
f 1632/255/1632 241/254/241 240/252/240 1631/253/1631
f 258/257/258 217/222/217 218/225/218 259/256/259
f 254/259/254 211/224/211 216/223/216 257/258/257
f 257/258/257 216/223/216 217/222/217 258/257/258
f 256/261/256 213/218/213 212/226/212 255/260/255
f 259/256/259 218/225/218 1489/228/1489 1491/262/1491
f 255/260/255 212/226/212 211/224/211 254/259/254
f 263/264/263 256/261/256 255/260/255 262/263/262
f 262/263/262 255/260/255 254/259/254 261/265/261
f 261/265/261 254/259/254 257/258/257 264/266/264
f 208/216/208 213/218/213 256/261/256 226/232/226
f 256/261/256 263/264/263 233/242/233 226/232/226
f 1634/270/1634 267/269/267 266/268/266 1633/267/1633
f 1634/270/1634 273/272/273 250/271/250 1630/248/1630
f 1600/274/1600 267/269/267 243/249/243 1591/273/1591
f 854/277/854 272/276/272 1633/267/1633 1639/275/1639
f 861/281/861 951/280/951 952/279/952 863/278/863
f 294/285/294 882/284/882 1534/283/1534 295/282/295
f 282/289/282 280/288/280 279/287/279 281/286/281
f 1493/291/1493 282/289/282 281/286/281 1494/290/1494
f 280/288/280 282/289/282 203/293/203 199/292/199
f 1488/294/1488 203/293/203 282/289/282 1493/291/1493
f 291/297/291 882/284/882 1470/296/1470 290/295/290
f 291/297/291 201/300/201 202/299/202 292/298/292
f 291/297/291 290/295/290 200/301/200 201/300/201
f 882/284/882 294/285/294 293/302/293 1470/296/1470
f 882/284/882 291/297/291 292/298/292 1534/283/1534
f 284/306/284 1469/305/1469 204/304/204 198/303/198
f 290/295/290 280/288/280 199/292/199 200/301/200
f 276/310/276 300/309/300 299/308/299 275/307/275
f 320/314/320 319/313/319 338/312/338 337/311/337
f 302/318/302 307/317/307 306/316/306 301/315/301
f 300/309/300 305/320/305 304/319/304 299/308/299
f 307/317/307 302/318/302 303/322/303 308/321/308
f 307/317/307 312/324/312 311/323/311 306/316/306
f 305/320/305 310/326/310 309/325/309 304/319/304
f 312/324/312 307/317/307 308/321/308 313/327/313
f 312/324/312 317/329/317 316/328/316 311/323/311
f 310/326/310 315/331/315 314/330/314 309/325/309
f 317/329/317 312/324/312 313/327/313 318/332/318
f 286/336/286 360/335/360 361/334/361 334/333/334
f 321/339/321 335/338/335 334/333/334 287/337/287
f 365/342/365 275/307/275 328/341/328 366/340/366
f 324/346/324 323/345/323 322/344/322 325/343/325
f 327/348/327 324/346/324 325/343/325 326/347/326
f 329/349/329 328/341/328 275/307/275 299/308/299
f 330/350/330 329/349/329 299/308/299 304/319/304
f 331/351/331 330/350/330 304/319/304 309/325/309
f 332/352/332 331/351/331 309/325/309 314/330/314
f 333/353/333 332/352/332 314/330/314 286/336/286
f 335/338/335 333/353/333 286/336/286 334/333/334
f 327/348/327 326/347/326 321/339/321 287/337/287
f 320/314/320 324/346/324 327/348/327 319/313/319
f 288/354/288 323/345/323 324/346/324 320/314/320
f 298/358/298 297/357/297 1452/356/1452 1454/355/1454
f 323/345/323 288/354/288 368/359/368 365/342/365
f 339/361/339 281/286/281 279/287/279 278/360/278
f 1496/364/1496 340/363/340 283/362/283 1494/290/1494
f 340/363/340 341/366/341 285/365/285 283/362/283
f 319/313/319 327/348/327 287/337/287 359/367/359
f 1468/371/1468 1548/370/1548 1547/369/1547 1467/368/1467
f 317/329/317 343/373/343 342/372/342 316/328/316
f 343/373/343 317/329/317 318/332/318 344/374/344
f 326/347/326 348/376/348 345/375/345 321/339/321
f 355/377/355 335/338/335 321/339/321 345/375/345
f 332/352/332 353/379/353 352/378/352 331/351/331
f 329/349/329 350/381/350 349/380/349 328/341/328
f 348/376/348 326/347/326 325/343/325 347/382/347
f 330/350/330 351/383/351 350/381/350 329/349/329
f 328/341/328 349/380/349 367/384/367 366/340/366
f 333/353/333 354/385/354 353/379/353 332/352/332
f 347/382/347 325/343/325 322/344/322 346/386/346
f 354/385/354 333/353/333 335/338/335 355/377/355
f 331/351/331 352/378/352 351/383/351 330/350/330
f 1471/388/1471 343/373/343 344/374/344 1472/387/1472
f 364/392/364 369/391/369 379/390/379 378/389/378
f 407/396/407 371/395/371 372/394/372 406/393/406
f 314/330/314 315/331/315 360/335/360 286/336/286
f 359/367/359 287/337/287 334/333/334 361/334/361
f 323/345/323 365/342/365 366/340/366 322/344/322
f 365/342/365 368/359/368 276/310/276 275/307/275
f 366/340/366 367/384/367 346/386/346 322/344/322
f 406/393/406 372/394/372 374/398/374 405/397/405
f 455/402/455 358/401/358 363/400/363 456/399/456
f 1743/404/1743 1471/388/1471 1472/387/1472 1742/403/1742
f 354/385/354 391/406/391 390/405/390 353/379/353
f 385/408/385 348/376/348 347/382/347 384/407/384
f 391/406/391 354/385/354 355/377/355 392/409/392
f 348/376/348 385/408/385 382/410/382 345/375/345
f 350/381/350 387/412/387 386/411/386 349/380/349
f 351/383/351 388/413/388 387/412/387 350/381/350
f 392/409/392 355/377/355 345/375/345 382/410/382
f 383/415/383 346/386/346 367/384/367 393/414/393
f 352/378/352 389/416/389 388/413/388 351/383/351
f 349/380/349 386/411/386 393/414/393 367/384/367
f 353/379/353 390/405/390 389/416/389 352/378/352
f 384/407/384 347/382/347 346/386/346 383/415/383
f 394/418/394 383/415/383 393/414/393 396/417/396
f 395/419/395 384/407/384 383/415/383 394/418/394
f 397/421/397 394/418/394 396/417/396 399/420/399
f 398/422/398 395/419/395 394/418/394 397/421/397
f 393/414/393 386/411/386 387/412/387 396/417/396
f 395/419/395 382/410/382 385/408/385 384/407/384
f 395/419/395 398/422/398 392/409/392 382/410/382
f 390/405/390 391/406/391 392/409/392 398/422/398
f 389/416/389 390/405/390 398/422/398 397/421/397
f 388/413/388 389/416/389 397/421/397 399/420/399
f 387/412/387 388/413/388 399/420/399 396/417/396
f 372/394/372 401/424/401 400/423/400 374/398/374
f 371/395/371 402/425/402 401/424/401 372/394/372
f 409/427/409 408/426/408 369/391/369 364/392/364
f 1474/429/1474 1471/388/1471 1743/404/1743 1744/428/1744
f 412/432/412 414/431/414 413/430/413 409/427/409
f 414/431/414 416/434/416 415/433/415 413/430/413
f 498/438/498 418/437/418 417/436/417 499/435/499
f 418/437/418 420/440/420 419/439/419 417/436/417
f 420/440/420 422/442/422 421/441/421 419/439/419
f 427/446/427 424/445/424 423/444/423 426/443/426
f 502/448/502 427/446/427 426/443/426 501/447/501
f 433/452/433 430/451/430 429/450/429 432/449/432
f 436/454/436 433/452/433 432/449/432 435/453/435
f 441/458/441 442/457/442 443/456/443 440/455/440
f 438/462/438 445/461/445 446/460/446 447/459/447
f 408/426/408 409/427/409 413/430/413 425/463/425
f 428/464/428 425/463/425 413/430/413 415/433/415
f 500/465/500 428/464/428 415/433/415 499/435/499
f 434/467/434 431/466/431 417/436/417 419/439/419
f 437/468/437 434/467/434 419/439/419 421/441/421
f 403/472/403 404/471/404 362/470/362 370/469/370
f 440/455/440 443/456/443 504/474/504 503/473/503
f 439/476/439 444/475/444 445/461/445 438/462/438
f 442/457/442 441/458/441 406/393/406 405/397/405
f 451/480/451 457/479/457 356/478/356 357/477/357
f 1752/484/1752 449/483/449 448/482/448 1751/481/1751
f 1753/488/1753 450/487/450 505/486/505 1761/485/1761
f 1746/492/1746 1473/491/1473 1538/490/1538 1745/489/1745
f 1754/496/1754 411/495/411 1740/494/1740 1764/493/1764
f 460/500/460 454/499/454 506/498/506 507/497/507
f 459/504/459 453/503/453 452/502/452 458/501/458
f 463/506/463 460/500/460 507/497/507 508/505/508
f 462/508/462 459/504/459 458/501/458 461/507/461
f 466/510/466 463/506/463 508/505/508 509/509/509
f 465/512/465 462/508/462 461/507/461 464/511/464
f 469/514/469 466/510/466 509/509/509 510/513/510
f 468/516/468 465/512/465 464/511/464 467/515/467
f 1753/488/1753 454/499/454 471/518/471 1762/517/1762
f 472/519/472 471/518/471 454/499/454 460/500/460
f 473/520/473 472/519/472 460/500/460 463/506/463
f 474/521/474 473/520/473 463/506/463 466/510/466
f 475/522/475 474/521/474 466/510/466 469/514/469
f 1751/481/1751 448/482/448 411/495/411 1754/496/1754
f 410/523/410 457/479/457 458/501/458 452/502/452
f 461/507/461 458/501/458 457/479/457 451/480/451
f 451/480/451 455/402/455 464/511/464 461/507/461
f 467/515/467 464/511/464 455/402/455 456/399/456
f 479/525/479 441/458/441 440/455/440 478/524/478
f 477/527/477 439/476/439 438/462/438 476/526/476
f 478/524/478 440/455/440 503/473/503 511/528/511
f 441/458/441 479/525/479 407/396/407 406/393/406
f 407/396/407 479/525/479 485/530/485 481/529/481
f 484/531/484 485/530/485 479/525/479 478/524/478
f 512/532/512 484/531/484 478/524/478 511/528/511
f 511/528/511 477/527/477 483/533/483 512/532/512
f 482/534/482 483/533/483 477/527/477 476/526/476
f 490/536/490 484/531/484 512/532/512 513/535/513
f 491/537/491 485/530/485 484/531/484 490/536/490
f 486/541/486 480/540/480 1735/539/1735 1736/538/1736
f 485/530/485 491/537/491 487/542/487 481/529/481
f 489/544/489 483/533/483 482/534/482 488/543/488
f 416/434/416 498/438/498 499/435/499 415/433/415
f 430/451/430 502/448/502 501/447/501 429/450/429
f 431/466/431 500/465/500 499/435/499 417/436/417
f 503/473/503 504/474/504 444/475/444 439/476/439
f 1761/485/1761 505/486/505 449/483/449 1752/484/1752
f 507/497/507 506/498/506 453/503/453 459/504/459
f 508/505/508 507/497/507 459/504/459 462/508/462
f 509/509/509 508/505/508 462/508/462 465/512/465
f 510/513/510 509/509/509 465/512/465 468/516/468
f 511/528/511 503/473/503 439/476/439 477/527/477
f 476/526/476 520/546/520 519/545/519 482/534/482
f 513/535/513 512/532/512 483/533/483 489/544/489
f 518/547/518 488/543/488 482/534/482 519/545/519
f 472/519/472 515/549/515 516/548/516 471/518/471
f 473/520/473 523/550/523 515/549/515 472/519/472
f 471/518/471 516/548/516 1760/551/1760 1762/517/1762
f 520/546/520 537/553/537 536/552/536 519/545/519
f 520/546/520 476/526/476 438/462/438 447/459/447
f 475/522/475 521/555/521 522/554/522 474/521/474
f 474/521/474 522/554/522 523/550/523 473/520/473
f 528/557/528 436/454/436 435/453/435 527/556/527
f 521/555/521 538/559/538 539/558/539 522/554/522
f 529/561/529 437/468/437 421/441/421 525/560/525
f 515/549/515 532/563/532 533/562/533 516/548/516
f 531/565/531 447/459/447 446/460/446 530/564/530
f 537/569/537 554/568/554 553/567/553 536/566/536
f 522/554/522 539/558/539 540/570/540 523/550/523
f 535/571/535 518/547/518 519/545/519 536/552/536
f 523/550/523 540/570/540 532/563/532 515/549/515
f 537/553/537 520/546/520 447/459/447 531/565/531
f 516/548/516 533/562/533 1759/572/1759 1760/551/1760
f 422/442/422 526/573/526 525/560/525 421/441/421
f 538/577/538 555/576/555 556/575/556 539/574/539
f 540/581/540 557/580/557 549/579/549 532/578/532
f 539/574/539 556/575/556 557/580/557 540/581/540
f 552/583/552 535/582/535 536/566/536 553/567/553
f 533/587/533 550/586/550 1750/585/1750 1759/584/1759
f 548/591/548 531/590/531 530/589/530 547/588/547
f 546/595/546 529/594/529 525/593/525 542/592/542
f 526/597/526 543/596/543 542/592/542 525/593/525
f 532/578/532 549/579/549 550/586/550 533/587/533
f 570/599/570 553/567/553 554/568/554 571/598/571
f 554/568/554 537/569/537 531/590/531 548/591/548
f 545/603/545 528/602/528 527/601/527 544/600/544
f 571/598/571 554/568/554 548/591/548 565/604/565
f 562/606/562 545/603/545 544/600/544 561/605/561
f 555/576/555 572/608/572 573/607/573 556/575/556
f 557/580/557 574/610/574 566/609/566 549/579/549
f 556/575/556 573/607/573 574/610/574 557/580/557
f 569/611/569 552/583/552 553/567/553 570/599/570
f 550/586/550 567/613/567 1749/612/1749 1750/585/1750
f 565/604/565 548/591/548 547/588/547 564/614/564
f 563/616/563 546/595/546 542/592/542 559/615/559
f 543/596/543 560/617/560 559/615/559 542/592/542
f 549/579/549 566/609/566 567/613/567 550/586/550
f 571/598/571 588/619/588 587/618/587 570/599/570
f 604/621/604 587/618/587 588/619/588 605/620/605
f 588/619/588 571/598/571 565/604/565 582/622/582
f 579/624/579 562/606/562 561/605/561 578/623/578
f 572/608/572 589/626/589 590/625/590 573/607/573
f 574/610/574 591/628/591 583/627/583 566/609/566
f 573/607/573 590/625/590 591/628/591 574/610/574
f 586/629/586 569/611/569 570/599/570 587/618/587
f 567/613/567 584/631/584 1748/630/1748 1749/612/1749
f 582/622/582 565/604/565 564/614/564 581/632/581
f 580/634/580 563/616/563 559/615/559 576/633/576
f 560/617/560 577/635/577 576/633/576 559/615/559
f 688/639/688 694/638/694 677/637/677 671/636/671
f 566/609/566 583/627/583 584/631/584 567/613/567
f 597/641/597 580/634/580 576/633/576 593/640/593
f 577/635/577 594/642/594 593/640/593 576/633/576
f 671/636/671 677/637/677 660/644/660 654/643/654
f 583/627/583 600/646/600 601/645/601 584/631/584
f 605/620/605 622/648/622 621/647/621 604/621/604
f 605/620/605 588/619/588 582/622/582 599/649/599
f 643/651/643 637/650/637 654/643/654 660/644/660
f 596/653/596 579/624/579 578/623/578 595/652/595
f 589/626/589 606/655/606 607/654/607 590/625/590
f 626/657/626 620/656/620 637/650/637 643/651/643
f 591/628/591 608/658/608 600/646/600 583/627/583
f 590/625/590 607/654/607 608/658/608 591/628/591
f 603/659/603 586/629/586 587/618/587 604/621/604
f 584/631/584 601/645/601 1747/660/1747 1748/630/1748
f 599/649/599 582/622/582 581/632/581 598/661/598
f 606/655/606 623/663/623 624/662/624 607/654/607
f 626/657/626 609/664/609 603/659/603 620/656/620
f 608/658/608 625/666/625 617/665/617 600/646/600
f 607/654/607 624/662/624 625/666/625 608/658/608
f 620/656/620 603/659/603 604/621/604 621/647/621
f 601/645/601 618/668/618 1758/667/1758 1747/660/1747
f 616/670/616 599/649/599 598/661/598 615/669/615
f 614/672/614 597/641/597 593/640/593 610/671/610
f 594/642/594 611/673/611 610/671/610 593/640/593
f 586/629/586 603/659/603 609/664/609 592/674/592
f 600/646/600 617/665/617 618/668/618 601/645/601
f 638/676/638 621/647/621 622/648/622 639/675/639
f 622/648/622 605/620/605 599/649/599 616/670/616
f 592/674/592 575/677/575 569/611/569 586/629/586
f 613/679/613 596/653/596 595/652/595 612/678/612
f 639/675/639 622/648/622 616/670/616 633/680/633
f 575/677/575 558/681/558 552/583/552 569/611/569
f 630/683/630 613/679/613 612/678/612 629/682/629
f 623/663/623 640/685/640 641/684/641 624/662/624
f 558/681/558 541/686/541 535/582/535 552/583/552
f 625/666/625 642/688/642 634/687/634 617/665/617
f 624/662/624 641/684/641 642/688/642 625/666/625
f 637/650/637 620/656/620 621/647/621 638/676/638
f 618/668/618 635/690/635 1757/689/1757 1758/667/1758
f 633/680/633 616/670/616 615/669/615 632/691/632
f 631/693/631 614/672/614 610/671/610 627/692/627
f 611/673/611 628/694/628 627/692/627 610/671/610
f 541/696/541 524/695/524 518/547/518 535/571/535
f 617/665/617 634/687/634 635/690/635 618/668/618
f 656/698/656 655/697/655 638/676/638 639/675/639
f 655/697/655 656/698/656 673/700/673 672/699/672
f 656/698/656 639/675/639 633/680/633 650/701/650
f 524/695/524 494/702/494 488/543/488 518/547/518
f 647/704/647 630/683/630 629/682/629 646/703/646
f 640/685/640 657/706/657 658/705/658 641/684/641
f 494/702/494 495/707/495 489/544/489 488/543/488
f 642/688/642 659/709/659 651/708/651 634/687/634
f 641/684/641 658/705/658 659/709/659 642/688/642
f 654/643/654 637/650/637 638/676/638 655/697/655
f 635/690/635 652/711/652 1756/710/1756 1757/689/1757
f 650/701/650 633/680/633 632/691/632 649/712/649
f 648/714/648 631/693/631 627/692/627 644/713/644
f 628/694/628 645/715/645 644/713/644 627/692/627
f 513/535/513 489/544/489 495/707/495 514/716/514
f 634/687/634 651/708/651 652/711/652 635/690/635
f 657/706/657 674/718/674 675/717/675 658/705/658
f 514/716/514 496/719/496 490/536/490 513/535/513
f 659/709/659 676/721/676 668/720/668 651/708/651
f 658/705/658 675/717/675 676/721/676 659/709/659
f 671/636/671 654/643/654 655/697/655 672/699/672
f 652/711/652 669/723/669 1755/722/1755 1756/710/1756
f 667/725/667 650/701/650 649/712/649 666/724/666
f 665/727/665 648/714/648 644/713/644 661/726/661
f 645/715/645 662/728/662 661/726/661 644/713/644
f 496/719/496 497/729/497 491/537/491 490/536/490
f 651/708/651 668/720/668 669/723/669 652/711/652
f 672/699/672 673/700/673 690/731/690 689/730/689
f 673/700/673 656/698/656 650/701/650 667/725/667
f 487/542/487 491/537/491 497/729/497 493/732/493
f 664/734/664 647/704/647 646/703/646 663/733/663
f 682/736/682 665/727/665 661/726/661 678/735/678
f 662/728/662 679/737/679 678/735/678 661/726/661
f 668/720/668 685/739/685 686/738/686 669/723/669
f 690/731/690 673/700/673 667/725/667 684/740/684
f 681/742/681 664/734/664 663/733/663 680/741/680
f 674/718/674 691/744/691 692/743/692 675/717/675
f 676/721/676 693/745/693 685/739/685 668/720/668
f 675/717/675 692/743/692 693/745/693 676/721/676
f 688/639/688 671/636/671 672/699/672 689/730/689
f 669/723/669 686/738/686 1766/746/1766 1755/722/1755
f 684/740/684 667/725/667 666/724/666 683/747/683
f 701/749/701 684/740/684 683/747/683 700/748/700
f 689/730/689 690/731/690 707/751/707 706/750/706
f 705/753/705 711/752/711 694/638/694 688/639/688
f 699/755/699 682/736/682 678/735/678 695/754/695
f 679/737/679 696/756/696 695/754/695 678/735/678
f 704/758/704 696/756/696 679/737/679 687/757/687
f 707/751/707 690/731/690 684/740/684 701/749/701
f 698/760/698 681/742/681 680/741/680 697/759/697
f 691/744/691 708/762/708 709/761/709 692/743/692
f 693/745/693 710/764/710 702/763/702 685/739/685
f 692/743/692 709/761/709 710/764/710 693/745/693
f 706/750/706 705/753/705 688/639/688 689/730/689
f 686/738/686 703/766/703 1765/765/1765 1766/746/1766
f 686/738/686 685/739/685 702/763/702 703/766/703
f 695/754/695 696/756/696 704/758/704 1765/765/1765
f 699/768/699 695/767/695 701/749/701 700/748/700
f 1645/770/1645 251/769/251 241/254/241 1632/255/1632
f 723/772/723 480/540/480 486/541/486 724/771/724
f 380/776/380 381/775/381 726/774/726 713/773/713
f 401/424/401 731/778/731 730/777/730 400/423/400
f 423/444/423 424/445/424 404/471/404 403/472/403
f 401/424/401 402/425/402 722/779/722 731/778/731
f 745/783/745 747/782/747 728/781/728 727/780/727
f 741/787/741 877/786/877 876/785/876 742/784/742
f 751/791/751 749/790/749 746/789/746 750/788/750
f 753/793/753 751/791/751 750/788/750 752/792/752
f 755/795/755 753/793/753 752/792/752 754/794/754
f 757/797/757 755/795/755 754/794/754 756/796/756
f 759/799/759 757/797/757 756/796/756 758/798/758
f 763/803/763 761/802/761 760/801/760 762/800/762
f 765/805/765 763/803/763 762/800/762 764/804/764
f 767/807/767 765/805/765 764/804/764 766/806/766
f 769/809/769 767/807/767 766/806/766 768/808/768
f 771/811/771 769/809/769 768/808/768 770/810/770
f 740/813/740 878/812/878 877/786/877 741/787/741
f 970/817/970 777/816/777 778/815/778 971/814/971
f 777/821/777 781/820/781 782/819/782 778/818/778
f 781/820/781 785/823/785 786/822/786 782/819/782
f 785/823/785 789/825/789 791/824/791 786/822/786
f 790/829/790 800/828/800 799/827/799 795/826/795
f 789/825/789 794/831/794 796/830/796 791/824/791
f 799/827/799 800/828/800 791/824/791 796/830/796
f 793/834/793 788/833/788 1018/832/1018 790/829/790
f 774/837/774 775/836/775 770/810/770 768/808/768
f 773/838/773 774/837/774 768/808/768 766/806/766
f 783/840/783 787/839/787 785/823/785 781/820/781
f 742/784/742 876/785/876 875/842/875 743/841/743
f 249/843/249 1629/251/1629 1630/248/1630 250/271/250
f 761/802/761 763/803/763 750/788/750 746/789/746
f 763/803/763 765/805/765 752/792/752 750/788/750
f 765/805/765 767/807/767 754/794/754 752/792/752
f 767/807/767 769/809/769 756/796/756 754/794/754
f 769/809/769 771/811/771 758/798/758 756/796/756
f 753/793/753 802/845/802 801/844/801 751/791/751
f 759/799/759 805/846/805 804/847/804 757/797/757
f 757/797/757 804/847/804 803/848/803 755/795/755
f 755/795/755 803/848/803 802/845/802 753/793/753
f 802/852/802 807/851/807 806/850/806 801/849/801
f 803/856/803 808/855/808 807/851/807 802/852/802
f 804/847/804 809/858/809 808/857/808 803/848/803
f 805/846/805 810/853/810 809/858/809 804/847/804
f 807/851/807 813/860/813 812/859/812 806/850/806
f 811/854/811 817/862/817 816/861/816 810/853/810
f 808/855/808 814/863/814 813/860/813 807/851/807
f 809/858/809 815/865/815 814/864/814 808/857/808
f 810/853/810 816/861/816 815/865/815 809/858/809
f 813/860/813 819/867/819 818/866/818 812/859/812
f 817/862/817 823/869/823 822/868/822 816/861/816
f 814/863/814 820/870/820 819/867/819 813/860/813
f 815/865/815 821/872/821 820/871/820 814/864/814
f 816/861/816 822/868/822 821/872/821 815/865/815
f 819/867/819 825/874/825 824/873/824 818/866/818
f 823/869/823 829/876/829 828/875/828 822/868/822
f 820/870/820 826/877/826 825/874/825 819/867/819
f 821/872/821 827/879/827 826/878/826 820/871/820
f 822/868/822 828/875/828 827/879/827 821/872/821
f 825/874/825 831/881/831 830/880/830 824/873/824
f 829/876/829 835/883/835 834/882/834 828/875/828
f 826/877/826 832/884/832 831/881/831 825/874/825
f 827/879/827 833/886/833 832/885/832 826/878/826
f 828/875/828 834/882/834 833/886/833 827/879/827
f 1000/890/1000 837/889/837 836/888/836 999/887/999
f 998/894/998 841/893/841 840/892/840 1013/891/1013
f 1012/896/1012 838/895/838 837/889/837 1000/890/1000
f 1011/900/1011 839/899/839 838/898/838 1012/897/1012
f 1013/891/1013 840/892/840 839/899/839 1011/900/1011
f 1030/904/1030 1771/903/1771 845/902/845 949/901/949
f 1002/906/1002 1770/905/1770 1771/903/1771 1030/904/1030
f 948/910/948 844/909/844 1767/908/1767 947/907/947
f 945/914/945 846/913/846 1769/912/1769 988/911/988
f 949/901/949 845/902/845 844/909/844 948/910/948
f 946/916/946 847/915/847 846/913/846 945/914/945
f 851/920/851 850/919/850 1636/918/1636 1635/917/1635
f 850/919/850 853/922/853 1637/921/1637 1636/918/1636
f 968/926/968 959/925/959 958/924/958 956/923/956
f 1498/928/1498 851/920/851 1635/917/1635 1646/927/1646
f 918/932/918 925/931/925 924/930/924 917/929/917
f 853/922/853 854/277/854 1639/275/1639 1637/921/1637
f 863/278/863 952/279/952 955/934/955 860/933/860
f 860/933/860 955/934/955 956/923/956 958/924/958
f 918/932/918 919/936/919 926/935/926 925/931/925
f 877/786/877 878/812/878 1641/938/1641 1640/937/1640
f 801/844/801 868/939/868 749/790/749 751/791/751
f 869/941/869 868/940/868 801/849/801 806/850/806
f 870/942/870 869/941/869 806/850/806 812/859/812
f 871/943/871 870/942/870 812/859/812 818/866/818
f 872/944/872 871/943/871 818/866/818 824/873/824
f 873/945/873 872/944/872 824/873/824 830/880/830
f 885/949/885 884/948/884 214/947/214 220/946/220
f 1485/951/1485 150/168/150 88/169/88 1483/950/1483
f 184/953/184 886/952/886 138/163/138 139/160/139
f 1485/951/1485 151/956/151 887/955/887 1499/954/1499
f 1487/229/1487 196/210/196 188/211/188 1499/954/1499
f 889/958/889 886/952/886 184/953/184 888/957/888
f 889/958/889 888/957/888 214/947/214 884/948/884
f 161/214/161 174/203/174 155/175/155 145/174/145
f 186/206/186 159/208/159 147/167/147 148/164/148
f 114/127/114 110/128/110 105/119/105 109/118/109
f 188/211/188 187/205/187 149/171/149 150/168/150
f 175/193/175 176/194/176 157/181/157 156/178/156
f 111/131/111 112/132/112 107/123/107 106/121/106
f 171/200/171 172/197/172 153/184/153 152/183/152
f 160/212/160 161/214/161 145/174/145 146/173/146
f 110/128/110 111/131/111 106/121/106 105/119/105
f 187/205/187 186/206/186 148/164/148 149/171/149
f 176/194/176 166/188/166 158/186/158 157/181/157
f 172/197/172 175/193/175 156/178/156 153/184/153
f 174/203/174 173/199/173 154/177/154 155/175/155
f 109/118/109 158/186/158 166/188/166 114/127/114
f 159/208/159 160/212/160 146/173/146 147/167/147
f 173/199/173 171/200/171 152/183/152 154/177/154
f 112/132/112 113/134/113 108/125/108 107/123/107
f 894/960/894 895/959/895 878/812/878 740/813/740
f 878/812/878 895/959/895 1642/961/1642 1641/938/1641
f 787/839/787 792/962/792 789/825/789 785/823/785
f 794/831/794 789/825/789 792/962/792 797/835/797
f 901/964/901 902/963/902 727/780/727 728/781/728
f 904/968/904 905/967/905 899/966/899 897/965/897
f 905/967/905 904/968/904 896/970/896 903/969/903
f 900/972/900 899/966/899 905/967/905 874/971/874
f 905/967/905 903/969/903 744/973/744 874/971/874
f 906/977/906 907/976/907 784/975/784 780/974/780
f 790/829/790 1018/832/1018 1019/978/1019 800/828/800
f 800/828/800 1019/978/1019 786/822/786 791/824/791
f 798/979/798 793/834/793 790/829/790 795/826/795
f 909/981/909 908/980/908 907/976/907 906/977/906
f 903/969/903 896/970/896 974/983/974 975/982/975
f 906/986/906 780/985/780 976/984/976 975/982/975
f 875/842/875 876/785/876 738/988/738 898/987/898
f 1014/992/1014 772/991/772 910/990/910 1015/989/1015
f 911/994/911 912/993/912 774/837/774 773/838/773
f 772/998/772 760/997/760 982/996/982 980/995/980
f 746/1002/746 749/1001/749 977/1000/977 978/999/978
f 910/1004/910 772/998/772 980/995/980 981/1003/981
f 894/960/894 740/813/740 979/1005/979 978/999/978
f 760/997/760 761/1006/761 979/1005/979 982/996/982
f 977/1000/977 749/1001/749 868/940/868 973/1007/973
f 988/911/988 1769/912/1769 843/1009/843 944/1008/944
f 944/1008/944 843/1009/843 848/1011/848 856/1010/856
f 842/1013/842 851/920/851 1498/928/1498 1497/1012/1497
f 950/1015/950 1768/1014/1768 1770/905/1770 1002/906/1002
f 947/907/947 1767/908/1767 847/915/847 946/916/946
f 849/1017/849 852/1016/852 895/959/895 894/960/894
f 941/1021/941 1774/1020/1774 1777/1019/1777 940/1018/940
f 973/1007/973 868/940/868 869/941/869 983/1022/983
f 1004/1026/1004 915/1025/915 1684/1024/1684 1683/1023/1683
f 1945/1030/1945 1009/1029/1009 1024/1028/1024 1946/1027/1946
f 1946/1027/1946 1024/1028/1024 921/1032/921 1947/1031/1947
f 872/944/872 873/945/873 1681/1034/1681 1680/1033/1680
f 871/943/871 872/944/872 1680/1033/1680 1679/1035/1679
f 870/942/870 871/943/871 1679/1035/1679 1678/1036/1678
f 869/941/869 870/942/870 1678/1036/1678 1685/1037/1685
f 1023/1039/1023 873/945/873 830/880/830 1020/1038/1020
f 926/935/926 933/1041/933 932/1040/932 925/931/925
f 929/1045/929 936/1044/936 1007/1043/1007 1008/1042/1008
f 925/931/925 932/1040/932 931/1046/931 924/930/924
f 928/1050/928 935/1049/935 934/1048/934 927/1047/927
f 924/930/924 931/1046/931 986/1052/986 985/1051/985
f 927/1047/927 934/1048/934 933/1041/933 926/935/926
f 1784/1056/1784 938/1055/938 987/1054/987 1791/1053/1791
f 1786/1058/1786 941/1021/941 940/1018/940 1787/1057/1787
f 1787/1057/1787 940/1018/940 939/1060/939 1788/1059/1788
f 1789/1064/1789 943/1063/943 1003/1062/1003 1792/1061/1792
f 1788/1059/1788 939/1060/939 938/1055/938 1784/1056/1784
f 1790/1066/1790 942/1065/942 941/1021/941 1786/1058/1786
f 1773/1067/1773 949/901/949 948/910/948 1774/1020/1774
f 1775/1069/1775 945/914/945 988/911/988 1780/1068/1780
f 1774/1020/1774 948/910/948 947/907/947 1777/1019/1777
f 1777/1019/1777 947/907/947 946/916/946 1778/1070/1778
f 1779/1072/1779 950/1015/950 1002/906/1002 1781/1071/1781
f 1778/1070/1778 946/916/946 945/914/945 1775/1069/1775
f 1005/1076/1005 864/1075/864 865/1074/865 1010/1073/1010
f 952/279/952 951/280/951 866/1078/866 953/1077/953
f 957/1081/957 961/1080/961 247/1079/247 249/843/249
f 250/271/250 273/272/273 274/1083/274 954/1082/954
f 957/1081/957 249/843/249 250/271/250 954/1082/954
f 951/280/951 861/281/861 1031/1085/1031 1033/1084/1033
f 919/936/919 920/1086/920 927/1047/927 926/935/926
f 920/1086/920 921/1032/921 928/1050/928 927/1047/927
f 1643/1090/1643 252/1089/252 253/1088/253 1644/1087/1644
f 962/1092/962 248/1091/248 247/1079/247 961/1080/961
f 1644/1087/1644 253/1088/253 251/769/251 1645/770/1645
f 1948/1094/1948 957/1081/957 954/1082/954 1951/1093/1951
f 954/1082/954 274/1083/274 1952/1095/1952 1951/1093/1951
f 1024/1028/1024 1029/1096/1029 928/1050/928 921/1032/921
f 968/926/968 956/923/956 966/1098/966 969/1097/969
f 956/923/956 955/934/955 967/1099/967 966/1098/966
f 1949/1100/1949 961/1080/961 957/1081/957 1948/1094/1948
f 745/783/745 970/817/970 971/814/971 747/782/747
f 1009/1029/1009 1008/1042/1008 1029/1096/1029 1024/1028/1024
f 975/982/975 974/983/974 909/1101/909 906/986/906
f 975/982/975 976/984/976 744/973/744 903/969/903
f 980/995/980 982/996/982 741/787/741 742/784/742
f 978/999/978 977/1000/977 739/1102/739 894/960/894
f 981/1003/981 980/995/980 742/784/742 743/841/743
f 978/999/978 979/1005/979 761/1006/761 746/1002/746
f 982/996/982 979/1005/979 740/813/740 741/787/741
f 739/1102/739 977/1000/977 973/1007/973 867/1103/867
f 867/1103/867 973/1007/973 983/1022/983 914/1104/914
f 983/1022/983 869/941/869 1685/1037/1685 1677/1105/1677
f 985/1051/985 986/1052/986 930/1107/930 923/1106/923
f 1791/1053/1791 987/1054/987 937/1109/937 1785/1108/1785
f 1780/1068/1780 988/911/988 944/1008/944 1776/1110/1776
f 967/1099/967 990/1112/990 991/1111/991 966/1098/966
f 991/1111/991 992/1113/992 969/1097/969 966/1098/966
f 922/1114/922 929/1045/929 1008/1042/1008 1009/1029/1009
f 953/1077/953 993/1115/993 990/1112/990 967/1099/967
f 1954/1119/1954 996/1118/996 995/1117/995 1956/1116/1956
f 1032/1121/1032 1011/900/1011 1012/897/1012 1025/1120/1025
f 1005/1076/1005 1006/1123/1006 862/1122/862 864/1075/864
f 984/1127/984 916/1126/916 1959/1125/1959 1958/1124/1958
f 1035/1130/1035 997/1129/997 866/1078/866 1022/1128/1022
f 237/245/237 234/238/234 224/235/224 231/241/231
f 996/1118/996 964/1132/964 965/1131/965 995/1117/995
f 1008/1042/1008 1007/1043/1007 1028/1133/1028 1029/1096/1029
f 997/1129/997 993/1115/993 953/1077/953 866/1078/866
f 1025/1135/1025 1012/896/1012 1000/890/1000 1034/1134/1034
f 1781/1071/1781 1002/906/1002 1030/904/1030 1782/1136/1782
f 955/934/955 952/279/952 953/1077/953 967/1099/967
f 1010/1073/1010 865/1074/865 994/1138/994 1001/1137/1001
f 1026/1140/1026 998/894/998 1013/891/1013 1021/1139/1021
f 1034/1134/1034 1000/890/1000 999/887/999 1020/1038/1020
f 1792/1061/1792 1003/1062/1003 1027/1142/1027 1793/1141/1793
f 915/1025/915 1004/1026/1004 999/887/999 836/888/836
f 1021/1139/1021 1013/891/1013 1011/900/1011 1032/1121/1032
f 1033/1084/1033 1005/1076/1005 1010/1073/1010 1022/1128/1022
f 993/1115/993 997/1129/997 1955/1143/1955 1949/1100/1949
f 224/235/224 234/238/234 209/220/209 206/219/206
f 1735/539/1735 480/540/480 402/425/402 371/395/371
f 722/779/722 402/425/402 480/540/480 723/772/723
f 1737/1145/1737 492/1144/492 486/541/486 1736/538/1736
f 492/1144/492 725/1146/725 724/771/724 486/541/486
f 901/964/901 728/781/728 904/968/904 897/965/897
f 728/781/728 747/782/747 896/970/896 904/968/904
f 974/983/974 896/970/896 747/782/747 971/814/971
f 971/814/971 778/815/778 909/1101/909 974/983/974
f 908/980/908 909/981/909 778/818/778 782/819/782
f 779/1147/779 783/840/783 781/820/781 777/821/777
f 972/1149/972 779/1148/779 777/816/777 970/817/970
f 970/817/970 745/783/745 776/1150/776 972/1149/972
f 745/783/745 727/780/727 748/1151/748 776/1150/776
f 733/1152/733 748/1151/748 727/780/727 902/963/902
f 1647/1156/1647 892/1155/892 1707/1154/1707 1532/1153/1532
f 1694/1158/1694 899/966/899 900/972/900 1695/1157/1695
f 1693/1159/1693 897/965/897 899/966/899 1694/1158/1694
f 1692/1160/1692 901/964/901 897/965/897 1693/1159/1693
f 1691/1161/1691 902/963/902 901/964/901 1692/1160/1692
f 285/365/285 1469/305/1469 284/306/284 283/362/283
f 1016/1163/1016 1014/992/1014 1015/989/1015 1017/1162/1017
f 772/991/772 1014/992/1014 762/800/762 760/801/760
f 1014/992/1014 1016/1163/1016 764/804/764 762/800/762
f 1018/832/1018 788/833/788 784/975/784 907/976/907
f 1019/978/1019 1018/832/1018 907/976/907 908/980/908
f 1019/978/1019 908/980/908 782/819/782 786/822/786
f 911/994/911 773/838/773 1016/1163/1016 1017/1162/1017
f 1016/1163/1016 773/838/773 766/806/766 764/804/764
f 859/1165/859 858/1164/858 923/1106/923 930/1107/930
f 1785/1108/1785 937/1109/937 857/1167/857 1783/1166/1783
f 938/1055/938 1775/1069/1775 1780/1068/1780 987/1054/987
f 963/1169/963 227/1168/227 995/1117/995 965/1131/965
f 248/1091/248 962/1092/962 227/1168/227 963/1169/963
f 1004/1026/1004 1023/1039/1023 1020/1038/1020 999/887/999
f 1033/1084/1033 1031/1085/1031 1006/1123/1006 1005/1076/1005
f 833/886/833 1032/1121/1032 1025/1120/1025 832/885/832
f 1001/1137/1001 1035/1130/1035 1022/1128/1022 1010/1073/1010
f 1029/1096/1029 1028/1133/1028 935/1049/935 928/1050/928
f 832/884/832 1025/1135/1025 1034/1134/1034 831/881/831
f 1782/1136/1782 1030/904/1030 949/901/949 1773/1067/1773
f 835/883/835 1026/1140/1026 1021/1139/1021 834/882/834
f 831/881/831 1034/1134/1034 1020/1038/1020 830/880/830
f 1793/1141/1793 1027/1142/1027 942/1065/942 1790/1066/1790
f 834/882/834 1021/1139/1021 1032/1121/1032 833/886/833
f 951/280/951 1033/1084/1033 1022/1128/1022 866/1078/866
f 1960/1170/1960 1035/1130/1035 1001/1137/1001 1956/1116/1956
f 1955/1143/1955 997/1129/997 1035/1130/1035 1960/1170/1960
f 2171/1174/2171 1037/1173/1037 1036/1172/1036 2172/1171/2172
f 2173/1178/2173 19/1177/19 16/1176/16 2174/1175/2174
f 2174/1175/2174 16/1176/16 13/1180/13 2175/1179/2175
f 2175/1179/2175 13/1180/13 10/1182/10 2176/1181/2176
f 2176/1181/2176 10/1182/10 7/1184/7 2177/1183/2177
f 2171/1174/2171 2/3/2 55/55/55 2178/1185/2178
f 2179/1187/2179 70/81/70 73/85/73 2180/1186/2180
f 2182/1191/2182 1057/1190/1057 1061/1189/1061 2183/1188/2183
f 2184/1192/2184 67/77/67 70/81/70 2179/1187/2179
f 2181/1196/2181 54/1195/54 1480/1194/1480 2197/1193/2197
f 2182/1191/2182 64/76/64 67/77/67 2184/1192/2184
f 2186/1200/2186 51/1199/51 48/1198/48 2187/1197/2187
f 2188/1201/2188 61/65/61 103/69/103 2183/1188/2183
f 2187/1197/2187 48/1198/48 45/1203/45 2189/1202/2189
f 2190/1204/2190 58/61/58 61/65/61 2188/1201/2188
f 2178/1185/2178 55/55/55 58/61/58 2190/1204/2190
f 2192/1208/2192 37/1207/37 34/1206/34 2193/1205/2193
f 2185/1212/2185 31/1211/31 1478/1210/1478 2198/1209/2198
f 2194/1216/2194 28/1215/28 25/1214/25 2195/1213/2195
f 2177/1183/2177 7/1184/7 1/2/1 2172/1171/2172
f 2195/1213/2195 25/1214/25 22/1218/22 2196/1217/2196
f 2196/1217/2196 22/1218/22 19/1177/19 2173/1178/2173
f 1077/1222/1077 1051/1221/1051 1050/1220/1050 1076/1219/1076
f 1074/1226/1074 1048/1225/1048 1047/1224/1047 1073/1223/1073
f 1069/1230/1069 1043/1229/1043 1042/1228/1042 1068/1227/1068
f 1064/1233/1064 1038/1232/1038 1036/1172/1036 1062/1231/1062
f 1081/1237/1081 1055/1236/1055 1056/1235/1056 1082/1234/1082
f 1078/1239/1078 1052/1238/1052 1051/1221/1051 1077/1222/1077
f 1070/1241/1070 1044/1240/1044 1043/1229/1043 1069/1230/1069
f 1065/1243/1065 1039/1242/1039 1038/1232/1038 1064/1233/1064
f 1057/1190/1057 1083/1245/1083 1087/1244/1087 1061/1189/1061
f 1082/1234/1082 1056/1235/1056 1061/1189/1061 1087/1244/1087
f 1079/1249/1079 1053/1248/1053 1502/1247/1502 1504/1246/1504
f 1071/1251/1071 1045/1250/1045 1044/1240/1044 1070/1241/1070
f 1066/1253/1066 1040/1252/1040 1039/1242/1039 1065/1243/1065
f 1083/1245/1083 1057/1190/1057 1058/1255/1058 1084/1254/1084
f 1072/1259/1072 1046/1258/1046 1501/1257/1501 1503/1256/1503
f 1067/1261/1067 1041/1260/1041 1040/1252/1040 1066/1253/1066
f 1084/1254/1084 1058/1255/1058 1059/1263/1059 1085/1262/1085
f 1063/1266/1063 1037/1173/1037 1054/1265/1054 1080/1264/1080
f 1068/1227/1068 1042/1228/1042 1041/1260/1041 1067/1261/1067
f 1037/1173/1037 1063/1266/1063 1062/1231/1062 1036/1172/1036
f 1085/1262/1085 1059/1263/1059 1060/1268/1060 1086/1267/1086
f 1080/1264/1080 1054/1265/1054 1055/1236/1055 1081/1237/1081
f 1106/1272/1106 1080/1271/1080 1081/1270/1081 1107/1269/1107
f 1103/1276/1103 1077/1275/1077 1076/1274/1076 1102/1273/1102
f 1100/1280/1100 1074/1279/1074 1073/1278/1073 1099/1277/1099
f 1095/1284/1095 1069/1283/1069 1068/1282/1068 1094/1281/1094
f 1090/1288/1090 1064/1287/1064 1062/1286/1062 1088/1285/1088
f 1107/1269/1107 1081/1270/1081 1082/1290/1082 1108/1289/1108
f 1104/1292/1104 1078/1291/1078 1077/1275/1077 1103/1276/1103
f 1096/1294/1096 1070/1293/1070 1069/1283/1069 1095/1284/1095
f 1091/1296/1091 1065/1295/1065 1064/1287/1064 1090/1288/1090
f 1083/1300/1083 1109/1299/1109 1113/1298/1113 1087/1297/1087
f 1108/1289/1108 1082/1290/1082 1087/1297/1087 1113/1298/1113
f 1105/1304/1105 1079/1303/1079 1504/1302/1504 1506/1301/1506
f 1097/1306/1097 1071/1305/1071 1070/1293/1070 1096/1294/1096
f 1092/1308/1092 1066/1307/1066 1065/1295/1065 1091/1296/1091
f 1109/1299/1109 1083/1300/1083 1084/1310/1084 1110/1309/1110
f 1098/1314/1098 1072/1313/1072 1503/1312/1503 1505/1311/1505
f 1093/1316/1093 1067/1315/1067 1066/1307/1066 1092/1308/1092
f 1110/1309/1110 1084/1310/1084 1085/1318/1085 1111/1317/1111
f 1089/1320/1089 1063/1319/1063 1080/1271/1080 1106/1272/1106
f 1094/1281/1094 1068/1282/1068 1067/1315/1067 1093/1316/1093
f 1063/1319/1063 1089/1320/1089 1088/1285/1088 1062/1286/1062
f 1111/1317/1111 1085/1318/1085 1086/1322/1086 1112/1321/1112
f 1136/1324/1136 1110/1309/1110 1111/1317/1111 1137/1323/1137
f 1115/1326/1115 1089/1320/1089 1106/1272/1106 1132/1325/1132
f 1120/1328/1120 1094/1281/1094 1093/1316/1093 1119/1327/1119
f 1089/1320/1089 1115/1326/1115 1114/1329/1114 1088/1285/1088
f 1137/1323/1137 1111/1317/1111 1112/1321/1112 1138/1330/1138
f 1132/1325/1132 1106/1272/1106 1107/1269/1107 1133/1331/1133
f 1129/1333/1129 1103/1276/1103 1102/1273/1102 1128/1332/1128
f 1126/1335/1126 1100/1280/1100 1099/1277/1099 1125/1334/1125
f 1121/1336/1121 1095/1284/1095 1094/1281/1094 1120/1328/1120
f 1116/1337/1116 1090/1288/1090 1088/1285/1088 1114/1329/1114
f 1133/1331/1133 1107/1269/1107 1108/1289/1108 1134/1338/1134
f 1130/1339/1130 1104/1292/1104 1103/1276/1103 1129/1333/1129
f 1122/1340/1122 1096/1294/1096 1095/1284/1095 1121/1336/1121
f 1117/1341/1117 1091/1296/1091 1090/1288/1090 1116/1337/1116
f 1109/1299/1109 1135/1343/1135 1139/1342/1139 1113/1298/1113
f 1134/1338/1134 1108/1289/1108 1113/1298/1113 1139/1342/1139
f 1131/1345/1131 1105/1304/1105 1506/1301/1506 1508/1344/1508
f 1123/1346/1123 1097/1306/1097 1096/1294/1096 1122/1340/1122
f 1118/1347/1118 1092/1308/1092 1091/1296/1091 1117/1341/1117
f 1135/1343/1135 1109/1299/1109 1110/1309/1110 1136/1324/1136
f 1124/1349/1124 1098/1314/1098 1505/1311/1505 1507/1348/1507
f 1119/1327/1119 1093/1316/1093 1092/1308/1092 1118/1347/1118
f 1142/1351/1142 1116/1337/1116 1114/1329/1114 1140/1350/1140
f 1159/1353/1159 1133/1331/1133 1134/1338/1134 1160/1352/1160
f 1156/1355/1156 1130/1339/1130 1129/1333/1129 1155/1354/1155
f 1148/1357/1148 1122/1340/1122 1121/1336/1121 1147/1356/1147
f 1143/1358/1143 1117/1341/1117 1116/1337/1116 1142/1351/1142
f 1135/1343/1135 1161/1360/1161 1165/1359/1165 1139/1342/1139
f 1160/1352/1160 1134/1338/1134 1139/1342/1139 1165/1359/1165
f 1157/1362/1157 1131/1345/1131 1508/1344/1508 1510/1361/1510
f 1149/1363/1149 1123/1346/1123 1122/1340/1122 1148/1357/1148
f 1144/1364/1144 1118/1347/1118 1117/1341/1117 1143/1358/1143
f 1161/1360/1161 1135/1343/1135 1136/1324/1136 1162/1365/1162
f 1150/1367/1150 1124/1349/1124 1507/1348/1507 1509/1366/1509
f 1145/1368/1145 1119/1327/1119 1118/1347/1118 1144/1364/1144
f 1162/1365/1162 1136/1324/1136 1137/1323/1137 1163/1369/1163
f 1141/1371/1141 1115/1326/1115 1132/1325/1132 1158/1370/1158
f 1146/1372/1146 1120/1328/1120 1119/1327/1119 1145/1368/1145
f 1115/1326/1115 1141/1371/1141 1140/1350/1140 1114/1329/1114
f 1163/1369/1163 1137/1323/1137 1138/1330/1138 1164/1373/1164
f 1158/1370/1158 1132/1325/1132 1133/1331/1133 1159/1353/1159
f 1155/1354/1155 1129/1333/1129 1128/1332/1128 1154/1374/1154
f 1152/1376/1152 1126/1335/1126 1125/1334/1125 1151/1375/1151
f 1147/1356/1147 1121/1336/1121 1120/1328/1120 1146/1372/1146
f 1141/1371/1141 1167/1378/1167 1166/1377/1166 1140/1350/1140
f 1189/1380/1189 1163/1369/1163 1164/1373/1164 1190/1379/1190
f 1184/1382/1184 1158/1370/1158 1159/1353/1159 1185/1381/1185
f 1181/1384/1181 1155/1354/1155 1154/1374/1154 1180/1383/1180
f 1178/1386/1178 1152/1376/1152 1151/1375/1151 1177/1385/1177
f 1173/1388/1173 1147/1356/1147 1146/1372/1146 1172/1387/1172
f 1168/1389/1168 1142/1351/1142 1140/1350/1140 1166/1377/1166
f 1185/1381/1185 1159/1353/1159 1160/1352/1160 1186/1390/1186
f 1182/1391/1182 1156/1355/1156 1155/1354/1155 1181/1384/1181
f 1174/1392/1174 1148/1357/1148 1147/1356/1147 1173/1388/1173
f 1169/1393/1169 1143/1358/1143 1142/1351/1142 1168/1389/1168
f 1161/1360/1161 1187/1395/1187 1191/1394/1191 1165/1359/1165
f 1186/1390/1186 1160/1352/1160 1165/1359/1165 1191/1394/1191
f 1183/1397/1183 1157/1362/1157 1510/1361/1510 1512/1396/1512
f 1175/1398/1175 1149/1363/1149 1148/1357/1148 1174/1392/1174
f 1170/1399/1170 1144/1364/1144 1143/1358/1143 1169/1393/1169
f 1187/1395/1187 1161/1360/1161 1162/1365/1162 1188/1400/1188
f 1176/1402/1176 1150/1367/1150 1509/1366/1509 1511/1401/1511
f 1171/1403/1171 1145/1368/1145 1144/1364/1144 1170/1399/1170
f 1188/1400/1188 1162/1365/1162 1163/1369/1163 1189/1380/1189
f 1167/1378/1167 1141/1371/1141 1158/1370/1158 1184/1382/1184
f 1172/1387/1172 1146/1372/1146 1145/1368/1145 1171/1403/1171
f 1197/1405/1197 1171/1403/1171 1170/1399/1170 1196/1404/1196
f 1197/1405/1197 1209/1406/1209 1172/1387/1172 1171/1403/1171
f 1209/1406/1209 1198/1407/1198 1173/1388/1173 1172/1387/1172
f 1199/1409/1199 1206/1408/1206 1175/1398/1175 1174/1392/1174
f 1215/1411/1215 1189/1380/1189 1190/1379/1190 1216/1410/1216
f 1513/1413/1513 1201/1412/1201 1176/1402/1176 1511/1401/1511
f 1202/1415/1202 1203/1414/1203 1178/1386/1178 1177/1385/1177
f 1205/1417/1205 1200/1416/1200 1181/1384/1181 1180/1383/1180
f 1194/1419/1194 1168/1389/1168 1166/1377/1166 1192/1418/1192
f 1200/1416/1200 1207/1420/1207 1182/1391/1182 1181/1384/1181
f 1185/1381/1185 1210/1422/1210 1211/1421/1211 1184/1382/1184
f 1199/1409/1199 1174/1392/1174 1173/1388/1173 1198/1407/1198
f 1215/1411/1215 1193/1423/1193 1188/1400/1188 1189/1380/1189
f 1187/1395/1187 1213/1425/1213 1217/1424/1217 1191/1394/1191
f 1193/1423/1193 1213/1425/1213 1187/1395/1187 1188/1400/1188
f 1208/1427/1208 1183/1397/1183 1512/1396/1512 1514/1426/1514
f 1217/1424/1217 1195/1428/1195 1186/1390/1186 1191/1394/1191
f 1195/1428/1195 1210/1422/1210 1185/1381/1185 1186/1390/1186
f 1211/1421/1211 1214/1429/1214 1167/1378/1167 1184/1382/1184
f 1166/1377/1166 1167/1378/1167 1214/1429/1214 1192/1418/1192
f 1194/1419/1194 1212/1430/1212 1169/1393/1169 1168/1389/1168
f 1212/1430/1212 1196/1404/1196 1170/1399/1170 1169/1393/1169
f 1201/1412/1201 1202/1415/1202 1177/1385/1177 1176/1402/1176
f 1150/1367/1150 1176/1402/1176 1177/1385/1177 1151/1375/1151
f 1124/1349/1124 1150/1367/1150 1151/1375/1151 1125/1334/1125
f 1125/1334/1125 1099/1277/1099 1098/1314/1098 1124/1349/1124
f 1212/1430/1212 1238/1432/1238 1222/1431/1222 1196/1404/1196
f 1213/1425/1213 1239/1434/1239 1243/1433/1243 1217/1424/1217
f 1217/1424/1217 1243/1433/1243 1221/1435/1221 1195/1428/1195
f 1207/1420/1207 1233/1437/1233 1516/1436/1516 1514/1426/1514
f 1205/1417/1205 1231/1439/1231 1226/1438/1226 1200/1416/1200
f 1210/1422/1210 1236/1441/1236 1237/1440/1237 1211/1421/1211
f 1199/1409/1199 1225/1443/1225 1232/1442/1232 1206/1408/1206
f 1192/1418/1192 1218/1445/1218 1220/1444/1220 1194/1419/1194
f 1195/1428/1195 1221/1435/1221 1236/1441/1236 1210/1422/1210
f 1206/1408/1206 1232/1442/1232 1515/1446/1515 1513/1413/1513
f 1196/1404/1196 1222/1431/1222 1223/1447/1223 1197/1405/1197
f 1194/1419/1194 1220/1444/1220 1238/1432/1238 1212/1430/1212
f 1211/1421/1211 1237/1440/1237 1240/1448/1240 1214/1429/1214
f 1215/1411/1215 1241/1450/1241 1219/1449/1219 1193/1423/1193
f 1202/1415/1202 1228/1452/1228 1229/1451/1229 1203/1414/1203
f 1197/1405/1197 1223/1447/1223 1235/1453/1235 1209/1406/1209
f 1216/1410/1216 1242/1454/1242 1241/1450/1241 1215/1411/1215
f 1193/1423/1193 1219/1449/1219 1239/1434/1239 1213/1425/1213
f 1200/1416/1200 1226/1438/1226 1233/1437/1233 1207/1420/1207
f 1209/1406/1209 1235/1453/1235 1224/1455/1224 1198/1407/1198
f 1214/1429/1214 1240/1448/1240 1218/1445/1218 1192/1418/1192
f 1201/1412/1201 1227/1456/1227 1228/1452/1228 1202/1415/1202
f 1198/1407/1198 1224/1455/1224 1225/1443/1225 1199/1409/1199
f 1232/1442/1232 1258/1458/1258 1517/1457/1517 1515/1446/1515
f 1222/1431/1222 1248/1460/1248 1249/1459/1249 1223/1447/1223
f 1236/1441/1236 1262/1462/1262 1263/1461/1263 1237/1440/1237
f 1242/1454/1242 1268/1464/1268 1267/1463/1267 1241/1450/1241
f 1241/1450/1241 1267/1463/1267 1245/1465/1245 1219/1449/1219
f 1228/1452/1228 1254/1467/1254 1255/1466/1255 1229/1451/1229
f 1223/1447/1223 1249/1459/1249 1261/1468/1261 1235/1453/1235
f 1240/1448/1240 1266/1470/1266 1244/1469/1244 1218/1445/1218
f 1219/1449/1219 1245/1465/1245 1265/1471/1265 1239/1434/1239
f 1226/1438/1226 1252/1473/1252 1259/1472/1259 1233/1437/1233
f 1235/1453/1235 1261/1468/1261 1250/1474/1250 1224/1455/1224
f 1239/1434/1239 1265/1471/1265 1269/1475/1269 1243/1433/1243
f 1243/1433/1243 1269/1475/1269 1247/1476/1247 1221/1435/1221
f 1227/1456/1227 1253/1477/1253 1254/1467/1254 1228/1452/1228
f 1224/1455/1224 1250/1474/1250 1251/1478/1251 1225/1443/1225
f 1220/1444/1220 1246/1480/1246 1264/1479/1264 1238/1432/1238
f 1221/1435/1221 1247/1476/1247 1262/1462/1262 1236/1441/1236
f 1233/1437/1233 1259/1472/1259 1518/1481/1518 1516/1436/1516
f 1231/1439/1231 1257/1482/1257 1252/1473/1252 1226/1438/1226
f 1225/1443/1225 1251/1478/1251 1258/1458/1258 1232/1442/1232
f 1218/1445/1218 1244/1469/1244 1246/1480/1246 1220/1444/1220
f 1238/1432/1238 1264/1479/1264 1248/1460/1248 1222/1431/1222
f 1237/1440/1237 1263/1461/1263 1266/1470/1266 1240/1448/1240
f 1267/1463/1267 1293/1484/1293 1271/1483/1271 1245/1465/1245
f 1254/1467/1254 1280/1486/1280 1281/1485/1281 1255/1466/1255
f 1249/1459/1249 1275/1488/1275 1287/1487/1287 1261/1468/1261
f 1266/1470/1266 1292/1490/1292 1270/1489/1270 1244/1469/1244
f 1245/1465/1245 1271/1483/1271 1291/1491/1291 1265/1471/1265
f 1252/1473/1252 1278/1493/1278 1285/1492/1285 1259/1472/1259
f 1261/1468/1261 1287/1487/1287 1276/1494/1276 1250/1474/1250
f 1265/1471/1265 1291/1491/1291 1295/1495/1295 1269/1475/1269
f 1269/1475/1269 1295/1495/1295 1273/1496/1273 1247/1476/1247
f 1253/1477/1253 1279/1497/1279 1280/1486/1280 1254/1467/1254
f 1250/1474/1250 1276/1494/1276 1277/1498/1277 1251/1478/1251
f 1246/1480/1246 1272/1500/1272 1290/1499/1290 1264/1479/1264
f 1247/1476/1247 1273/1496/1273 1288/1501/1288 1262/1462/1262
f 1259/1472/1259 1285/1492/1285 1520/1502/1520 1518/1481/1518
f 1257/1482/1257 1283/1503/1283 1278/1493/1278 1252/1473/1252
f 1251/1478/1251 1277/1498/1277 1284/1504/1284 1258/1458/1258
f 1244/1469/1244 1270/1489/1270 1272/1500/1272 1246/1480/1246
f 1264/1479/1264 1290/1499/1290 1274/1505/1274 1248/1460/1248
f 1263/1461/1263 1289/1506/1289 1292/1490/1292 1266/1470/1266
f 1258/1458/1258 1284/1504/1284 1519/1507/1519 1517/1457/1517
f 1248/1460/1248 1274/1505/1274 1275/1488/1275 1249/1459/1249
f 1262/1462/1262 1288/1501/1288 1289/1506/1289 1263/1461/1263
f 1268/1464/1268 1294/1508/1294 1293/1484/1293 1267/1463/1267
f 1296/1512/1296 1331/1511/1331 1332/1510/1332 1708/1509/1708
f 1327/1516/1327 1300/1515/1300 1312/1514/1312 1315/1513/1315
f 1523/1520/1523 1714/1519/1714 1304/1518/1304 1323/1517/1323
f 1712/1524/1712 1521/1523/1521 1522/1522/1522 1713/1521/1713
f 1329/1528/1329 1298/1527/1298 1299/1526/1299 1328/1525/1328
f 1321/1530/1321 1306/1529/1306 1713/1521/1713 1522/1522/1522
f 1709/1532/1709 1333/1531/1333 1328/1525/1328 1299/1526/1299
f 1297/1534/1297 1330/1533/1330 1331/1511/1331 1296/1512/1296
f 1308/1538/1308 1319/1537/1319 1322/1536/1322 1305/1535/1305
f 1303/1540/1303 1324/1539/1324 1521/1523/1521 1712/1524/1712
f 1715/1544/1715 1524/1543/1524 1526/1542/1526 1717/1541/1717
f 1310/1548/1310 1317/1547/1317 1325/1546/1325 1302/1545/1302
f 1305/1535/1305 1322/1536/1322 1323/1517/1323 1304/1518/1304
f 1301/1550/1301 1326/1549/1326 1333/1531/1333 1709/1532/1709
f 1309/1552/1309 1318/1551/1318 1317/1547/1317 1310/1548/1310
f 1324/1539/1324 1303/1540/1303 1711/1554/1711 1335/1553/1335
f 1302/1545/1302 1325/1546/1325 1314/1556/1314 1313/1555/1313
f 1708/1509/1708 1332/1510/1332 1315/1513/1315 1312/1514/1312
f 1319/1537/1319 1308/1538/1308 1717/1541/1717 1526/1542/1526
f 1710/1558/1710 1334/1557/1334 1335/1553/1335 1711/1554/1711
f 1326/1549/1326 1301/1550/1301 1313/1555/1313 1314/1556/1314
f 1716/1560/1716 1525/1559/1525 1318/1551/1318 1309/1552/1309
f 1320/1564/1320 1307/1563/1307 1311/1562/1311 1316/1561/1316
f 1334/1557/1334 1710/1558/1710 1300/1515/1300 1327/1516/1327
f 1316/1561/1316 1311/1562/1311 1714/1519/1714 1523/1520/1523
f 1298/1527/1298 1329/1528/1329 1330/1533/1330 1297/1534/1297
f 1307/1563/1307 1320/1564/1320 1525/1559/1525 1716/1560/1716
f 1524/1543/1524 1272/1500/1272 1270/1489/1270 1526/1542/1526
f 1277/1498/1277 1334/1557/1334 1327/1516/1327 1284/1504/1284
f 1326/1549/1326 1285/1492/1285 1278/1493/1278 1333/1531/1333
f 1273/1496/1273 1523/1520/1523 1323/1517/1323 1288/1501/1288
f 1321/1530/1321 1290/1499/1290 1272/1500/1272 1524/1543/1524
f 1285/1492/1285 1326/1549/1326 1314/1556/1314 1520/1502/1520
f 1334/1557/1334 1277/1498/1277 1276/1494/1276 1335/1553/1335
f 1333/1531/1333 1278/1493/1278 1283/1503/1283 1328/1525/1328
f 1295/1495/1295 1316/1561/1316 1523/1520/1523 1273/1496/1273
f 1291/1491/1291 1320/1564/1320 1316/1561/1316 1295/1495/1295
f 1332/1510/1332 1279/1497/1279 1519/1507/1519 1315/1513/1315
f 1287/1487/1287 1324/1539/1324 1335/1553/1335 1276/1494/1276
f 1331/1511/1331 1280/1486/1280 1279/1497/1279 1332/1510/1332
f 1320/1564/1320 1291/1491/1291 1271/1483/1271 1525/1559/1525
f 1292/1490/1292 1319/1537/1319 1526/1542/1526 1270/1489/1270
f 1282/1565/1282 1329/1528/1329 1328/1525/1328 1283/1503/1283
f 1324/1539/1324 1287/1487/1287 1275/1488/1275 1521/1523/1521
f 1330/1533/1330 1281/1485/1281 1280/1486/1280 1331/1511/1331
f 1525/1559/1525 1271/1483/1271 1293/1484/1293 1318/1551/1318
f 884/948/884 885/949/885 260/1567/260 219/1566/219
f 1642/961/1642 895/959/895 852/1016/852 1638/1568/1638
f 894/960/894 739/1102/739 913/1569/913 849/1017/849
f 889/958/889 884/948/884 219/1566/219 197/1570/197
f 197/1570/197 887/955/887 886/952/886 889/958/889
f 887/955/887 151/956/151 138/163/138 886/952/886
f 76/162/76 138/163/138 151/956/151 89/1571/89
f 1432/1573/1432 33/1572/33 36/38/36 1440/87/1440
f 35/37/35 36/38/36 33/1572/33 32/1574/32
f 1408/41/1408 35/37/35 32/1574/32 1407/1575/1407
f 2185/1212/2185 1046/1258/1046 1047/1224/1047 2193/1205/2193
f 1046/1258/1046 1072/1259/1072 1073/1223/1073 1047/1224/1047
f 1072/1313/1072 1098/1314/1098 1099/1277/1099 1073/1278/1073
f 912/993/912 911/994/911 1337/1577/1337 1336/1576/1336
f 911/994/911 1017/1162/1017 1338/1578/1338 1337/1577/1337
f 1017/1162/1017 1015/989/1015 1339/1579/1339 1338/1578/1338
f 1015/989/1015 910/990/910 1340/1580/1340 1339/1579/1339
f 976/984/976 780/985/780 1340/1582/1340 1341/1581/1341
f 981/1003/981 743/841/743 1342/1583/1342 1341/1581/1341
f 874/971/874 744/973/744 1342/1583/1342 1343/1584/1343
f 875/842/875 898/987/898 1344/1585/1344 1343/1584/1343
f 1695/1157/1695 900/972/900 1344/1585/1344 1697/1586/1697
f 1454/355/1454 1452/356/1452 294/285/294 295/282/295
f 293/302/293 294/285/294 1452/356/1452 1453/1587/1453
f 400/423/400 730/777/730 1346/1589/1346 1347/1588/1347
f 374/398/374 400/423/400 1347/1588/1347 1738/1590/1738
f 442/457/442 405/397/405 1348/1592/1348 1349/1591/1349
f 443/456/443 442/457/442 1349/1591/1349 1350/1593/1350
f 504/474/504 443/456/443 1350/1593/1350 1351/1594/1351
f 502/448/502 430/451/430 1352/1595/1352 1351/1594/1351
f 445/461/445 444/475/444 1352/1595/1352 1353/1596/1353
f 446/460/446 445/461/445 1353/1596/1353 1354/1597/1354
f 530/564/530 446/460/446 1354/1597/1354 1355/1598/1355
f 528/602/528 545/603/545 1356/1600/1356 1355/1599/1355
f 564/614/564 547/588/547 1356/1600/1356 1357/1601/1357
f 581/632/581 564/614/564 1357/1601/1357 1358/1602/1358
f 579/624/579 596/653/596 1359/1603/1359 1358/1602/1358
f 596/653/596 613/679/613 1360/1604/1360 1359/1603/1359
f 632/691/632 615/669/615 1360/1604/1360 1361/1605/1361
f 649/712/649 632/691/632 1361/1605/1361 1362/1606/1362
f 647/704/647 664/734/664 1363/1607/1363 1362/1606/1362
f 664/734/664 681/742/681 1364/1608/1364 1363/1607/1363
f 681/742/681 698/760/698 1365/1609/1365 1364/1608/1364
f 699/768/699 700/748/700 1365/1609/1365 1366/1610/1366
f 697/759/697 680/741/680 1367/1612/1367 1366/1611/1366
f 680/741/680 663/733/663 1368/1613/1368 1367/1612/1367
f 648/714/648 665/727/665 1368/1613/1368 1369/1614/1369
f 646/703/646 629/682/629 1370/1615/1370 1369/1614/1369
f 614/672/614 631/693/631 1370/1615/1370 1371/1616/1371
f 597/641/597 614/672/614 1371/1616/1371 1372/1617/1372
f 595/652/595 578/623/578 1373/1618/1373 1372/1617/1372
f 578/623/578 561/605/561 1374/1619/1374 1373/1618/1373
f 546/595/546 563/616/563 1374/1619/1374 1375/1620/1375
f 529/594/529 546/595/546 1375/1620/1375 1376/1621/1376
f 527/556/527 435/453/435 1377/1623/1377 1376/1622/1376
f 434/467/434 437/468/437 1377/1623/1377 1378/1624/1378
f 431/466/431 434/467/434 1378/1624/1378 1379/1625/1379
f 500/465/500 431/466/431 1379/1625/1379 1380/1626/1380
f 501/447/501 426/443/426 1381/1627/1381 1380/1626/1380
f 425/463/425 428/464/428 1381/1627/1381 1382/1628/1382
f 423/444/423 403/472/403 1383/1629/1383 1382/1628/1382
f 370/469/370 380/776/380 1384/1631/1384 1739/1630/1739
f 380/776/380 713/773/713 1385/1632/1385 1384/1631/1384
f 293/302/293 1453/1587/1453 1450/1633/1450 278/360/278
f 1450/1633/1450 1457/1634/1457 339/361/339 278/360/278
f 1336/1576/1336 1337/1577/1337 793/834/793 798/979/798
f 1337/1577/1337 1338/1578/1338 788/833/788 793/834/793
f 1338/1578/1338 1339/1579/1339 784/975/784 788/833/788
f 1339/1579/1339 1340/1580/1340 780/974/780 784/975/784
f 1341/1581/1341 1340/1582/1340 910/1004/910 981/1003/981
f 1341/1581/1341 1342/1583/1342 744/973/744 976/984/976
f 1343/1584/1343 1342/1583/1342 743/841/743 875/842/875
f 1343/1584/1343 1344/1585/1344 900/972/900 874/971/874
f 276/310/276 368/359/368 336/1636/336 277/1635/277
f 1496/364/1496 339/361/339 1457/1634/1457 1531/1637/1531
f 1455/1638/1455 340/363/340 1496/364/1496 1531/1637/1531
f 1347/1588/1347 1346/1589/1346 726/774/726 381/775/381
f 1738/1590/1738 1347/1588/1347 381/775/381 362/470/362
f 1349/1591/1349 1348/1592/1348 404/471/404 424/445/424
f 1350/1593/1350 1349/1591/1349 424/445/424 427/446/427
f 1351/1594/1351 1350/1593/1350 427/446/427 502/448/502
f 1351/1594/1351 1352/1595/1352 444/475/444 504/474/504
f 1353/1596/1353 1352/1595/1352 430/451/430 433/452/433
f 1354/1597/1354 1353/1596/1353 433/452/433 436/454/436
f 1355/1598/1355 1354/1597/1354 436/454/436 528/557/528
f 1355/1599/1355 1356/1600/1356 547/588/547 530/589/530
f 1357/1601/1357 1356/1600/1356 545/603/545 562/606/562
f 1358/1602/1358 1357/1601/1357 562/606/562 579/624/579
f 1358/1602/1358 1359/1603/1359 598/661/598 581/632/581
f 1359/1603/1359 1360/1604/1360 615/669/615 598/661/598
f 1361/1605/1361 1360/1604/1360 613/679/613 630/683/630
f 1362/1606/1362 1361/1605/1361 630/683/630 647/704/647
f 1362/1606/1362 1363/1607/1363 666/724/666 649/712/649
f 1363/1607/1363 1364/1608/1364 683/747/683 666/724/666
f 1364/1608/1364 1365/1609/1365 700/748/700 683/747/683
f 1366/1610/1366 1365/1609/1365 698/1640/698 697/1639/697
f 1366/1611/1366 1367/1612/1367 682/736/682 699/755/699
f 1367/1612/1367 1368/1613/1368 665/727/665 682/736/682
f 1369/1614/1369 1368/1613/1368 663/733/663 646/703/646
f 1369/1614/1369 1370/1615/1370 631/693/631 648/714/648
f 1371/1616/1371 1370/1615/1370 629/682/629 612/678/612
f 1372/1617/1372 1371/1616/1371 612/678/612 595/652/595
f 1372/1617/1372 1373/1618/1373 580/634/580 597/641/597
f 1373/1618/1373 1374/1619/1374 563/616/563 580/634/580
f 1375/1620/1375 1374/1619/1374 561/605/561 544/600/544
f 1376/1621/1376 1375/1620/1375 544/600/544 527/601/527
f 1376/1622/1376 1377/1623/1377 437/468/437 529/561/529
f 1378/1624/1378 1377/1623/1377 435/453/435 432/449/432
f 1379/1625/1379 1378/1624/1378 432/449/432 429/450/429
f 1380/1626/1380 1379/1625/1379 429/450/429 501/447/501
f 1380/1626/1380 1381/1627/1381 428/464/428 500/465/500
f 1382/1628/1382 1381/1627/1381 426/443/426 423/444/423
f 1382/1628/1382 1383/1629/1383 408/426/408 425/463/425
f 1739/1630/1739 1384/1631/1384 379/390/379 369/391/369
f 1384/1631/1384 1385/1632/1385 712/1641/712 379/390/379
f 341/366/341 340/363/340 1455/1638/1455 1456/1642/1456
f 1386/1646/1386 1387/1645/1387 1663/1644/1663 1664/1643/1664
f 1387/1645/1387 1388/1648/1388 1662/1647/1662 1663/1644/1663
f 1388/1648/1388 1389/1650/1389 1661/1649/1661 1662/1647/1662
f 1390/1654/1390 1391/1653/1391 1659/1652/1659 1660/1651/1660
f 1391/1653/1391 1392/1656/1392 879/1655/879 1659/1652/1659
f 1392/1656/1392 1393/1658/1393 1718/1657/1718 879/1655/879
f 1393/1658/1393 1394/1660/1394 1665/1659/1665 1718/1657/1718
f 1394/1660/1394 1395/1662/1395 1719/1661/1719 1665/1659/1665
f 1395/1662/1395 1396/1664/1396 1720/1663/1720 1719/1661/1719
f 4/7/4 1397/4/1397 1398/1/1398 3/6/3
f 1399/9/1399 1398/1/1398 1/2/1 7/1184/7
f 1400/14/1400 1399/9/1399 7/1184/7 10/1182/10
f 1401/17/1401 1400/14/1400 10/1182/10 13/1180/13
f 1402/20/1402 1401/17/1401 13/1180/13 16/1176/16
f 1403/23/1403 1402/20/1402 16/1176/16 19/1177/19
f 1404/26/1404 1403/23/1403 19/1177/19 22/1218/22
f 1405/29/1405 1404/26/1404 22/1218/22 25/1214/25
f 1406/32/1406 1405/29/1405 25/1214/25 28/1215/28
f 1527/35/1527 1406/32/1406 28/1215/28 1478/1210/1478
f 1409/40/1409 1408/41/1408 34/1206/34 37/1207/37
f 1412/42/1412 1411/43/1411 45/1203/45 48/1198/48
f 1413/48/1413 1412/42/1412 48/1198/48 51/1199/51
f 1528/51/1528 1413/48/1413 51/1199/51 1480/1194/1480
f 1415/54/1415 1397/4/1397 4/7/4 56/57/56
f 1416/60/1416 1415/54/1415 56/57/56 59/59/59
f 1417/64/1417 1416/60/1416 59/59/59 62/63/62
f 1422/68/1422 1417/64/1417 62/63/62 101/67/101
f 1419/74/1419 1418/75/1418 65/72/65 68/73/68
f 1420/80/1420 1419/74/1419 68/73/68 71/79/71
f 1421/84/1421 1420/80/1420 71/79/71 74/83/74
f 1418/75/1418 1422/68/1422 101/67/101 65/72/65
f 34/1206/34 1408/41/1408 1407/1575/1407 31/1211/31
f 94/179/94 1445/105/1445 1447/104/1447 91/185/91
f 83/109/83 1427/100/1427 1428/99/1428 84/172/84
f 80/93/80 1437/90/1437 1439/89/1439 81/157/81
f 76/162/76 1440/87/1440 1435/86/1435 77/161/77
f 92/176/92 1426/102/1426 1448/101/1448 93/108/93
f 99/122/99 1442/112/1442 1444/111/1444 98/120/98
f 100/124/100 1423/113/1423 1442/112/1442 99/122/99
f 1427/100/1427 1448/101/1448 12/13/12 15/16/15
f 85/166/85 1429/98/1429 1430/97/1430 86/165/86
f 1425/107/1425 1441/114/1441 102/66/102 63/62/63
f 86/165/86 1430/97/1430 1431/96/1431 87/170/87
f 89/1571/89 1432/1573/1432 1440/87/1440 76/162/76
f 88/169/88 1433/95/1433 1529/94/1529 1483/950/1483
f 98/120/98 1444/111/1444 1443/110/1443 97/115/97
f 90/182/90 1446/103/1446 1426/102/1426 92/176/92
f 91/185/91 1447/104/1447 1446/103/1446 90/182/90
f 1441/114/1441 1443/110/1443 66/71/66 102/66/102
f 96/117/96 1425/107/1425 1424/106/1424 95/180/95
f 84/172/84 1428/99/1428 1429/98/1429 85/166/85
f 1437/90/1437 1436/91/1436 43/46/43 46/47/46
f 95/180/95 1424/106/1424 1445/105/1445 94/179/94
f 81/157/81 1439/89/1439 1530/88/1530 1482/159/1482
f 87/170/87 1431/96/1431 1433/95/1433 88/169/88
f 33/1572/33 1476/34/1476 1477/33/1477 32/1574/32
f 285/365/285 341/366/341 1456/1642/1456 1451/1665/1451
f 285/365/285 1451/1665/1451 1539/1666/1539 1469/305/1469
f 1461/1670/1461 1458/1669/1458 1459/1668/1459 1460/1667/1460
f 1490/1674/1490 215/1673/215 183/1672/183 1500/1671/1500
f 163/1678/163 1464/1677/1464 1462/1676/1462 164/1675/164
f 1500/1671/1500 183/1672/183 890/1680/890 1486/1679/1486
f 201/300/201 200/301/200 163/1678/163 164/1675/164
f 1456/1642/1456 1455/1638/1455 337/311/337 338/312/338
f 164/1675/164 1462/1676/1462 1463/1682/1463 165/1681/165
f 202/299/202 201/300/201 164/1675/164 165/1681/165
f 1486/1679/1486 890/1680/890 1458/1669/1458 1461/1670/1461
f 319/313/319 359/367/359 289/1683/289 338/312/338
f 1609/1687/1609 1648/1686/1648 1706/1685/1706 1703/1684/1703
f 246/1689/246 245/1688/245 1396/1664/1396 1395/1662/1395
f 244/1690/244 246/1689/246 1395/1662/1395 1394/1660/1394
f 714/1691/714 244/1690/244 1394/1660/1394 1393/1658/1393
f 1393/1658/1393 1392/1656/1392 715/1692/715 714/1691/714
f 1538/490/1538 1473/491/1473 360/335/360 315/331/315
f 361/334/361 360/335/360 1473/491/1473 1535/1693/1535
f 289/1683/289 359/367/359 1537/1695/1537 1536/1694/1536
f 316/328/316 342/372/342 315/331/315 310/326/310
f 311/323/311 316/328/316 310/326/310 305/320/305
f 306/316/306 311/323/311 305/320/305 300/309/300
f 300/309/300 276/310/276 301/315/301 306/316/306
f 277/1635/277 296/1696/296 301/315/301 276/310/276
f 278/360/278 279/287/279 1470/296/1470 293/302/293
f 379/390/379 712/1641/712 377/1697/377 378/389/378
f 296/1696/296 297/357/297 302/318/302 301/315/301
f 303/322/303 302/318/302 297/357/297 298/358/298
f 32/1574/32 1477/33/1477 1527/35/1527 1407/1575/1407
f 53/1699/53 1479/52/1479 1528/51/1528 1414/1698/1414
f 52/1700/52 1481/53/1481 1479/52/1479 53/1699/53
f 1530/88/1530 1481/53/1481 52/1700/52 1438/1701/1438
f 1529/94/1529 1476/34/1476 33/1572/33 1432/1573/1432
f 1484/158/1484 1482/159/1482 82/1703/82 144/1702/144
f 1489/228/1489 1487/229/1487 197/1570/197 219/1566/219
f 1491/262/1491 1489/228/1489 219/1566/219 260/1567/260
f 284/306/284 1493/291/1493 1494/290/1494 283/362/283
f 198/303/198 1488/294/1488 1493/291/1493 284/306/284
f 1392/1656/1392 1391/1653/1391 716/1704/716 715/1692/715
f 1469/305/1469 1539/1666/1539 1546/1705/1546 204/304/204
f 339/361/339 1496/364/1496 1494/290/1494 281/286/281
f 852/1016/852 1498/928/1498 1646/927/1646 1638/1568/1638
f 151/956/151 1485/951/1485 1483/950/1483 89/1571/89
f 150/168/150 1485/951/1485 1499/954/1499 188/211/188
f 197/1570/197 1487/229/1487 1499/954/1499 887/955/887
f 1703/1684/1703 1461/1670/1461 1460/1667/1460 1649/1706/1649
f 1497/1012/1497 1498/928/1498 852/1016/852 849/1017/849
f 1648/1686/1648 1609/1687/1609 142/155/142 143/156/143
f 2197/1193/2197 1480/1194/1480 51/1199/51 2186/1200/2186
f 2198/1209/2198 1478/1210/1478 28/1215/28 2194/1216/2194
f 1504/1246/1504 1502/1247/1502 1052/1238/1052 1078/1239/1078
f 1503/1256/1503 1501/1257/1501 1045/1250/1045 1071/1251/1071
f 1506/1301/1506 1504/1302/1504 1078/1291/1078 1104/1292/1104
f 1505/1311/1505 1503/1312/1503 1071/1305/1071 1097/1306/1097
f 1508/1344/1508 1506/1301/1506 1104/1292/1104 1130/1339/1130
f 1507/1348/1507 1505/1311/1505 1097/1306/1097 1123/1346/1123
f 1510/1361/1510 1508/1344/1508 1130/1339/1130 1156/1355/1156
f 1509/1366/1509 1507/1348/1507 1123/1346/1123 1149/1363/1149
f 1512/1396/1512 1510/1361/1510 1156/1355/1156 1182/1391/1182
f 1511/1401/1511 1509/1366/1509 1149/1363/1149 1175/1398/1175
f 1206/1408/1206 1513/1413/1513 1511/1401/1511 1175/1398/1175
f 1514/1426/1514 1512/1396/1512 1182/1391/1182 1207/1420/1207
f 1514/1426/1514 1516/1436/1516 1234/1707/1234 1208/1427/1208
f 1513/1413/1513 1515/1446/1515 1227/1456/1227 1201/1412/1201
f 1515/1446/1515 1517/1457/1517 1253/1477/1253 1227/1456/1227
f 1516/1436/1516 1518/1481/1518 1260/1708/1260 1234/1707/1234
f 1518/1481/1518 1520/1502/1520 1286/1709/1286 1260/1708/1260
f 1517/1457/1517 1519/1507/1519 1279/1497/1279 1253/1477/1253
f 1318/1551/1318 1293/1484/1293 1294/1508/1294 1317/1547/1317
f 1322/1536/1322 1289/1506/1289 1288/1501/1288 1323/1517/1323
f 1521/1523/1521 1275/1488/1275 1274/1505/1274 1522/1522/1522
f 1284/1504/1284 1327/1516/1327 1315/1513/1315 1519/1507/1519
f 1329/1528/1329 1282/1565/1282 1281/1485/1281 1330/1533/1330
f 1317/1547/1317 1294/1508/1294 1286/1709/1286 1325/1546/1325
f 1325/1546/1325 1286/1709/1286 1520/1502/1520 1314/1556/1314
f 1391/1653/1391 1390/1654/1390 717/1710/717 716/1704/716
f 1407/1575/1407 1527/35/1527 1478/1210/1478 31/1211/31
f 1414/1698/1414 1528/51/1528 1480/1194/1480 54/1195/54
f 1483/950/1483 1529/94/1529 1432/1573/1432 89/1571/89
f 1482/159/1482 1530/88/1530 1438/1701/1438 82/1703/82
f 724/771/724 725/1146/725 734/1712/734 732/1711/732
f 1609/1687/1609 1703/1684/1703 1649/1706/1649 1619/1713/1619
f 288/354/288 320/314/320 337/311/337 1495/1714/1495
f 279/287/279 280/288/280 290/295/290 1470/296/1470
f 1495/1714/1495 336/1636/336 368/359/368 288/354/288
f 1538/490/1538 315/331/315 342/372/342 1474/429/1474
f 1386/1646/1386 1664/1643/1664 1729/1716/1729 1588/1715/1588
f 1539/1666/1539 1451/1665/1451 289/1683/289 1536/1694/1536
f 343/373/343 1471/388/1471 1474/429/1474 342/372/342
f 732/1711/732 729/1717/729 723/772/723 724/771/724
f 1536/1694/1536 1475/1718/1475 1546/1705/1546 1539/1666/1539
f 722/779/722 723/772/723 729/1717/729 735/1719/735
f 735/1719/735 881/1720/881 731/778/731 722/779/722
f 730/777/730 731/778/731 881/1720/881 880/1721/880
f 1453/1587/1453 1452/356/1452 297/357/297 296/1696/296
f 1450/1633/1450 1453/1587/1453 296/1696/296 277/1635/277
f 277/1635/277 336/1636/336 1457/1634/1457 1450/1633/1450
f 1531/1637/1531 1457/1634/1457 336/1636/336 1495/1714/1495
f 1495/1714/1495 337/311/337 1455/1638/1455 1531/1637/1531
f 198/303/198 204/304/204 185/1723/185 162/1722/162
f 1451/1665/1451 1456/1642/1456 338/312/338 289/1683/289
f 1346/1589/1346 730/777/730 880/1721/880 1345/1724/1345
f 1345/1724/1345 1542/1725/1542 726/774/726 1346/1589/1346
f 713/773/713 726/774/726 1542/1725/1542 1543/1726/1543
f 1385/1632/1385 713/773/713 1543/1726/1543 1544/1727/1544
f 1544/1727/1544 1545/1728/1545 712/1641/712 1385/1632/1385
f 1545/1728/1545 1658/1729/1658 377/1697/377 712/1641/712
f 1475/1718/1475 1468/371/1468 1467/368/1467 1546/1705/1546
f 1721/1733/1721 883/1732/883 1541/1731/1541 1722/1730/1722
f 1467/368/1467 185/1723/185 204/304/204 1546/1705/1546
f 118/135/118 124/140/124 1490/1674/1490 892/1155/892
f 721/1734/721 717/1710/717 1390/1654/1390 1389/1650/1389
f 1389/1650/1389 1388/1648/1388 720/1735/720 721/1734/721
f 892/1155/892 1490/1674/1490 1500/1671/1500 1707/1154/1707
f 1388/1648/1388 1387/1645/1387 718/1736/718 720/1735/720
f 1387/1645/1387 1386/1646/1386 719/1737/719 718/1736/718
f 1707/1154/1707 1500/1671/1500 1486/1679/1486 1706/1685/1706
f 1554/1741/1554 1606/1740/1606 1605/1739/1605 1577/1738/1577
f 1588/1715/1588 1589/1742/1589 719/1737/719 1386/1646/1386
f 1589/1742/1589 1588/1715/1588 1585/1744/1585 1586/1743/1586
f 1582/1746/1582 1583/1745/1583 1586/1743/1586 1585/1744/1585
f 1579/1748/1579 1580/1747/1580 1583/1745/1583 1582/1746/1582
f 1580/1747/1580 1579/1748/1579 1576/1749/1576 1577/1738/1577
f 1554/1741/1554 1577/1738/1577 1576/1749/1576 1552/1750/1552
f 1344/1585/1344 898/987/898 1698/1751/1698 1697/1586/1697
f 1557/1755/1557 1562/1754/1562 1611/1753/1611 1614/1752/1614
f 1463/1682/1463 1462/1676/1462 126/144/126 132/150/132
f 1462/1676/1462 1464/1677/1464 120/143/120 126/144/126
f 1555/1759/1555 1556/1758/1556 1607/1757/1607 1618/1756/1618
f 215/1673/215 120/143/120 1464/1677/1464 1657/1760/1657
f 1614/1752/1614 1568/1763/1568 1567/1762/1567 1615/1761/1615
f 1556/1758/1556 1564/1765/1564 1612/1764/1612 1607/1757/1607
f 1610/1769/1610 1565/1768/1565 1572/1767/1572 1617/1766/1617
f 1615/1761/1615 1567/1762/1567 1566/1771/1566 1613/1770/1613
f 1613/1770/1613 1566/1771/1566 1565/1768/1565 1610/1769/1610
f 1570/1774/1570 1569/1773/1569 1612/1764/1612 1616/1772/1616
f 1568/1763/1568 1571/1777/1571 1625/1776/1625 1620/1775/1620
f 1617/1766/1617 1572/1767/1572 1570/1774/1570 1616/1772/1616
f 1568/1763/1568 1620/1775/1620 1621/1778/1621 1567/1762/1567
f 1567/1762/1567 1621/1778/1621 1622/1779/1622 1566/1771/1566
f 1552/1750/1552 1576/1749/1576 1725/1781/1725 1724/1780/1724
f 1577/1738/1577 1605/1739/1605 1604/1782/1604 1580/1747/1580
f 1576/1749/1576 1579/1748/1579 1726/1783/1726 1725/1781/1725
f 1579/1748/1579 1582/1746/1582 1727/1784/1727 1726/1783/1726
f 183/1672/183 215/1673/215 1657/1760/1657 1655/1785/1655
f 1655/1785/1655 1653/1786/1653 890/1680/890 183/1672/183
f 1582/1746/1582 1585/1744/1585 1728/1787/1728 1727/1784/1727
f 1585/1744/1585 1588/1715/1588 1729/1716/1729 1728/1787/1728
f 270/1791/270 269/1790/269 1602/1789/1602 1601/1788/1601
f 269/1790/269 268/1793/268 1595/1792/1595 1602/1789/1602
f 1587/1794/1587 264/266/264 257/258/257 258/257/258
f 1584/1795/1584 1587/1794/1587 258/257/258 259/256/259
f 1581/1796/1581 1584/1795/1584 259/256/259 1491/262/1491
f 1491/262/1491 260/1567/260 1578/1797/1578 1581/1796/1581
f 260/1567/260 885/949/885 1575/1798/1575 1578/1797/1578
f 885/949/885 220/946/220 1466/1799/1466 1575/1798/1575
f 1492/1801/1492 270/1791/270 1601/1788/1601 1603/1800/1603
f 252/1089/252 1592/1803/1592 1593/1802/1593 253/1088/253
f 253/1088/253 1593/1802/1593 1594/1804/1594 251/769/251
f 241/254/241 1596/1806/1596 1590/1805/1590 240/252/240
f 242/250/242 1597/1807/1597 1591/273/1591 243/249/243
f 240/252/240 1590/1805/1590 1597/1807/1597 242/250/242
f 251/769/251 1594/1804/1594 1596/1806/1596 241/254/241
f 265/1809/265 1598/1808/1598 1595/1792/1595 268/1793/268
f 266/268/266 1599/1810/1599 1598/1808/1598 265/1809/265
f 267/269/267 1600/274/1600 1599/1810/1599 266/268/266
f 1603/1800/1603 1604/1782/1604 271/1811/271 1492/1801/1492
f 1604/1782/1604 1605/1739/1605 893/1812/893 271/1811/271
f 1605/1739/1605 1606/1740/1606 737/1813/737 893/1812/893
f 142/155/142 1609/1687/1609 1619/1713/1619 141/154/141
f 1553/1815/1553 1608/1814/1608 1606/1740/1606 1554/1741/1554
f 1614/1752/1614 1611/1753/1611 1571/1777/1571 1568/1763/1568
f 1618/1756/1618 1607/1757/1607 1574/1817/1574 1573/1816/1573
f 1557/1755/1557 1614/1752/1614 1615/1761/1615 1558/1818/1558
f 1607/1757/1607 1612/1764/1612 1569/1773/1569 1574/1817/1574
f 1560/1820/1560 1610/1769/1610 1617/1766/1617 1561/1819/1561
f 1558/1818/1558 1615/1761/1615 1613/1770/1613 1559/1821/1559
f 1559/1821/1559 1613/1770/1613 1610/1769/1610 1560/1820/1560
f 1616/1772/1616 1612/1764/1612 1564/1765/1564 1563/1822/1563
f 1561/1819/1561 1617/1766/1617 1616/1772/1616 1563/1822/1563
f 1566/1771/1566 1622/1779/1622 1623/1823/1623 1565/1768/1565
f 1458/1669/1458 890/1680/890 1653/1786/1653 1651/1824/1651
f 1459/1668/1459 1458/1669/1458 1651/1824/1651 1650/1825/1650
f 1459/1668/1459 1650/1825/1650 1547/369/1547 1449/1826/1449
f 1547/369/1547 1548/370/1548 1550/1827/1550 1449/1826/1449
f 1540/1829/1540 1549/1828/1549 1555/1759/1555 1618/1756/1618
f 1565/1768/1565 1623/1823/1623 1624/1830/1624 1572/1767/1572
f 1572/1767/1572 1624/1830/1624 1626/1831/1626 1570/1774/1570
f 1626/1831/1626 1627/1832/1627 1569/1773/1569 1570/1774/1570
f 1620/1775/1620 1625/1776/1625 1696/1833/1696 1691/1161/1691
f 1627/1832/1627 1628/1834/1628 1574/1817/1574 1569/1773/1569
f 1628/1834/1628 1627/1832/1627 1698/1751/1698 1699/1835/1699
f 736/1836/736 737/1813/737 1606/1740/1606 1608/1814/1608
f 247/1079/247 1631/253/1631 1629/251/1629 249/843/249
f 248/1091/248 1632/255/1632 1631/253/1631 247/1079/247
f 273/272/273 1634/270/1634 1633/267/1633 272/276/272
f 267/269/267 1634/270/1634 1630/248/1630 243/249/243
f 1639/275/1639 1633/267/1633 266/268/266 265/1809/265
f 963/1169/963 1645/770/1645 1632/255/1632 248/1091/248
f 1635/917/1635 1636/918/1636 269/1790/269 270/1791/270
f 1636/918/1636 1637/921/1637 268/1793/268 269/1790/269
f 1646/927/1646 1635/917/1635 270/1791/270 1492/1801/1492
f 1637/921/1637 1639/275/1639 265/1809/265 268/1793/268
f 1640/937/1640 1641/938/1641 737/1813/737 736/1836/736
f 1641/938/1641 1642/961/1642 893/1812/893 737/1813/737
f 964/1132/964 1643/1090/1643 1644/1087/1644 965/1131/965
f 965/1131/965 1644/1087/1644 1645/770/1645 963/1169/963
f 893/1812/893 1642/961/1642 1638/1568/1638 271/1811/271
f 1638/1568/1638 1646/927/1646 1492/1801/1492 271/1811/271
f 738/988/738 876/785/876 877/786/877 1640/937/1640
f 1623/1823/1623 1694/1158/1694 1695/1157/1695 1624/1830/1624
f 1484/158/1484 1532/1153/1532 1648/1686/1648 143/156/143
f 144/1702/144 1647/1156/1647 1532/1153/1532 1484/158/1484
f 1703/1684/1703 1706/1685/1706 1486/1679/1486 1461/1670/1461
f 215/1673/215 1490/1674/1490 124/140/124 120/143/120
f 1551/1837/1551 1553/1815/1553 1554/1741/1554 1552/1750/1552
f 1549/1828/1549 1540/1829/1540 1541/1731/1541 883/1732/883
f 1650/1825/1650 185/1723/185 1467/368/1467 1547/369/1547
f 1544/1727/1544 1555/1759/1555 1549/1828/1549 1545/1728/1545
f 1544/1727/1544 1543/1726/1543 1556/1758/1556 1555/1759/1555
f 162/1722/162 185/1723/185 1650/1825/1650 1651/1824/1651
f 1651/1824/1651 1653/1786/1653 1652/1838/1652 162/1722/162
f 1543/1726/1543 1542/1725/1542 1564/1765/1564 1556/1758/1556
f 1542/1725/1542 1345/1724/1345 1563/1822/1563 1564/1765/1564
f 198/303/198 162/1722/162 1652/1838/1652 1488/294/1488
f 1345/1724/1345 880/1721/880 1561/1819/1561 1563/1822/1563
f 1653/1786/1653 1655/1785/1655 1654/1839/1654 1652/1838/1652
f 1560/1820/1560 1561/1819/1561 880/1721/880 881/1720/881
f 1652/1838/1652 1654/1839/1654 203/293/203 1488/294/1488
f 199/292/199 203/293/203 1654/1839/1654 1656/1840/1656
f 200/301/200 199/292/199 1656/1840/1656 163/1678/163
f 1654/1839/1654 1655/1785/1655 1657/1760/1657 1656/1840/1656
f 1464/1677/1464 163/1678/163 1656/1840/1656 1657/1760/1657
f 1559/1821/1559 1560/1820/1560 881/1720/881 735/1719/735
f 1558/1818/1558 1559/1821/1559 735/1719/735 729/1717/729
f 729/1717/729 732/1711/732 1557/1755/1557 1558/1818/1558
f 732/1711/732 734/1712/734 1562/1754/1562 1557/1755/1557
f 1730/1841/1730 1658/1729/1658 883/1732/883 1721/1733/1721
f 1660/1651/1660 1661/1649/1661 1389/1650/1389 1390/1654/1390
f 1667/1844/1667 1666/1843/1666 1944/1842/1944 1945/1030/1945
f 1683/1023/1683 1667/1844/1667 1668/1846/1668 1682/1845/1682
f 1682/1845/1682 1668/1846/1668 1669/1847/1669 1681/1034/1681
f 1670/1849/1670 1669/1847/1669 1947/1031/1947 1950/1848/1950
f 1671/1851/1671 1670/1849/1670 1950/1848/1950 1953/1850/1953
f 1672/1853/1672 1671/1851/1671 1953/1850/1953 1957/1852/1957
f 1673/1855/1673 1672/1853/1672 1957/1852/1957 1961/1854/1961
f 1674/1856/1674 1673/1855/1673 1961/1854/1961 1958/1124/1958
f 1674/1856/1674 1675/1858/1675 1676/1857/1676 1677/1105/1677
f 1680/1033/1680 1681/1034/1681 1669/1847/1669 1670/1849/1670
f 1683/1023/1683 1684/1024/1684 1666/1843/1666 1667/1844/1667
f 1685/1037/1685 1678/1036/1678 1672/1853/1672 1673/1855/1673
f 1677/1105/1677 1685/1037/1685 1673/1855/1673 1674/1856/1674
f 1004/1026/1004 1683/1023/1683 1682/1845/1682 1023/1039/1023
f 1679/1035/1679 1680/1033/1680 1670/1849/1670 1671/1851/1671
f 1678/1036/1678 1679/1035/1679 1671/1851/1671 1672/1853/1672
f 1023/1039/1023 1682/1845/1682 1681/1034/1681 873/945/873
f 1677/1105/1677 1676/1857/1676 914/1104/914 983/1022/983
f 1545/1728/1545 1549/1828/1549 883/1732/883 1658/1729/1658
f 1689/1862/1689 1687/1861/1687 1686/1860/1686 1688/1859/1688
f 1573/1816/1573 1688/1859/1688 1540/1829/1540 1618/1756/1618
f 1541/1731/1541 1540/1829/1540 1688/1859/1688 1686/1860/1686
f 1541/1731/1541 1686/1860/1686 1732/1863/1732 1722/1730/1722
f 1573/1816/1573 1690/1864/1690 1689/1862/1689 1688/1859/1688
f 1573/1816/1573 1574/1817/1574 1628/1834/1628 1690/1864/1690
f 1622/1779/1622 1693/1159/1693 1694/1158/1694 1623/1823/1623
f 1621/1778/1621 1692/1160/1692 1693/1159/1693 1622/1779/1622
f 1620/1775/1620 1691/1161/1691 1692/1160/1692 1621/1778/1621
f 1624/1830/1624 1695/1157/1695 1697/1586/1697 1626/1831/1626
f 1697/1586/1697 1698/1751/1698 1627/1832/1627 1626/1831/1626
f 1691/1161/1691 1696/1833/1696 733/1152/733 902/963/902
f 1699/1835/1699 1698/1751/1698 898/987/898 738/988/738
f 1702/1866/1702 1701/1865/1701 1553/1815/1553 1551/1837/1551
f 1465/1870/1465 1533/1869/1533 1705/1868/1705 1704/1867/1704
f 1700/1871/1700 1690/1864/1690 1628/1834/1628 1699/1835/1699
f 1533/1869/1533 193/1872/193 1460/1667/1460 1705/1868/1705
f 736/1836/736 1608/1814/1608 1700/1871/1700 1699/1835/1699
f 1550/1827/1550 1704/1867/1704 1705/1868/1705 1449/1826/1449
f 1459/1668/1459 1449/1826/1449 1705/1868/1705 1460/1667/1460
f 1608/1814/1608 1553/1815/1553 1701/1865/1701 1700/1871/1700
f 1640/937/1640 736/1836/736 1699/1835/1699 738/988/738
f 1690/1864/1690 1700/1871/1700 1701/1865/1701 1689/1862/1689
f 1532/1153/1532 1707/1154/1707 1706/1685/1706 1648/1686/1648
f 1702/1866/1702 1687/1861/1687 1689/1862/1689 1701/1865/1701
f 1466/1799/1466 220/946/220 1533/1869/1533 1465/1870/1465
f 193/1872/193 1533/1869/1533 220/946/220 214/947/214
f 214/947/214 888/957/888 891/1873/891 193/1872/193
f 888/957/888 184/953/184 192/1874/192 891/1873/891
f 140/1875/140 192/1874/192 184/953/184 139/160/139
f 139/160/139 77/161/77 78/1876/78 140/1875/140
f 1434/1877/1434 78/1876/78 77/161/77 1435/86/1435
f 1435/86/1435 39/39/39 40/1878/40 1434/1877/1434
f 41/1879/41 40/1878/40 39/39/39 38/36/38
f 1410/1880/1410 41/1879/41 38/36/38 1409/40/1409
f 1580/1747/1580 1604/1782/1604 1603/1800/1603 1583/1745/1583
f 1603/1800/1603 1601/1788/1601 1586/1743/1586 1583/1745/1583
f 1601/1788/1601 1602/1789/1602 1589/1742/1589 1586/1743/1586
f 719/1737/719 1589/1742/1589 1602/1789/1602 1595/1792/1595
f 718/1736/718 719/1737/719 1595/1792/1595 1598/1808/1598
f 720/1735/720 718/1736/718 1598/1808/1598 1599/1810/1599
f 721/1734/721 720/1735/720 1599/1810/1599 1600/274/1600
f 1319/1537/1319 1292/1490/1292 1289/1506/1289 1322/1536/1322
f 1282/1565/1282 1256/1881/1256 1255/1466/1255 1281/1485/1281
f 1256/1881/1256 1230/1882/1230 1229/1451/1229 1255/1466/1255
f 1203/1414/1203 1229/1451/1229 1230/1882/1230 1204/1883/1204
f 1178/1386/1178 1203/1414/1203 1204/1883/1204 1179/1884/1179
f 1179/1884/1179 1153/1885/1153 1152/1376/1152 1178/1386/1178
f 1153/1885/1153 1127/1886/1127 1126/1335/1126 1152/1376/1152
f 1127/1886/1127 1101/1887/1101 1100/1280/1100 1126/1335/1126
f 1101/1887/1101 1075/1888/1075 1074/1279/1074 1100/1280/1100
f 1075/1890/1075 1049/1889/1049 1048/1225/1048 1074/1226/1074
f 2192/1208/2192 1048/1225/1048 1049/1889/1049 2191/1891/2191
f 1409/40/1409 37/1207/37 42/1892/42 1410/1880/1410
f 1600/274/1600 1591/273/1591 717/1710/717 721/1734/721
f 716/1704/716 717/1710/717 1591/273/1591 1597/1807/1597
f 715/1692/715 716/1704/716 1597/1807/1597 1590/1805/1590
f 714/1691/714 715/1692/715 1590/1805/1590 1596/1806/1596
f 1596/1806/1596 1594/1804/1594 244/1690/244 714/1691/714
f 1594/1804/1594 1593/1802/1593 246/1689/246 244/1690/244
f 1593/1802/1593 1592/1803/1592 245/1688/245 246/1689/246
f 1290/1499/1290 1321/1530/1321 1522/1522/1522 1274/1505/1274
f 1283/1503/1283 1257/1482/1257 1256/1881/1256 1282/1565/1282
f 1260/1708/1260 1286/1709/1286 1294/1508/1294 1268/1464/1268
f 1649/1706/1649 1460/1667/1460 193/1872/193 891/1873/891
f 891/1873/891 192/1874/192 1619/1713/1619 1649/1706/1649
f 141/154/141 1619/1713/1619 192/1874/192 140/1875/140
f 140/1875/140 78/1876/78 79/92/79 141/154/141
f 113/134/113 118/135/118 892/1155/892 1647/1156/1647
f 108/125/108 113/134/113 1647/1156/1647 144/1702/144
f 100/124/100 108/125/108 144/1702/144 82/1703/82
f 1306/1529/1306 1321/1530/1321 1524/1543/1524 1715/1544/1715
f 1308/1538/1308 1305/1535/1305 1715/1544/1715 1717/1541/1717
f 1305/1535/1305 1304/1518/1304 1306/1529/1306 1715/1544/1715
f 1304/1518/1304 1714/1519/1714 1713/1521/1713 1306/1529/1306
f 1714/1519/1714 1311/1562/1311 1712/1524/1712 1713/1521/1713
f 1311/1562/1311 1307/1563/1307 1303/1540/1303 1712/1524/1712
f 1711/1554/1711 1303/1540/1303 1307/1563/1307 1716/1560/1716
f 1716/1560/1716 1309/1552/1309 1710/1558/1710 1711/1554/1711
f 1300/1515/1300 1710/1558/1710 1309/1552/1309 1310/1548/1310
f 1312/1514/1312 1300/1515/1300 1310/1548/1310 1302/1545/1302
f 1708/1509/1708 1312/1514/1312 1302/1545/1302 1313/1555/1313
f 1313/1555/1313 1301/1550/1301 1296/1512/1296 1708/1509/1708
f 1301/1550/1301 1709/1532/1709 1297/1534/1297 1296/1512/1296
f 1298/1527/1298 1297/1534/1297 1709/1532/1709 1299/1526/1299
f 1257/1482/1257 1231/1439/1231 1230/1882/1230 1256/1881/1256
f 1204/1883/1204 1230/1882/1230 1231/1439/1231 1205/1417/1205
f 1205/1417/1205 1180/1383/1180 1179/1884/1179 1204/1883/1204
f 1153/1885/1153 1179/1884/1179 1180/1383/1180 1154/1374/1154
f 1154/1374/1154 1128/1332/1128 1127/1886/1127 1153/1885/1153
f 1128/1332/1128 1102/1273/1102 1101/1887/1101 1127/1886/1127
f 1075/1888/1075 1101/1887/1101 1102/1273/1102 1076/1274/1076
f 1049/1889/1049 1075/1890/1075 1076/1219/1076 1050/1220/1050
f 2191/1891/2191 1049/1889/1049 1050/1220/1050 2189/1202/2189
f 1410/1880/1410 42/1892/42 45/1203/45 1411/43/1411
f 1411/43/1411 44/44/44 41/1879/41 1410/1880/1410
f 44/44/44 43/46/43 40/1878/40 41/1879/41
f 1434/1877/1434 40/1878/40 43/46/43 1436/91/1436
f 1436/91/1436 79/92/79 78/1876/78 1434/1877/1434
f 1423/113/1423 100/124/100 82/1703/82 1438/1701/1438
f 1438/1701/1438 52/1700/52 75/82/75 1423/113/1423
f 74/83/74 75/82/75 52/1700/52 53/1699/53
f 1421/84/1421 74/83/74 53/1699/53 1414/1698/1414
f 1414/1698/1414 54/1195/54 73/85/73 1421/84/1421
f 2181/1196/2181 1053/1248/1053 1060/1268/1060 2180/1186/2180
f 1086/1267/1086 1060/1268/1060 1053/1248/1053 1079/1249/1079
f 1112/1321/1112 1086/1322/1086 1079/1303/1079 1105/1304/1105
f 1105/1304/1105 1131/1345/1131 1138/1330/1138 1112/1321/1112
f 1164/1373/1164 1138/1330/1138 1131/1345/1131 1157/1362/1157
f 1157/1362/1157 1183/1397/1183 1190/1379/1190 1164/1373/1164
f 1183/1397/1183 1208/1427/1208 1216/1410/1216 1190/1379/1190
f 1242/1454/1242 1216/1410/1216 1208/1427/1208 1234/1707/1234
f 1234/1707/1234 1260/1708/1260 1268/1464/1268 1242/1454/1242
f 1552/1750/1552 1724/1780/1724 1723/1893/1723 1551/1837/1551
f 1687/1861/1687 1731/1894/1731 1732/1863/1732 1686/1860/1686
f 1733/1895/1733 1731/1894/1731 1687/1861/1687 1702/1866/1702
f 1551/1837/1551 1723/1893/1723 1733/1895/1733 1702/1866/1702
f 373/1896/373 377/1697/377 1658/1729/1658 1730/1841/1730
f 378/389/378 377/1697/377 373/1896/373 375/1897/375
f 412/432/412 409/427/409 364/392/364 376/1898/376
f 357/477/357 358/401/358 455/402/455 451/480/451
f 370/469/370 362/470/362 381/775/381 380/776/380
f 357/477/357 356/478/356 1745/489/1745 1744/428/1744
f 410/523/410 1734/1899/1734 356/478/356 457/479/457
f 376/1898/376 375/1897/375 1741/1900/1741 1740/494/1740
f 1736/538/1736 1735/539/1735 481/529/481 487/542/487
f 481/529/481 1735/539/1735 371/395/371 407/396/407
f 493/732/493 1737/1145/1737 1736/538/1736 487/542/487
f 405/397/405 374/398/374 1738/1590/1738 1348/1592/1348
f 403/472/403 370/469/370 1739/1630/1739 1383/1629/1383
f 1348/1592/1348 1738/1590/1738 362/470/362 404/471/404
f 1383/1629/1383 1739/1630/1739 369/391/369 408/426/408
f 376/1898/376 364/392/364 378/389/378 375/1897/375
f 450/487/450 470/1901/470 420/440/420 418/437/418
f 505/486/505 450/487/450 418/437/418 498/438/498
f 498/438/498 416/434/416 449/483/449 505/486/505
f 448/482/448 449/483/449 416/434/416 414/431/414
f 411/495/411 448/482/448 414/431/414 412/432/412
f 1740/494/1740 411/495/411 412/432/412 376/1898/376
f 1536/1694/1536 1537/1695/1537 373/1896/373 1730/1841/1730
f 373/1896/373 1537/1695/1537 1741/1900/1741 375/1897/375
f 1730/1841/1730 1721/1733/1721 1475/1718/1475 1536/1694/1536
f 1721/1733/1721 1722/1730/1722 1468/371/1468 1475/1718/1475
f 1722/1730/1722 1732/1863/1732 1548/370/1548 1468/371/1468
f 1732/1863/1732 1731/1894/1731 1550/1827/1550 1548/370/1548
f 1731/1894/1731 1733/1895/1733 1704/1867/1704 1550/1827/1550
f 1465/1870/1465 1704/1867/1704 1733/1895/1733 1723/1893/1723
f 1723/1893/1723 1724/1780/1724 1466/1799/1466 1465/1870/1465
f 358/401/358 1743/404/1743 1742/403/1742 363/400/363
f 1744/428/1744 1743/404/1743 358/401/358 357/477/357
f 1734/1899/1734 1746/492/1746 1745/489/1745 356/478/356
f 1744/428/1744 1745/489/1745 1538/490/1538 1474/429/1474
f 1762/517/1762 1760/551/1760 517/1902/517 470/1901/470
f 454/499/454 1753/488/1753 1761/485/1761 506/498/506
f 1746/492/1746 1734/1899/1734 1764/493/1764 1763/1903/1763
f 506/498/506 1761/485/1761 1752/484/1752 453/503/453
f 452/502/452 1751/481/1751 1754/496/1754 410/523/410
f 410/523/410 1754/496/1754 1764/493/1764 1734/1899/1734
f 453/503/453 1752/484/1752 1751/481/1751 452/502/452
f 450/487/450 1753/488/1753 1762/517/1762 470/1901/470
f 1760/551/1760 1759/572/1759 534/1904/534 517/1902/517
f 1759/584/1759 1750/585/1750 551/1906/551 534/1905/534
f 1750/585/1750 1749/612/1749 568/1907/568 551/1906/551
f 1749/612/1749 1748/630/1748 585/1908/585 568/1907/568
f 1748/630/1748 1747/660/1747 602/1909/602 585/1908/585
f 1747/660/1747 1758/667/1758 619/1910/619 602/1909/602
f 1758/667/1758 1757/689/1757 636/1911/636 619/1910/619
f 1757/689/1757 1756/710/1756 653/1912/653 636/1911/636
f 1756/710/1756 1755/722/1755 670/1913/670 653/1912/653
f 1755/722/1755 1766/746/1766 687/757/687 670/1913/670
f 1766/746/1766 1765/765/1765 704/758/704 687/757/687
f 1763/1903/1763 1764/493/1764 1740/494/1740 1741/1900/1741
f 359/367/359 361/334/361 1535/1693/1535 1537/1695/1537
f 1535/1693/1535 1763/1903/1763 1741/1900/1741 1537/1695/1537
f 1763/1903/1763 1535/1693/1535 1473/491/1473 1746/492/1746
f 695/767/695 1765/1914/1765 707/751/707 701/749/701
f 1765/1914/1765 703/1915/703 706/750/706 707/751/707
f 702/763/702 710/764/710 709/761/709 703/766/703
f 703/1915/703 709/1916/709 705/753/705 706/750/706
f 709/1916/709 708/1917/708 711/752/711 705/753/705
f 670/1913/670 687/757/687 679/737/679 662/728/662
f 662/728/662 645/715/645 653/1912/653 670/1913/670
f 645/715/645 628/694/628 636/1911/636 653/1912/653
f 628/694/628 611/673/611 619/1910/619 636/1911/636
f 611/673/611 594/642/594 602/1909/602 619/1910/619
f 585/1908/585 602/1909/602 594/642/594 577/635/577
f 577/635/577 560/617/560 568/1907/568 585/1908/585
f 560/617/560 543/596/543 551/1906/551 568/1907/568
f 543/596/543 526/597/526 534/1905/534 551/1906/551
f 526/573/526 422/442/422 517/1902/517 534/1904/534
f 470/1901/470 517/1902/517 422/442/422 420/440/420
f 1575/1798/1575 1466/1799/1466 1724/1780/1724 1725/1781/1725
f 1578/1797/1578 1575/1798/1575 1725/1781/1725 1726/1783/1726
f 1581/1796/1581 1578/1797/1578 1726/1783/1726 1727/1784/1727
f 1584/1795/1584 1581/1796/1581 1727/1784/1727 1728/1787/1728
f 1587/1794/1587 1584/1795/1584 1728/1787/1728 1729/1716/1729
f 264/266/264 1587/1794/1587 1729/1716/1729 1664/1643/1664
f 1664/1643/1664 1663/1644/1663 261/265/261 264/266/264
f 1663/1644/1663 1662/1647/1662 262/263/262 261/265/261
f 1662/1647/1662 1661/1649/1661 263/264/263 262/263/262
f 233/242/233 263/264/263 1661/1649/1661 1660/1651/1660
f 1660/1651/1660 1659/1652/1659 232/243/232 233/242/233
f 1659/1652/1659 879/1655/879 230/240/230 232/243/232
f 879/1655/879 1718/1657/1718 231/241/231 230/240/230
f 1718/1657/1718 1665/1659/1665 237/245/237 231/241/231
f 1665/1659/1665 1719/1661/1719 239/246/239 237/245/237
f 1719/1661/1719 1720/1663/1720 238/247/238 239/246/239
f 942/1065/942 1773/1067/1773 1774/1020/1774 941/1021/941
f 940/1018/940 1777/1019/1777 1778/1070/1778 939/1060/939
f 943/1063/943 1779/1072/1779 1781/1071/1781 1003/1062/1003
f 939/1060/939 1778/1070/1778 1775/1069/1775 938/1055/938
f 987/1054/987 1780/1068/1780 1776/1110/1776 937/1109/937
f 1003/1062/1003 1781/1071/1781 1782/1136/1782 1027/1142/1027
f 1027/1142/1027 1782/1136/1782 1773/1067/1773 942/1065/942
f 1772/1918/1772 1776/1110/1776 944/1008/944 856/1010/856
f 1772/1918/1772 857/1167/857 937/1109/937 1776/1110/1776
f 917/929/917 924/930/924 985/1051/985 984/1127/984
f 984/1127/984 985/1051/985 923/1106/923 916/1126/916
f 274/1083/274 1794/1920/1794 1962/1919/1962 1952/1095/1952
f 1796/1922/1796 969/1097/969 992/1113/992 1797/1921/1797
f 969/1097/969 1796/1922/1796 1795/1923/1795 968/926/968
f 1796/1922/1796 1800/1925/1800 1799/1924/1799 1795/1923/1795
f 1794/1920/1794 1798/1927/1798 1963/1926/1963 1962/1919/1962
f 1800/1925/1800 1796/1922/1796 1797/1921/1797 1801/1928/1801
f 1800/1925/1800 1804/1930/1804 1803/1929/1803 1799/1924/1799
f 1798/1927/1798 1802/1932/1802 1964/1931/1964 1963/1926/1963
f 1804/1930/1804 1800/1925/1800 1801/1928/1801 1805/1933/1805
f 1675/1858/1675 1809/1935/1809 1810/1934/1810 1676/1857/1676
f 916/1126/916 1808/1937/1808 1965/1936/1965 1959/1125/1959
f 914/1104/914 1807/1939/1807 1806/1938/1806 867/1103/867
f 1807/1939/1807 914/1104/914 1676/1857/1676 1810/1934/1810
f 1806/1938/1806 913/1569/913 739/1102/739 867/1103/867
f 1808/1937/1808 916/1126/916 923/1106/923 858/1164/858
f 1802/1932/1802 1798/1927/1798 854/277/854 853/922/853
f 272/276/272 854/277/854 1798/1927/1798 1794/1920/1794
f 855/1941/855 960/1940/960 1799/1924/1799 1803/1929/1803
f 1795/1923/1795 989/1942/989 959/925/959 968/926/968
f 1795/1923/1795 1799/1924/1799 960/1940/960 989/1942/989
f 1794/1920/1794 274/1083/274 273/272/273 272/276/272
f 1811/1943/1811 1802/1932/1802 853/922/853 850/919/850
f 1811/1943/1811 850/919/850 851/920/851 842/1013/842
f 2148/1945/2148 856/1010/856 848/1011/848 2158/1944/2158
f 2149/1947/2149 858/1164/858 859/1165/859 2147/1946/2147
f 2150/1949/2150 842/1013/842 1497/1012/1497 2159/1948/2159
f 2129/1953/2129 1822/1952/1822 1817/1951/1817 2130/1950/2130
f 2152/1955/2152 849/1017/849 913/1569/913 2161/1954/2161
f 2153/1957/2153 1807/1939/1807 1810/1934/1810 2162/1956/2162
f 2135/1961/2135 1833/1960/1833 1824/1959/1824 2136/1958/2136
f 2137/1965/2137 1831/1964/1831 1832/1963/1832 2134/1962/2134
f 2155/1967/2155 1804/1930/1804 1805/1933/1805 2165/1966/2165
f 2163/1968/2163 1811/1943/1811 842/1013/842 2150/1949/2150
f 2141/1972/2141 1825/1971/1825 1815/1970/1815 2142/1969/2142
f 2143/1976/2143 1828/1975/1828 1820/1974/1820 2132/1973/2132
f 2138/1978/2138 1826/1977/1826 1825/1971/1825 2141/1972/2141
f 2157/1979/2157 1808/1937/1808 858/1164/858 2149/1947/2149
f 2133/1981/2133 1829/1980/1829 1828/1975/1828 2143/1976/2143
f 2136/1958/2136 1824/1959/1824 1966/1983/1966 2145/1982/2145
f 2130/1950/2130 1817/1951/1817 1823/1985/1823 2140/1984/2140
f 2160/1986/2160 1772/1918/1772 856/1010/856 2148/1945/2148
f 2131/1990/2131 1814/1989/1814 1821/1988/1821 2128/1987/2128
f 2144/1994/2144 1830/1993/1830 1967/1992/1967 2146/1991/2146
f 1848/1997/1848 1826/1977/1826 1827/1996/1827 1849/1995/1849
f 1836/1999/1836 1814/1989/1814 1820/1974/1820 1842/1998/1842
f 1855/2002/1855 1833/1960/1833 1812/2001/1812 1834/2000/1834
f 1831/1964/1831 1853/2004/1853 1854/2003/1854 1832/1963/1832
f 1826/1977/1826 1848/1997/1848 1847/2005/1847 1825/1971/1825
f 1834/2000/1834 1812/2001/1812 1821/1988/1821 1843/2006/1843
f 1817/1951/1817 1839/2008/1839 1845/2007/1845 1823/1985/1823
f 1828/1975/1828 1850/2009/1850 1842/1998/1842 1820/1974/1820
f 1824/1959/1824 1846/2011/1846 1968/2010/1968 1966/1983/1966
f 1844/2014/1844 1822/1952/1822 1816/2013/1816 1838/2012/1838
f 1840/2018/1840 1818/2017/1818 1819/2016/1819 1841/2015/1841
f 1852/2019/1852 1830/1993/1830 1818/2017/1818 1840/2018/1840
f 1829/1980/1829 1851/2020/1851 1850/2009/1850 1828/1975/1828
f 1822/1952/1822 1844/2014/1844 1839/2008/1839 1817/1951/1817
f 1814/1989/1814 1836/1999/1836 1843/2006/1843 1821/1988/1821
f 1825/1971/1825 1847/2005/1847 1837/2021/1837 1815/1970/1815
f 1830/1993/1830 1852/2019/1852 1969/2022/1969 1967/1992/1967
f 1838/2012/1838 1816/2013/1816 1813/2024/1813 1835/2023/1835
f 1833/1960/1833 1855/2002/1855 1846/2011/1846 1824/1959/1824
f 1851/2020/1851 1829/1980/1829 1832/1963/1832 1854/2003/1854
f 1847/2005/1847 1869/2026/1869 1859/2025/1859 1837/2021/1837
f 1852/2019/1852 1874/2028/1874 1971/2027/1971 1969/2022/1969
f 1860/2030/1860 1838/2012/1838 1835/2023/1835 1857/2029/1857
f 1855/2002/1855 1877/2032/1877 1868/2031/1868 1846/2011/1846
f 1873/2034/1873 1851/2020/1851 1854/2003/1854 1876/2033/1876
f 1870/2036/1870 1848/1997/1848 1849/1995/1849 1871/2035/1871
f 1858/2038/1858 1836/1999/1836 1842/1998/1842 1864/2037/1864
f 1877/2032/1877 1855/2002/1855 1834/2000/1834 1856/2039/1856
f 1853/2004/1853 1875/2040/1875 1876/2033/1876 1854/2003/1854
f 1848/1997/1848 1870/2036/1870 1869/2026/1869 1847/2005/1847
f 1856/2039/1856 1834/2000/1834 1843/2006/1843 1865/2041/1865
f 1839/2008/1839 1861/2043/1861 1867/2042/1867 1845/2007/1845
f 1850/2009/1850 1872/2044/1872 1864/2037/1864 1842/1998/1842
f 1846/2011/1846 1868/2031/1868 1970/2045/1970 1968/2010/1968
f 1866/2046/1866 1844/2014/1844 1838/2012/1838 1860/2030/1860
f 1862/2048/1862 1840/2018/1840 1841/2015/1841 1863/2047/1863
f 1874/2028/1874 1852/2019/1852 1840/2018/1840 1862/2048/1862
f 1851/2020/1851 1873/2034/1873 1872/2044/1872 1850/2009/1850
f 1844/2014/1844 1866/2046/1866 1861/2043/1861 1839/2008/1839
f 1836/1999/1836 1858/2038/1858 1865/2041/1865 1843/2006/1843
f 2061/2052/2061 1890/2051/1890 1972/2050/1972 2038/2049/2038
f 2058/2056/2058 1895/2055/1895 1894/2054/1894 2067/2053/2067
f 2014/2060/2014 1888/2059/1888 1883/2058/1883 2066/2057/2066
f 2055/2064/2055 1880/2063/1880 1887/2062/1887 2073/2061/2073
f 2054/2068/2054 1891/2067/1891 1881/2066/1881 2072/2065/2072
f 2068/2072/2068 1896/2071/1896 1973/2070/1973 2037/2069/2037
f 2010/2074/2010 1899/2073/1899 1890/2051/1890 2061/2052/2061
f 2071/2078/2071 1897/2077/1897 1898/2076/1898 2009/2075/2009
f 2070/2080/2070 1892/2079/1892 1891/2067/1891 2054/2068/2054
f 2066/2057/2066 1883/2058/1883 1889/2082/1889 2053/2081/2053
f 2067/2053/2067 1894/2054/1894 1886/2084/1886 2017/2083/2017
f 2099/2087/2099 1899/2073/1899 1878/2086/1878 2109/2085/2109
f 2109/2085/2109 1878/2086/1878 1887/2062/1887 2112/2088/2112
f 2105/2091/2105 1888/2059/1888 1882/2090/1882 2116/2089/2116
f 2106/2095/2106 1884/2094/1884 1885/2093/1885 2117/2092/2117
f 2107/2096/2107 1896/2071/1896 1884/2094/1884 2106/2095/2106
f 2116/2089/2116 1882/2090/1882 1879/2098/1879 2120/2097/2120
f 2118/2100/2118 1895/2055/1895 1898/2076/1898 2100/2099/2100
f 2111/2103/2111 1892/2079/1892 1893/2102/1893 2104/2101/2104
f 2119/2105/2119 1880/2063/1880 1886/2084/1886 2103/2104/2103
f 1931/2109/1931 2019/2108/2019 2040/2107/2040 1939/2106/1939
f 1935/2113/1935 2013/2112/2013 1922/2111/1922 1925/2110/1925
f 2021/2117/2021 1937/2116/1937 1943/2115/1943 2008/2114/2008
f 2050/2119/2050 1977/2118/1977 1939/2106/1939 2040/2107/2040
f 2029/2123/2029 1928/2122/1928 1924/2121/1924 1923/2120/1923
f 1942/2127/1942 2045/2126/2045 2020/2125/2020 1936/2124/1936
f 2030/2131/2030 1929/2130/1929 1941/2129/1941 2044/2128/2044
f 1930/2133/1930 2018/2132/2018 2019/2108/2019 1931/2109/1931
f 1937/2116/1937 2021/2117/2021 2045/2126/2045 1942/2127/1942
f 2024/2137/2024 1979/2136/1979 1938/2135/1938 2039/2134/2039
f 2044/2128/2044 1941/2129/1941 1940/2139/1940 2041/2138/2041
f 1934/2143/1934 2012/2142/2012 2049/2141/2049 1976/2140/1976
f 1929/2130/1929 2030/2131/2030 1923/2120/1923 1924/2121/1924
f 1929/2130/1929 1918/2145/1918 1906/2144/1906 1941/2129/1941
f 1941/2129/1941 1906/2144/1906 1907/2146/1907 1940/2139/1940
f 1937/2116/1937 1910/2148/1910 1904/2147/1904 1943/2115/1943
f 1912/2150/1912 1935/2113/1935 1925/2110/1925 1974/2149/1974
f 1932/2152/1932 1915/2151/1915 1974/2149/1974 1925/2110/1925
f 1916/2154/1916 1931/2109/1931 1939/2106/1939 1908/2153/1908
f 1905/2156/1905 1942/2127/1942 1936/2124/1936 1911/2155/1911
f 1979/2136/1979 1900/2158/1900 1909/2157/1909 1938/2135/1938
f 1914/2161/1914 1933/2160/1933 1934/2143/1934 1913/2159/1913
f 1919/2164/1919 1928/2122/1928 1927/2163/1927 1920/2162/1920
f 1926/2166/1926 1921/2165/1921 1900/2158/1900 1979/2136/1979
f 1977/2118/1977 1902/2167/1902 1908/2153/1908 1939/2106/1939
f 1933/2160/1933 1914/2161/1914 1915/2151/1915 1932/2152/1932
f 1930/2133/1930 1917/2168/1917 1920/2162/1920 1927/2163/1927
f 1921/2165/1921 1926/2166/1926 1935/2113/1935 1912/2150/1912
f 1943/2115/1943 1904/2147/1904 1901/2170/1901 1978/2169/1978
f 1918/2145/1918 1929/2130/1929 1924/2121/1924 1975/2171/1975
f 1913/2159/1913 1934/2143/1934 1976/2140/1976 1903/2172/1903
f 1859/2025/1859 1869/2026/1869 2054/2068/2054 2072/2065/2072
f 1869/2026/1869 1870/2036/1870 2070/2080/2070 2054/2068/2054
f 2015/2173/2015 2070/2080/2070 1870/2036/1870 1871/2035/1871
f 2038/2049/2038 2015/2173/2015 1871/2035/1871 1970/2045/1970
f 1970/2045/1970 1868/2031/1868 2061/2052/2061 2038/2049/2038
f 1868/2031/1868 1877/2032/1877 2010/2074/2010 2061/2052/2061
f 2016/2174/2016 2010/2074/2010 1877/2032/1877 1856/2039/1856
f 1667/1844/1667 1945/1030/1945 1946/1027/1946 1668/1846/1668
f 1668/1846/1668 1946/1027/1946 1947/1031/1947 1669/1847/1669
f 990/1112/990 1948/1094/1948 1951/1093/1951 991/1111/991
f 1951/1093/1951 1952/1095/1952 992/1113/992 991/1111/991
f 993/1115/993 1949/1100/1949 1948/1094/1948 990/1112/990
f 994/1138/994 1954/1119/1954 1956/1116/1956 1001/1137/1001
f 1958/1124/1958 1959/1125/1959 1675/1858/1675 1674/1856/1674
f 1949/1100/1949 1955/1143/1955 962/1092/962 961/1080/961
f 227/1168/227 1960/1170/1960 1956/1116/1956 995/1117/995
f 962/1092/962 1955/1143/1955 1960/1170/1960 227/1168/227
f 1945/1030/1945 1944/1842/1944 922/1114/922 1009/1029/1009
f 1950/1848/1950 1947/1031/1947 921/1032/921 920/1086/920
f 1953/1850/1953 1950/1848/1950 920/1086/920 919/936/919
f 1957/1852/1957 1953/1850/1953 919/936/919 918/932/918
f 1961/1854/1961 1957/1852/1957 918/932/918 917/929/917
f 1958/1124/1958 1961/1854/1961 917/929/917 984/1127/984
f 1952/1095/1952 1962/1919/1962 1797/1921/1797 992/1113/992
f 1962/1919/1962 1963/1926/1963 1801/1928/1801 1797/1921/1797
f 1963/1926/1963 1964/1931/1964 1805/1933/1805 1801/1928/1801
f 1959/1125/1959 1965/1936/1965 1809/1935/1809 1675/1858/1675
f 2145/1982/2145 1966/1983/1966 1827/1996/1827 2139/2175/2139
f 2146/1991/2146 1967/1992/1967 1831/1964/1831 2137/1965/2137
f 1966/1983/1966 1968/2010/1968 1849/1995/1849 1827/1996/1827
f 1967/1992/1967 1969/2022/1969 1853/2004/1853 1831/1964/1831
f 1969/2022/1969 1971/2027/1971 1875/2040/1875 1853/2004/1853
f 1968/2010/1968 1970/2045/1970 1871/2035/1871 1849/1995/1849
f 2038/2049/2038 1972/2050/1972 1893/2102/1893 2015/2173/2015
f 2037/2069/2037 1973/2070/1973 1897/2077/1897 2071/2078/2071
f 1902/2167/1902 1977/2118/1977 1938/2135/1938 1909/2157/1909
f 1910/2148/1910 1937/2116/1937 1942/2127/1942 1905/2156/1905
f 1917/2168/1917 1930/2133/1930 1931/2109/1931 1916/2154/1916
f 1928/2122/1928 1919/2164/1919 1975/2171/1975 1924/2121/1924
f 2073/2061/2073 2016/2174/2016 1856/2039/1856 1865/2041/1865
f 1865/2041/1865 1858/2038/1858 2055/2064/2055 2073/2061/2073
f 2110/2178/2110 1983/2177/1983 1984/2176/1984 2100/2099/2100
f 2111/2103/2111 1985/2181/1985 1986/2180/1986 2101/2179/2101
f 2113/2185/2113 1988/2184/1988 1989/2183/1989 2102/2182/2102
f 2114/2188/2114 1990/2187/1990 1991/2186/1991 2103/2104/2103
f 2115/2192/2115 1992/2191/1992 2002/2190/2002 2121/2189/2121
f 2118/2100/2118 1999/2193/1999 1990/2187/1990 2114/2188/2114
f 2105/2091/2105 1994/2194/1994 1988/2184/1988 2113/2185/2113
f 2119/2105/2119 2000/2196/2000 1987/2195/1987 2112/2088/2112
f 2101/2179/2101 1986/2180/1986 1980/2198/1980 2108/2197/2108
f 2107/2096/2107 1998/2201/1998 2003/2200/2003 2122/2199/2122
f 2099/2087/2099 1981/2202/1981 1992/2191/1992 2115/2192/2115
f 2121/2189/2121 2002/2190/2002 1993/2203/1993 2104/2101/2104
f 2122/2199/2122 2003/2200/2003 1983/2177/1983 2110/2178/2110
f 1880/2063/1880 2055/2064/2055 2017/2083/2017 1886/2084/1886
f 2017/2083/2017 2055/2064/2055 1858/2038/1858 1864/2037/1864
f 1864/2037/1864 1872/2044/1872 2067/2053/2067 2017/2083/2017
f 1872/2044/1872 1873/2034/1873 2058/2056/2058 2067/2053/2067
f 2009/2075/2009 2058/2056/2058 1873/2034/1873 1876/2033/1876
f 1876/2033/1876 1875/2040/1875 2071/2078/2071 2009/2075/2009
f 1896/2071/1896 2068/2072/2068 2069/2204/2069 1884/2094/1884
f 2037/2069/2037 2071/2078/2071 1875/2040/1875 1971/2027/1971
f 1933/2160/1933 2032/2205/2032 2012/2142/2012 1934/2143/1934
f 2027/2206/2027 1926/2166/1926 1979/2136/1979 2024/2137/2024
f 1895/2055/1895 2058/2056/2058 2009/2075/2009 1898/2076/1898
f 2008/2114/2008 1943/2115/1943 1978/2169/1978 2023/2207/2023
f 1878/2086/1878 2016/2174/2016 2073/2061/2073 1887/2062/1887
f 1884/2094/1884 2069/2204/2069 2059/2208/2059 1885/2093/1885
f 1971/2027/1971 1874/2028/1874 2068/2072/2068 2037/2069/2037
f 1888/2059/1888 2014/2060/2014 2060/2209/2060 1882/2090/1882
f 2069/2204/2069 2068/2072/2068 1874/2028/1874 1862/2048/1862
f 1892/2079/1892 2070/2080/2070 2015/2173/2015 1893/2102/1893
f 1899/2073/1899 2010/2074/2010 2016/2174/2016 1878/2086/1878
f 2059/2208/2059 2069/2204/2069 1862/2048/1862 1863/2047/1863
f 1882/2090/1882 2060/2209/2060 2011/2210/2011 1879/2098/1879
f 1867/2042/1867 1861/2043/1861 2066/2057/2066 2053/2081/2053
f 1861/2043/1861 1866/2046/1866 2014/2060/2014 2066/2057/2066
f 2060/2209/2060 2014/2060/2014 1866/2046/1866 1860/2030/1860
f 2011/2210/2011 2060/2209/2060 1860/2030/1860 1857/2029/1857
f 1928/2122/1928 2029/2123/2029 2028/2211/2028 1927/2163/1927
f 2031/2212/2031 1932/2152/1932 1925/2110/1925 1922/2111/1922
f 2032/2205/2032 1933/2160/1933 1932/2152/1932 2031/2212/2031
f 1977/2118/1977 2050/2119/2050 2039/2134/2039 1938/2135/1938
f 2006/2214/2006 2007/2213/2007 2032/2205/2032 2031/2212/2031
f 1926/2166/1926 2027/2206/2027 2013/2112/2013 1935/2113/1935
f 2047/2215/2047 2006/2214/2006 2031/2212/2031 1922/2111/1922
f 1922/2111/1922 2013/2112/2013 2063/2216/2063 2047/2215/2047
f 2013/2112/2013 2027/2206/2027 2005/2217/2005 2063/2216/2063
f 2052/2218/2052 2005/2217/2005 2027/2206/2027 2024/2137/2024
f 2042/2219/2042 2052/2218/2052 2024/2137/2024 2039/2134/2039
f 2039/2134/2039 2050/2119/2050 2065/2220/2065 2042/2219/2042
f 2043/2221/2043 2065/2220/2065 2050/2119/2050 2040/2107/2040
f 2040/2107/2040 2019/2108/2019 2036/2222/2036 2043/2221/2043
f 2019/2108/2019 2018/2132/2018 2035/2223/2035 2036/2222/2036
f 2004/2224/2004 2035/2223/2035 2018/2132/2018 2028/2211/2028
f 2018/2132/2018 1930/2133/1930 1927/2163/1927 2028/2211/2028
f 2028/2211/2028 2029/2123/2029 2057/2225/2057 2004/2224/2004
f 2048/2226/2048 2057/2225/2057 2029/2123/2029 1923/2120/1923
f 1923/2120/1923 2030/2131/2030 2056/2227/2056 2048/2226/2048
f 2025/2228/2025 2056/2227/2056 2030/2131/2030 2044/2128/2044
f 2022/2229/2022 2025/2228/2025 2044/2128/2044 2041/2138/2041
f 2020/2125/2020 2045/2126/2045 2026/2231/2026 2033/2230/2033
f 2045/2126/2045 2021/2117/2021 2034/2232/2034 2026/2231/2026
f 2046/2233/2046 2034/2232/2034 2021/2117/2021 2008/2114/2008
f 2051/2234/2051 2046/2233/2046 2008/2114/2008 2023/2207/2023
f 2049/2141/2049 2012/2142/2012 2062/2236/2062 2064/2235/2064
f 2012/2142/2012 2032/2205/2032 2007/2213/2007 2062/2236/2062
f 2048/2226/2048 2056/2227/2056 2096/2238/2096 2095/2237/2095
f 2062/2236/2062 2007/2213/2007 2087/2240/2087 2089/2239/2089
f 2001/2241/2001 1980/2198/1980 1903/2172/1903 1901/2170/1901
f 2057/2225/2057 2048/2226/2048 2095/2237/2095 2083/2242/2083
f 2004/2224/2004 2057/2225/2057 2083/2242/2083 2084/2243/2084
f 1903/2172/1903 1976/2140/1976 1978/2169/1978 1901/2170/1901
f 2075/2246/2075 2076/2245/2076 2087/2240/2087 2088/2244/2088
f 2074/2249/2074 2076/2245/2076 2093/2248/2093 2091/2247/2091
f 2051/2234/2051 2023/2207/2023 2049/2141/2049 2064/2235/2064
f 2077/2251/2077 2075/2246/2075 2088/2244/2088 2079/2250/2079
f 2078/2253/2078 2077/2251/2077 2079/2250/2079 2090/2252/2090
f 2078/2253/2078 2042/2219/2042 2065/2220/2065 2086/2254/2086
f 2085/2256/2085 2092/2255/2092 2075/2246/2075 2077/2251/2077
f 1976/2140/1976 2049/2141/2049 2023/2207/2023 1978/2169/1978
f 2092/2255/2092 2093/2248/2093 2076/2245/2076 2075/2246/2075
f 2097/2258/2097 2081/2257/2081 2092/2255/2092 2085/2256/2085
f 2089/2239/2089 2087/2240/2087 2076/2245/2076 2074/2249/2074
f 2088/2244/2088 2087/2240/2087 2007/2213/2007 2006/2214/2006
f 2079/2250/2079 2088/2244/2088 2006/2214/2006 2047/2215/2047
f 2090/2252/2090 2079/2250/2079 2047/2215/2047 2063/2216/2063
f 2095/2237/2095 2096/2238/2096 2080/2259/2080 2081/2257/2081
f 2091/2247/2091 2093/2248/2093 2080/2259/2080 2082/2260/2082
f 2086/2254/2086 2085/2256/2085 2077/2251/2077 2078/2253/2078
f 2089/2239/2089 2074/2249/2074 2046/2233/2046 2051/2234/2051
f 2074/2249/2074 2091/2247/2091 2034/2232/2034 2046/2233/2046
f 2081/2257/2081 2080/2259/2080 2093/2248/2093 2092/2255/2092
f 2063/2216/2063 2005/2217/2005 2052/2218/2052 2090/2252/2090
f 2033/2230/2033 2094/2261/2094 2025/2228/2025 2022/2229/2022
f 2026/2231/2026 2034/2232/2034 2091/2247/2091 2082/2260/2082
f 2082/2260/2082 2080/2259/2080 2096/2238/2096 2094/2261/2094
f 2098/2262/2098 2097/2258/2097 2085/2256/2085 2086/2254/2086
f 2094/2261/2094 2096/2238/2096 2056/2227/2056 2025/2228/2025
f 2084/2243/2084 2083/2242/2083 2097/2258/2097 2098/2262/2098
f 2083/2242/2083 2095/2237/2095 2081/2257/2081 2097/2258/2097
f 2086/2254/2086 2065/2220/2065 2043/2221/2043 2098/2262/2098
f 2090/2252/2090 2052/2218/2052 2042/2219/2042 2078/2253/2078
f 2084/2243/2084 2036/2222/2036 2035/2223/2035 2004/2224/2004
f 2098/2262/2098 2043/2221/2043 2036/2222/2036 2084/2243/2084
f 1981/2202/1981 2099/2087/2099 2109/2085/2109 1982/2263/1982
f 1982/2263/1982 2109/2085/2109 2112/2088/2112 1987/2195/1987
f 1994/2194/1994 2105/2091/2105 2116/2089/2116 1995/2264/1995
f 1996/2266/1996 2106/2095/2106 2117/2092/2117 1997/2265/1997
f 1998/2201/1998 2107/2096/2107 2106/2095/2106 1996/2266/1996
f 1995/2264/1995 2116/2089/2116 2120/2097/2120 2001/2241/2001
f 1999/2193/1999 2118/2100/2118 2100/2099/2100 1984/2176/1984
f 1985/2181/1985 2111/2103/2111 2104/2101/2104 1993/2203/1993
f 2000/2196/2000 2119/2105/2119 2103/2104/2103 1991/2186/1991
f 1897/2077/1897 2110/2178/2110 2100/2099/2100 1898/2076/1898
f 1892/2079/1892 2111/2103/2111 2101/2179/2101 1891/2067/1891
f 1883/2058/1883 2113/2185/2113 2102/2182/2102 1889/2082/1889
f 1894/2054/1894 2114/2188/2114 2103/2104/2103 1886/2084/1886
f 1890/2051/1890 2115/2192/2115 2121/2189/2121 1972/2050/1972
f 1895/2055/1895 2118/2100/2118 2114/2188/2114 1894/2054/1894
f 1888/2059/1888 2105/2091/2105 2113/2185/2113 1883/2058/1883
f 1880/2063/1880 2119/2105/2119 2112/2088/2112 1887/2062/1887
f 1891/2067/1891 2101/2179/2101 2108/2197/2108 1881/2066/1881
f 1896/2071/1896 2107/2096/2107 2122/2199/2122 1973/2070/1973
f 1899/2073/1899 2099/2087/2099 2115/2192/2115 1890/2051/1890
f 1972/2050/1972 2121/2189/2121 2104/2101/2104 1893/2102/1893
f 1973/2070/1973 2122/2199/2122 2110/2178/2110 1897/2077/1897
f 1915/2151/1915 1914/2161/1914 1985/2181/1985 1993/2203/1993
f 1974/2149/1974 1915/2151/1915 1993/2203/1993 2002/2190/2002
f 2002/2190/2002 1992/2191/1992 1912/2150/1912 1974/2149/1974
f 1992/2191/1992 1981/2202/1981 1921/2165/1921 1912/2150/1912
f 1900/2158/1900 1921/2165/1921 1981/2202/1981 1982/2263/1982
f 1909/2157/1909 1900/2158/1900 1982/2263/1982 1987/2195/1987
f 1987/2195/1987 2000/2196/2000 1902/2167/1902 1909/2157/1909
f 1908/2153/1908 1902/2167/1902 2000/2196/2000 1991/2186/1991
f 1991/2186/1991 1990/2187/1990 1916/2154/1916 1908/2153/1908
f 1990/2187/1990 1999/2193/1999 1917/2168/1917 1916/2154/1916
f 1920/2162/1920 1917/2168/1917 1999/2193/1999 1984/2176/1984
f 1984/2176/1984 1983/2177/1983 1919/2164/1919 1920/2162/1920
f 1975/2171/1975 1919/2164/1919 1983/2177/1983 2003/2200/2003
f 2003/2200/2003 1998/2201/1998 1918/2145/1918 1975/2171/1975
f 1906/2144/1906 1918/2145/1918 1998/2201/1998 1996/2266/1996
f 1907/2146/1907 1906/2144/1906 1996/2266/1996 1997/2265/1997
f 1989/2183/1989 1988/2184/1988 1905/2156/1905 1911/2155/1911
f 1988/2184/1988 1994/2194/1994 1910/2148/1910 1905/2156/1905
f 1904/2147/1904 1910/2148/1910 1994/2194/1994 1995/2264/1995
f 1901/2170/1901 1904/2147/1904 1995/2264/1995 2001/2241/2001
f 1980/2198/1980 1986/2180/1986 1913/2159/1913 1903/2172/1903
f 1986/2180/1986 1985/2181/1985 1914/2161/1914 1913/2159/1913
f 1816/2013/1816 2124/2268/2124 2125/2267/2125 1813/2024/1813
f 1818/2017/1818 2126/2270/2126 2123/2269/2123 1819/2016/1819
f 1812/2001/1812 2127/2271/2127 2128/1987/2128 1821/1988/1821
f 2160/1986/2160 2129/1953/2129 2130/1950/2130 2151/2272/2151
f 1814/1989/1814 2131/1990/2131 2132/1973/2132 1820/1974/1820
f 1829/1980/1829 2133/1981/2133 2134/1962/2134 1832/1963/1832
f 1859/2025/1859 2072/2065/2072 2011/2210/2011 1857/2029/1857
f 2163/1968/2163 2135/1961/2135 2136/1958/2136 2154/2273/2154
f 2164/2274/2164 2137/1965/2137 2134/1962/2134 2162/1956/2162
f 1826/1977/1826 2138/1978/2138 2139/2175/2139 1827/1996/1827
f 1833/1960/1833 2135/1961/2135 2127/2271/2127 1812/2001/1812
f 2167/2276/2167 2141/1972/2141 2142/1969/2142 2156/2275/2156
f 2168/2277/2168 2143/1976/2143 2132/1973/2132 2161/1954/2161
f 2155/1967/2155 2138/1978/2138 2141/1972/2141 2167/2276/2167
f 2072/2065/2072 1881/2066/1881 1879/2098/1879 2011/2210/2011
f 1830/1993/1830 2144/1994/2144 2126/2270/2126 1818/2017/1818
f 2153/1957/2153 2133/1981/2133 2143/1976/2143 2168/2277/2168
f 2154/2273/2154 2136/1958/2136 2145/1982/2145 2169/2278/2169
f 2151/2272/2151 2130/1950/2130 2140/1984/2140 2166/2279/2166
f 1822/1952/1822 2129/1953/2129 2124/2268/2124 1816/2013/1816
f 2152/1955/2152 2131/1990/2131 2128/1987/2128 2159/1948/2159
f 2157/1979/2157 2144/1994/2144 2146/1991/2146 2170/2280/2170
f 2169/2278/2169 2145/1982/2145 2139/2175/2139 2165/1966/2165
f 2170/2280/2170 2146/1991/2146 2137/1965/2137 2164/2274/2164
f 2124/2268/2124 2148/1945/2148 2158/1944/2158 2125/2267/2125
f 2126/2270/2126 2149/1947/2149 2147/1946/2147 2123/2269/2123
f 2127/2271/2127 2150/1949/2150 2159/1948/2159 2128/1987/2128
f 2131/1990/2131 2152/1955/2152 2161/1954/2161 2132/1973/2132
f 2133/1981/2133 2153/1957/2153 2162/1956/2162 2134/1962/2134
f 2138/1978/2138 2155/1967/2155 2165/1966/2165 2139/2175/2139
f 2135/1961/2135 2163/1968/2163 2150/1949/2150 2127/2271/2127
f 2144/1994/2144 2157/1979/2157 2149/1947/2149 2126/2270/2126
f 2129/1953/2129 2160/1986/2160 2148/1945/2148 2124/2268/2124
f 2022/2229/2022 2041/2138/2041 2020/2125/2020 2033/2230/2033
f 1772/1918/1772 2160/1986/2160 2151/2272/2151 857/1167/857
f 2120/2097/2120 1879/2098/1879 1881/2066/1881 2108/2197/2108
f 1811/1943/1811 2163/1968/2163 2154/2273/2154 1802/1932/1802
f 1809/1935/1809 2164/2274/2164 2162/1956/2162 1810/1934/1810
f 1803/1929/1803 2167/2276/2167 2156/2275/2156 855/1941/855
f 1806/1938/1806 2168/2277/2168 2161/1954/2161 913/1569/913
f 1804/1930/1804 2155/1967/2155 2167/2276/2167 1803/1929/1803
f 1980/2198/1980 2001/2241/2001 2120/2097/2120 2108/2197/2108
f 1807/1939/1807 2153/1957/2153 2168/2277/2168 1806/1938/1806
f 1802/1932/1802 2154/2273/2154 2169/2278/2169 1964/1931/1964
f 857/1167/857 2151/2272/2151 2166/2279/2166 1783/1166/1783
f 849/1017/849 2152/1955/2152 2159/1948/2159 1497/1012/1497
f 1808/1937/1808 2157/1979/2157 2170/2280/2170 1965/1936/1965
f 1964/1931/1964 2169/2278/2169 2165/1966/2165 1805/1933/1805
f 1965/1936/1965 2170/2280/2170 2164/2274/2164 1809/1935/1809
f 2033/2230/2033 2026/2231/2026 2082/2260/2082 2094/2261/2094
f 2064/2235/2064 2062/2236/2062 2089/2239/2089 2051/2234/2051
f 1936/2124/1936 2020/2125/2020 2041/2138/2041 1940/2139/1940
f 1911/2155/1911 1936/2124/1936 1940/2139/1940 1907/2146/1907
f 1907/2146/1907 1997/2265/1997 1989/2183/1989 1911/2155/1911
f 2102/2182/2102 1989/2183/1989 1997/2265/1997 2117/2092/2117
f 2117/2092/2117 1885/2093/1885 1889/2082/1889 2102/2182/2102
f 2053/2081/2053 1889/2082/1889 1885/2093/1885 2059/2208/2059
f 1867/2042/1867 2053/2081/2053 2059/2208/2059 1863/2047/1863
f 1845/2007/1845 1867/2042/1867 1863/2047/1863 1841/2015/1841
f 1841/2015/1841 1819/2016/1819 1823/1985/1823 1845/2007/1845
f 2140/1984/2140 1823/1985/1823 1819/2016/1819 2123/2269/2123
f 2166/2279/2166 2140/1984/2140 2123/2269/2123 2147/1946/2147
f 2147/1946/2147 859/1165/859 1783/1166/1783 2166/2279/2166
f 859/1165/859 930/1107/930 1785/1108/1785 1783/1166/1783
f 1791/1053/1791 1785/1108/1785 930/1107/930 986/1052/986
f 986/1052/986 931/1046/931 1784/1056/1784 1791/1053/1791
f 931/1046/931 932/1040/932 1788/1059/1788 1784/1056/1784
f 1857/2029/1857 1835/2023/1835 1837/2021/1837 1859/2025/1859
f 1815/1970/1815 1837/2021/1837 1835/2023/1835 1813/2024/1813
f 2142/1969/2142 1815/1970/1815 1813/2024/1813 2125/2267/2125
f 2156/2275/2156 2142/1969/2142 2125/2267/2125 2158/1944/2158
f 2158/1944/2158 848/1011/848 855/1941/855 2156/2275/2156
f 960/1940/960 855/1941/855 848/1011/848 843/1009/843
f 989/1942/989 960/1940/960 843/1009/843 1769/912/1769
f 959/925/959 989/1942/989 1769/912/1769 846/913/846
f 958/924/958 959/925/959 846/913/846 847/915/847
f 860/933/860 958/924/958 847/915/847 1767/908/1767
f 863/278/863 860/933/860 1767/908/1767 844/909/844
f 861/281/861 863/278/863 844/909/844 845/902/845
f 1031/1085/1031 861/281/861 845/902/845 1771/903/1771
f 1006/1123/1006 1031/1085/1031 1771/903/1771 1770/905/1770
f 862/1122/862 1006/1123/1006 1770/905/1770 1768/1014/1768
f 932/1040/932 933/1041/933 1787/1057/1787 1788/1059/1788
f 933/1041/933 934/1048/934 1786/1058/1786 1787/1057/1787
f 934/1048/934 935/1049/935 1790/1066/1790 1786/1058/1786
f 1793/1141/1793 1790/1066/1790 935/1049/935 1028/1133/1028
f 1028/1133/1028 1007/1043/1007 1792/1061/1792 1793/1141/1793
f 1007/1043/1007 936/1044/936 1789/1064/1789 1792/1061/1792
f 2/3/2 2171/1174/2171 2172/1171/2172 1/2/1
f 1042/1228/1042 2173/1178/2173 2174/1175/2174 1041/1260/1041
f 1041/1260/1041 2174/1175/2174 2175/1179/2175 1040/1252/1040
f 1040/1252/1040 2175/1179/2175 2176/1181/2176 1039/1242/1039
f 1039/1242/1039 2176/1181/2176 2177/1183/2177 1038/1232/1038
f 1037/1173/1037 2171/1174/2171 2178/1185/2178 1054/1265/1054
f 1059/1263/1059 2179/1187/2179 2180/1186/2180 1060/1268/1060
f 64/76/64 2182/1191/2182 2183/1188/2183 103/69/103
f 1058/1255/1058 2184/1192/2184 2179/1187/2179 1059/1263/1059
f 1053/1248/1053 2181/1196/2181 2197/1193/2197 1502/1247/1502
f 1057/1190/1057 2182/1191/2182 2184/1192/2184 1058/1255/1058
f 1052/1238/1052 2186/1200/2186 2187/1197/2187 1051/1221/1051
f 1056/1235/1056 2188/1201/2188 2183/1188/2183 1061/1189/1061
f 1051/1221/1051 2187/1197/2187 2189/1202/2189 1050/1220/1050
f 1055/1236/1055 2190/1204/2190 2188/1201/2188 1056/1235/1056
f 1054/1265/1054 2178/1185/2178 2190/1204/2190 1055/1236/1055
f 1048/1225/1048 2192/1208/2192 2193/1205/2193 1047/1224/1047
f 1046/1258/1046 2185/1212/2185 2198/1209/2198 1501/1257/1501
f 1045/1250/1045 2194/1216/2194 2195/1213/2195 1044/1240/1044
f 1038/1232/1038 2177/1183/2177 2172/1171/2172 1036/1172/1036
f 1044/1240/1044 2195/1213/2195 2196/1217/2196 1043/1229/1043
f 1043/1229/1043 2196/1217/2196 2173/1178/2173 1042/1228/1042
f 31/1211/31 2185/1212/2185 2193/1205/2193 34/1206/34
f 1502/1247/1502 2197/1193/2197 2186/1200/2186 1052/1238/1052
f 1501/1257/1501 2198/1209/2198 2194/1216/2194 1045/1250/1045
f 37/1207/37 2192/1208/2192 2191/1891/2191 42/1892/42
f 42/1892/42 2191/1891/2191 2189/1202/2189 45/1203/45
f 54/1195/54 2181/1196/2181 2180/1186/2180 73/85/73
f 2199/2284/2199 2200/2283/2200 3504/2282/3504 3505/2281/3505
f 2201/2288/2201 2202/2287/2202 2204/2286/2204 2203/2285/2203
f 3505/2281/3505 2201/2288/2201 2206/2290/2206 3506/2289/3506
f 2201/2288/2201 2203/2285/2203 2207/2291/2207 2206/2290/2206
f 2206/2290/2206 2207/2291/2207 2210/2293/2210 2209/2292/2209
f 3506/2289/3506 2206/2290/2206 2209/2292/2209 3507/2294/3507
f 2209/2292/2209 2210/2293/2210 2213/2296/2213 2212/2295/2212
f 3507/2294/3507 2209/2292/2209 2212/2295/2212 3508/2297/3508
f 2212/2295/2212 2213/2296/2213 2216/2299/2216 2215/2298/2215
f 3508/2297/3508 2212/2295/2212 2215/2298/2215 3509/2300/3509
f 2215/2298/2215 2216/2299/2216 2219/2302/2219 2218/2301/2218
f 3509/2300/3509 2215/2298/2215 2218/2301/2218 3510/2303/3510
f 2218/2301/2218 2219/2302/2219 2222/2305/2222 2221/2304/2221
f 3510/2303/3510 2218/2301/2218 2221/2304/2221 3511/2306/3511
f 2221/2304/2221 2222/2305/2222 2225/2308/2225 2224/2307/2224
f 3511/2306/3511 2221/2304/2221 2224/2307/2224 3512/2309/3512
f 2224/2307/2224 2225/2308/2225 2228/2311/2228 2227/2310/2227
f 3512/2309/3512 2224/2307/2224 2227/2310/2227 3513/2312/3513
f 2227/2310/2227 2228/2311/2228 3580/2314/3580 3581/2313/3581
f 3513/2312/3513 2227/2310/2227 3581/2313/3581 3631/2315/3631
f 2233/2319/2233 2234/2318/2234 2237/2317/2237 2236/2316/2236
f 3515/2321/3515 2233/2319/2233 2236/2316/2236 3516/2320/3516
f 3518/2325/3518 2242/2324/2242 2245/2323/2245 3519/2322/3519
f 2242/2324/2242 2241/2327/2241 2244/2326/2244 2245/2323/2245
f 3519/2322/3519 2245/2323/2245 2248/2329/2248 3520/2328/3520
f 2245/2323/2245 2244/2326/2244 2247/2330/2247 2248/2329/2248
f 3520/2328/3520 2248/2329/2248 3583/2332/3583 3632/2331/3632
f 2248/2329/2248 2247/2330/2247 3585/2333/3585 3583/2332/3583
f 3504/2282/3504 2200/2283/2200 2253/2335/2253 3522/2334/3522
f 2204/2286/2204 2202/2287/2202 2254/2337/2254 2255/2336/2255
f 2255/2336/2255 2254/2337/2254 2257/2339/2257 2258/2338/2258
f 3522/2334/3522 2253/2335/2253 2256/2341/2256 3523/2340/3523
f 2258/2338/2258 2257/2339/2257 2260/2343/2260 2261/2342/2261
f 3523/2340/3523 2256/2341/2256 2259/2345/2259 3524/2344/3524
f 2261/2342/2261 2260/2343/2260 2299/2347/2299 2300/2346/2300
f 3524/2344/3524 2259/2345/2259 2301/2349/2301 3529/2348/3529
f 2264/2353/2264 2263/2352/2263 2266/2351/2266 2267/2350/2267
f 3525/2357/3525 2262/2356/2262 2265/2355/2265 3526/2354/3526
f 2267/2350/2267 2266/2351/2266 2269/2359/2269 2270/2358/2270
f 3526/2354/3526 2265/2355/2265 2268/2361/2268 3527/2360/3527
f 2270/2358/2270 2269/2359/2269 2272/2363/2272 2273/2362/2273
f 3527/2360/3527 2268/2361/2268 2271/2365/2271 3528/2364/3528
f 2237/2317/2237 2234/2318/2234 3547/2367/3547 3542/2366/3542
f 3585/2333/3585 2247/2330/2247 3546/2369/3546 3634/2368/3634
f 2247/2330/2247 2244/2326/2244 3544/2370/3544 3546/2369/3546
f 3543/2373/3543 2277/2372/2277 2278/2371/2278 3544/2370/3544
f 3580/2314/3580 2228/2311/2228 3540/2375/3540 3633/2374/3633
f 2228/2311/2228 2225/2308/2225 3538/2376/3538 3540/2375/3540
f 2225/2308/2225 2222/2305/2222 3537/2377/3537 3538/2376/3538
f 2222/2305/2222 2219/2302/2219 3536/2378/3536 3537/2377/3537
f 2219/2302/2219 2216/2299/2216 3535/2379/3535 3536/2378/3536
f 2216/2299/2216 2213/2296/2213 3534/2380/3534 3535/2379/3535
f 2210/2293/2210 2207/2291/2207 3533/2382/3533 3555/2381/3555
f 2203/2285/2203 2204/2286/2204 3554/2384/3554 3553/2383/3553
f 2204/2286/2204 2255/2336/2255 3552/2385/3552 3554/2384/3554
f 2207/2291/2207 2203/2285/2203 3553/2383/3553 3533/2382/3533
f 2258/2338/2258 2261/2342/2261 3532/2387/3532 3531/2386/3531
f 2255/2336/2255 2258/2338/2258 3531/2386/3531 3552/2385/3552
f 3555/2381/3555 2291/2389/2291 2281/2388/2281 3534/2380/3534
f 2264/2353/2264 2267/2350/2267 3551/2391/3551 3550/2390/3550
f 2267/2350/2267 2270/2358/2270 3549/2392/3549 3551/2391/3551
f 2270/2358/2270 2273/2362/2273 3530/2393/3530 3549/2392/3549
f 3550/2390/3550 2295/2396/2295 2302/2395/2302 3548/2394/3548
f 2300/2346/2300 2299/2347/2299 2263/2352/2263 2264/2353/2264
f 3529/2348/3529 2301/2349/2301 2262/2356/2262 3525/2357/3525
f 3548/2394/3548 2302/2395/2302 2294/2397/2294 3532/2387/3532
f 2302/2395/2302 2295/2396/2295 2303/2399/2303 2307/2398/2307
f 2295/2396/2295 2296/2401/2296 2304/2400/2304 2303/2399/2303
f 2296/2401/2296 2297/2403/2297 2305/2402/2305 2304/2400/2304
f 2297/2403/2297 2298/2405/2298 2306/2404/2306 2305/2402/2305
f 2312/2409/2312 2308/2408/2308 2313/2407/2313 2317/2406/2317
f 2309/2413/2309 2310/2412/2310 2315/2411/2315 2314/2410/2314
f 2310/2412/2310 2311/2415/2311 2316/2414/2316 2315/2411/2315
f 2308/2408/2308 2309/2413/2309 2314/2410/2314 2313/2407/2313
f 2317/2406/2317 2313/2407/2313 2319/2417/2319 2323/2416/2323
f 2313/2407/2313 2314/2410/2314 2320/2418/2320 2319/2417/2319
f 2314/2410/2314 2315/2411/2315 2321/2419/2321 2320/2418/2320
f 2315/2411/2315 2316/2414/2316 2322/2420/2322 2321/2419/2321
f 2323/2416/2323 2319/2417/2319 2325/2422/2325 2329/2421/2329
f 2324/2425/2324 2328/2424/2328 2322/2420/2322 2318/2423/2318
f 2319/2417/2319 2320/2418/2320 2326/2426/2326 2325/2422/2325
f 2320/2418/2320 2321/2419/2321 2327/2427/2327 2326/2426/2326
f 2321/2419/2321 2322/2420/2322 2328/2424/2328 2327/2427/2327
f 2329/2421/2329 2325/2422/2325 133/149/133 137/148/137
f 132/150/132 136/151/136 2328/2424/2328 2324/2425/2324
f 2325/2422/2325 2326/2426/2326 134/152/134 133/149/133
f 2326/2426/2326 2327/2427/2327 135/153/135 134/152/134
f 2327/2427/2327 2328/2424/2328 136/151/136 135/153/135
f 2333/2429/2333 2334/2428/2334 2278/2371/2278 2277/2372/2277
f 2279/2431/2279 2278/2371/2278 2334/2428/2334 2335/2430/2335
f 3586/2433/3586 2279/2431/2279 2335/2430/2335 3588/2432/3588
f 2275/2437/2275 2274/2436/2274 2330/2435/2330 2331/2434/2331
f 2284/2441/2284 2283/2440/2283 2339/2439/2339 2340/2438/2340
f 2286/2445/2286 2285/2444/2285 2341/2443/2341 2342/2442/2342
f 2283/2440/2283 2282/2447/2282 2338/2446/2338 2339/2439/2339
f 2285/2444/2285 2284/2441/2284 2340/2438/2340 2341/2443/2341
f 2282/2447/2282 2281/2388/2281 2337/2448/2337 2338/2446/2338
f 2291/2389/2291 2290/2451/2290 2346/2450/2346 2347/2449/2347
f 2292/2455/2292 2293/2454/2293 2349/2453/2349 2348/2452/2348
f 2290/2451/2290 2288/2457/2288 2344/2456/2344 2346/2450/2346
f 2289/2459/2289 2292/2455/2292 2348/2452/2348 2345/2458/2345
f 2293/2454/2293 2294/2397/2294 2350/2460/2350 2349/2453/2349
f 2288/2457/2288 2289/2459/2289 2345/2458/2345 2344/2456/2344
f 2350/2460/2350 2294/2397/2294 2302/2395/2302 2307/2398/2307
f 2291/2389/2291 2347/2449/2347 2337/2448/2337 2281/2388/2281
f 2317/2406/2317 2358/2462/2358 2357/2461/2357 2312/2409/2312
f 2323/2416/2323 2359/2463/2359 2358/2462/2358 2317/2406/2317
f 2329/2421/2329 2360/2464/2360 2359/2463/2359 2323/2416/2323
f 137/148/137 170/191/170 2360/2464/2360 2329/2421/2329
f 2365/2468/2365 2366/2467/2366 2372/2466/2372 2371/2465/2371
f 2362/2470/2362 2365/2468/2365 2371/2465/2371 2368/2469/2368
f 2363/2474/2363 2361/2473/2361 2367/2472/2367 2369/2471/2369
f 2364/2476/2364 2363/2474/2363 2369/2471/2369 2370/2475/2370
f 2361/2473/2361 2362/2470/2362 2368/2469/2368 2367/2472/2367
f 2358/2462/2358 2372/2466/2372 2366/2467/2366 2357/2461/2357
f 2377/2480/2377 2376/2479/2376 2384/2478/2384 2385/2477/2385
f 2376/2479/2376 2351/2482/2351 2379/2481/2379 2384/2478/2384
f 2378/2484/2378 2377/2480/2377 2385/2477/2385 2386/2483/2386
f 2351/2482/2351 2352/2486/2352 2380/2485/2380 2379/2481/2379
f 2352/2486/2352 2353/2488/2353 2381/2487/2381 2380/2485/2380
f 2370/2475/2370 2381/2487/2381 2353/2488/2353 2364/2476/2364
f 2370/2475/2370 2369/2471/2369 2396/2490/2396 2397/2489/2397
f 2397/2489/2397 2402/2491/2402 2381/2487/2381 2370/2475/2370
f 2368/2469/2368 2371/2465/2371 2398/2493/2398 2395/2492/2395
f 2371/2465/2371 2372/2466/2372 2399/2494/2399 2398/2493/2398
f 2385/2477/2385 2384/2478/2384 2405/2496/2405 2406/2495/2406
f 2384/2478/2384 2379/2481/2379 2400/2497/2400 2405/2496/2405
f 2386/2483/2386 2385/2477/2385 2406/2495/2406 2407/2498/2407
f 2379/2481/2379 2380/2485/2380 2401/2499/2401 2400/2497/2400
f 2367/2472/2367 2368/2469/2368 2395/2492/2395 2394/2500/2394
f 3591/2502/3591 2386/2483/2386 2407/2498/2407 3593/2501/3593
f 2380/2485/2380 2381/2487/2381 2402/2491/2402 2401/2499/2401
f 2369/2471/2369 2367/2472/2367 2394/2500/2394 2396/2490/2396
f 2359/2463/2359 2399/2494/2399 2372/2466/2372 2358/2462/2358
f 2360/2464/2360 2410/2503/2410 2399/2494/2399 2359/2463/2359
f 170/191/170 221/231/221 2410/2503/2410 2360/2464/2360
f 2397/2489/2397 2396/2490/2396 2413/2505/2413 2414/2504/2414
f 2396/2490/2396 2394/2500/2394 2411/2506/2411 2413/2505/2413
f 2394/2500/2394 2395/2492/2395 2412/2507/2412 2411/2506/2411
f 2398/2493/2398 2416/2510/2416 2422/2509/2422 2421/2508/2421
f 2411/2506/2411 2412/2507/2412 2418/2512/2418 2417/2511/2417
f 2399/2494/2399 2410/2503/2410 2416/2510/2416 2398/2493/2398
f 2414/2504/2414 2413/2505/2413 2419/2514/2419 2420/2513/2420
f 2416/2510/2416 228/237/228 235/244/235 2422/2509/2422
f 2413/2505/2413 2411/2506/2411 2417/2511/2417 2419/2514/2419
f 2421/2508/2421 2422/2509/2422 2424/2516/2424 2423/2515/2423
f 2422/2509/2422 235/244/235 238/247/238 2424/2516/2424
f 2428/2520/2428 2427/2519/2427 3727/2518/3727 3728/2517/3728
f 2427/2519/2427 2425/2522/2425 3729/2521/3729 3727/2518/3727
f 2425/2522/2425 2426/2524/2426 3730/2523/3730 3729/2521/3729
f 2407/2498/2407 2406/2495/2406 2441/2526/2441 2442/2525/2442
f 2405/2496/2405 2400/2497/2400 2437/2528/2437 2440/2527/2440
f 2406/2495/2406 2405/2496/2405 2440/2527/2440 2441/2526/2441
f 2401/2499/2401 2402/2491/2402 2439/2530/2439 2438/2529/2438
f 3593/2501/3593 2407/2498/2407 2442/2525/2442 3595/2531/3595
f 2400/2497/2400 2401/2499/2401 2438/2529/2438 2437/2528/2437
f 2438/2529/2438 2439/2530/2439 2446/2533/2446 2445/2532/2445
f 2437/2528/2437 2438/2529/2438 2445/2532/2445 2444/2534/2444
f 2440/2527/2440 2437/2528/2437 2444/2534/2444 2447/2535/2447
f 2439/2530/2439 2402/2491/2402 2397/2489/2397 2414/2504/2414
f 2420/2513/2420 2446/2533/2446 2439/2530/2439 2414/2504/2414
f 2449/2539/2449 2450/2538/2450 3732/2537/3732 3731/2536/3731
f 2434/2541/2434 2456/2540/2456 3732/2537/3732 3728/2517/3728
f 2428/2520/2428 2450/2538/2450 3700/2543/3700 3692/2542/3692
f 3731/2536/3731 2455/2546/2455 2975/2545/2975 3737/2544/3737
f 3064/2550/3064 3063/2549/3063 2982/2548/2982 2983/2547/2983
f 1534/283/1534 3000/2552/3000 2476/2551/2476 295/282/295
f 2462/2556/2462 2463/2555/2463 2465/2554/2465 2464/2553/2464
f 2464/2553/2464 2465/2554/2465 3597/2558/3597 3598/2557/3598
f 2392/2560/2392 2465/2554/2465 2463/2555/2463 2389/2559/2389
f 2465/2554/2465 2392/2560/2392 3592/2561/3592 3597/2558/3597
f 3575/2564/3575 3000/2552/3000 2474/2563/2474 2473/2562/2473
f 202/299/202 2391/2565/2391 2474/2563/2474 292/298/292
f 2390/2566/2390 2473/2562/2473 2474/2563/2474 2391/2565/2391
f 2475/2567/2475 2476/2551/2476 3000/2552/3000 3575/2564/3575
f 292/298/292 2474/2563/2474 3000/2552/3000 1534/283/1534
f 2393/2571/2393 3574/2570/3574 2467/2569/2467 2388/2568/2388
f 2389/2559/2389 2463/2555/2463 2473/2562/2473 2390/2566/2390
f 2479/2575/2479 2480/2574/2480 2459/2573/2459 2458/2572/2458
f 2514/2579/2514 2495/2578/2495 2496/2577/2496 2513/2576/2513
f 2485/2583/2485 2486/2582/2486 2482/2581/2482 2481/2580/2481
f 2483/2585/2483 2484/2584/2484 2480/2574/2480 2479/2575/2479
f 303/322/303 2482/2581/2482 2486/2582/2486 308/321/308
f 2489/2587/2489 2490/2586/2490 2486/2582/2486 2485/2583/2485
f 2487/2589/2487 2488/2588/2488 2484/2584/2484 2483/2585/2483
f 308/321/308 2486/2582/2486 2490/2586/2490 313/327/313
f 2493/2591/2493 2494/2590/2494 2490/2586/2490 2489/2587/2489
f 2491/2593/2491 2492/2592/2492 2488/2588/2488 2487/2589/2487
f 313/327/313 2490/2586/2490 2494/2590/2494 318/332/318
f 2536/2597/2536 2535/2596/2535 2469/2595/2469 2510/2594/2510
f 2510/2594/2510 2511/2600/2511 2497/2599/2497 2470/2598/2470
f 2504/2603/2504 2458/2572/2458 2539/2602/2539 2540/2601/2540
f 2498/2607/2498 2499/2606/2499 2500/2605/2500 2501/2604/2501
f 2501/2604/2501 2500/2605/2500 2503/2609/2503 2502/2608/2502
f 2458/2572/2458 2504/2603/2504 2505/2610/2505 2479/2575/2479
f 2479/2575/2479 2505/2610/2505 2506/2611/2506 2483/2585/2483
f 2483/2585/2483 2506/2611/2506 2507/2612/2507 2487/2589/2487
f 2487/2589/2487 2507/2612/2507 2508/2613/2508 2491/2593/2491
f 2491/2593/2491 2508/2613/2508 2509/2614/2509 2469/2595/2469
f 2469/2595/2469 2509/2614/2509 2511/2600/2511 2510/2594/2510
f 2497/2599/2497 2502/2608/2502 2503/2609/2503 2470/2598/2470
f 2503/2609/2503 2500/2605/2500 2496/2577/2496 2495/2578/2495
f 2500/2605/2500 2499/2606/2499 2471/2615/2471 2496/2577/2496
f 3559/2617/3559 2478/2616/2478 298/358/298 1454/355/1454
f 2542/2618/2542 2471/2615/2471 2499/2606/2499 2539/2602/2539
f 2462/2556/2462 2464/2553/2464 2515/2620/2515 2461/2619/2461
f 2466/2623/2466 2516/2622/2516 3600/2621/3600 3598/2557/3598
f 2468/2625/2468 2517/2624/2517 2516/2622/2516 2466/2623/2466
f 2470/2598/2470 2503/2609/2503 2495/2578/2495 2534/2626/2534
f 3650/2630/3650 3651/2629/3651 3573/2628/3573 3572/2627/3572
f 2518/2632/2518 2519/2631/2519 2494/2590/2494 2493/2591/2493
f 318/332/318 2494/2590/2494 2519/2631/2519 344/374/344
f 2520/2634/2520 2523/2633/2523 2502/2608/2502 2497/2599/2497
f 2497/2599/2497 2511/2600/2511 2530/2635/2530 2520/2634/2520
f 2527/2637/2527 2528/2636/2528 2508/2613/2508 2507/2612/2507
f 2524/2639/2524 2525/2638/2525 2505/2610/2505 2504/2603/2504
f 2501/2604/2501 2502/2608/2502 2523/2633/2523 2522/2640/2522
f 2525/2638/2525 2526/2641/2526 2506/2611/2506 2505/2610/2505
f 2541/2642/2541 2524/2639/2524 2504/2603/2504 2540/2601/2540
f 2528/2636/2528 2529/2643/2529 2509/2614/2509 2508/2613/2508
f 2498/2607/2498 2501/2604/2501 2522/2640/2522 2521/2644/2521
f 2511/2600/2511 2509/2614/2509 2529/2643/2529 2530/2635/2530
f 2526/2641/2526 2527/2637/2527 2507/2612/2507 2506/2611/2506
f 344/374/344 2519/2631/2519 3576/2645/3576 1472/387/1472
f 2553/2649/2553 2543/2648/2543 2538/2647/2538 2552/2646/2552
f 2546/2653/2546 2545/2652/2545 2581/2651/2581 2580/2650/2580
f 2535/2596/2535 2492/2592/2492 2491/2593/2491 2469/2595/2469
f 2510/2594/2510 2470/2598/2470 2534/2626/2534 2536/2597/2536
f 2540/2601/2540 2539/2602/2539 2499/2606/2499 2498/2607/2498
f 2459/2573/2459 2542/2618/2542 2539/2602/2539 2458/2572/2458
f 2521/2644/2521 2541/2642/2541 2540/2601/2540 2498/2607/2498
f 2548/2655/2548 2546/2653/2546 2580/2650/2580 2579/2654/2579
f 363/400/363 2533/2657/2533 2629/2656/2629 456/399/456
f 1472/387/1472 3576/2645/3576 3834/2658/3834 1742/403/1742
f 2564/2660/2564 2565/2659/2565 2529/2643/2529 2528/2636/2528
f 2522/2640/2522 2523/2633/2523 2559/2662/2559 2558/2661/2558
f 2530/2635/2530 2529/2643/2529 2565/2659/2565 2566/2663/2566
f 2556/2664/2556 2559/2662/2559 2523/2633/2523 2520/2634/2520
f 2560/2666/2560 2561/2665/2561 2525/2638/2525 2524/2639/2524
f 2561/2665/2561 2562/2667/2562 2526/2641/2526 2525/2638/2525
f 2520/2634/2520 2530/2635/2530 2566/2663/2566 2556/2664/2556
f 2541/2642/2541 2521/2644/2521 2557/2669/2557 2567/2668/2567
f 2562/2667/2562 2563/2670/2563 2527/2637/2527 2526/2641/2526
f 2567/2668/2567 2560/2666/2560 2524/2639/2524 2541/2642/2541
f 2563/2670/2563 2564/2660/2564 2528/2636/2528 2527/2637/2527
f 2521/2644/2521 2522/2640/2522 2558/2661/2558 2557/2669/2557
f 2567/2668/2567 2557/2669/2557 2568/2672/2568 2570/2671/2570
f 2557/2669/2557 2558/2661/2558 2569/2673/2569 2568/2672/2568
f 2570/2671/2570 2568/2672/2568 2571/2675/2571 2573/2674/2573
f 2568/2672/2568 2569/2673/2569 2572/2676/2572 2571/2675/2571
f 2561/2665/2561 2560/2666/2560 2567/2668/2567 2570/2671/2570
f 2559/2662/2559 2556/2664/2556 2569/2673/2569 2558/2661/2558
f 2566/2663/2566 2572/2676/2572 2569/2673/2569 2556/2664/2556
f 2566/2663/2566 2565/2659/2565 2564/2660/2564 2572/2676/2572
f 2572/2676/2572 2564/2660/2564 2563/2670/2563 2571/2675/2571
f 2571/2675/2571 2563/2670/2563 2562/2667/2562 2573/2674/2573
f 2573/2674/2573 2562/2667/2562 2561/2665/2561 2570/2671/2570
f 2574/2678/2574 2575/2677/2575 2546/2653/2546 2548/2655/2548
f 2575/2677/2575 2576/2679/2576 2545/2652/2545 2546/2653/2546
f 2543/2648/2543 2582/2681/2582 2583/2680/2583 2538/2647/2538
f 3834/2658/3834 3576/2645/3576 3578/2683/3578 3835/2682/3835
f 2587/2686/2587 2588/2685/2588 2586/2684/2586 2583/2680/2583
f 2589/2688/2589 2590/2687/2590 2588/2685/2588 2587/2686/2587
f 2591/2692/2591 2592/2691/2592 2661/2690/2661 2662/2689/2662
f 2593/2694/2593 2594/2693/2594 2592/2691/2592 2591/2692/2591
f 2595/2696/2595 2596/2695/2596 2594/2693/2594 2593/2694/2593
f 2597/2700/2597 2598/2699/2598 2601/2698/2601 2600/2697/2600
f 2600/2697/2600 2601/2698/2601 2665/2702/2665 2664/2701/2664
f 2603/2706/2603 2604/2705/2604 2607/2704/2607 2606/2703/2606
f 2606/2703/2606 2607/2704/2607 2610/2708/2610 2609/2707/2609
f 2617/2712/2617 2616/2711/2616 2615/2710/2615 2614/2709/2614
f 2620/2716/2620 2619/2715/2619 2612/2714/2612 2621/2713/2621
f 2587/2686/2587 2583/2680/2583 2582/2681/2582 2599/2717/2599
f 2587/2686/2587 2599/2717/2599 2602/2718/2602 2589/2688/2589
f 2589/2688/2589 2602/2718/2602 2663/2719/2663 2662/2689/2662
f 2591/2692/2591 2605/2721/2605 2608/2720/2608 2593/2694/2593
f 2593/2694/2593 2608/2720/2608 2611/2722/2611 2595/2696/2595
f 2537/2726/2537 2578/2725/2578 2577/2724/2577 2544/2723/2544
f 2667/2728/2667 2617/2712/2617 2614/2709/2614 2666/2727/2666
f 2619/2715/2619 2618/2730/2618 2613/2729/2613 2612/2714/2612
f 2580/2650/2580 2615/2710/2615 2616/2711/2616 2579/2654/2579
f 2531/2734/2531 2630/2733/2630 2625/2732/2625 2532/2731/2532
f 2622/2738/2622 2623/2737/2623 3843/2736/3843 3842/2735/3842
f 2668/2742/2668 2624/2741/2624 3844/2740/3844 3852/2739/3852
f 3641/2746/3641 3577/2745/3577 3837/2744/3837 3836/2743/3836
f 3832/2750/3832 2585/2749/2585 3845/2748/3845 3855/2747/3855
f 2669/2754/2669 2628/2753/2628 2633/2752/2633 2670/2751/2670
f 2626/2758/2626 2627/2757/2627 2632/2756/2632 2631/2755/2631
f 2670/2751/2670 2633/2752/2633 2636/2760/2636 2671/2759/2671
f 2631/2755/2631 2632/2756/2632 2635/2762/2635 2634/2761/2634
f 2671/2759/2671 2636/2760/2636 2639/2764/2639 2672/2763/2672
f 2634/2761/2634 2635/2762/2635 2638/2766/2638 2637/2765/2637
f 2672/2763/2672 2639/2764/2639 469/514/469 510/513/510
f 2637/2765/2637 2638/2766/2638 468/516/468 467/515/467
f 2641/2768/2641 2628/2753/2628 3844/2740/3844 3853/2767/3853
f 2628/2753/2628 2641/2768/2641 2642/2769/2642 2633/2752/2633
f 2633/2752/2633 2642/2769/2642 2643/2770/2643 2636/2760/2636
f 2636/2760/2636 2643/2770/2643 2644/2771/2644 2639/2764/2639
f 2639/2764/2639 2644/2771/2644 475/522/475 469/514/469
f 2585/2749/2585 2622/2738/2622 3842/2735/3842 3845/2748/3845
f 2631/2755/2631 2630/2733/2630 2584/2772/2584 2626/2758/2626
f 2630/2733/2630 2631/2755/2631 2634/2761/2634 2625/2732/2625
f 2637/2765/2637 2629/2656/2629 2625/2732/2625 2634/2761/2634
f 2629/2656/2629 2637/2765/2637 467/515/467 456/399/456
f 2614/2709/2614 2615/2710/2615 2648/2774/2648 2647/2773/2647
f 2612/2714/2612 2613/2729/2613 2646/2776/2646 2645/2775/2645
f 2666/2727/2666 2614/2709/2614 2647/2773/2647 2673/2777/2673
f 2581/2651/2581 2648/2774/2648 2615/2710/2615 2580/2650/2580
f 2654/2779/2654 2648/2774/2648 2581/2651/2581 2650/2778/2650
f 2648/2774/2648 2654/2779/2654 2653/2780/2653 2647/2773/2647
f 2647/2773/2647 2653/2780/2653 2674/2781/2674 2673/2777/2673
f 2652/2782/2652 2646/2776/2646 2673/2777/2673 2674/2781/2674
f 2646/2776/2646 2652/2782/2652 2651/2783/2651 2645/2775/2645
f 2674/2781/2674 2653/2780/2653 2659/2785/2659 2675/2784/2675
f 2653/2780/2653 2654/2779/2654 2660/2786/2660 2659/2785/2659
f 3828/2790/3828 2649/2789/2649 2655/2788/2655 3829/2787/3829
f 2656/2791/2656 2660/2786/2660 2654/2779/2654 2650/2778/2650
f 2651/2783/2651 2652/2782/2652 2658/2793/2658 2657/2792/2657
f 2662/2689/2662 2661/2690/2661 2590/2687/2590 2589/2688/2589
f 2664/2701/2664 2665/2702/2665 2604/2705/2604 2603/2706/2603
f 2662/2689/2662 2663/2719/2663 2605/2721/2605 2591/2692/2591
f 2618/2730/2618 2667/2728/2667 2666/2727/2666 2613/2729/2613
f 2623/2737/2623 2668/2742/2668 3852/2739/3852 3843/2736/3843
f 2627/2757/2627 2669/2754/2669 2670/2751/2670 2632/2756/2632
f 2632/2756/2632 2670/2751/2670 2671/2759/2671 2635/2762/2635
f 2635/2762/2635 2671/2759/2671 2672/2763/2672 2638/2766/2638
f 2638/2766/2638 2672/2763/2672 510/513/510 468/516/468
f 2613/2729/2613 2666/2727/2666 2673/2777/2673 2646/2776/2646
f 2680/2795/2680 2681/2794/2681 2645/2775/2645 2651/2783/2651
f 2652/2782/2652 2674/2781/2674 2675/2784/2675 2658/2793/2658
f 2651/2783/2651 2657/2792/2657 2679/2796/2679 2680/2795/2680
f 2677/2798/2677 2676/2797/2676 2642/2769/2642 2641/2768/2641
f 2676/2797/2676 2683/2799/2683 2643/2770/2643 2642/2769/2642
f 3851/2800/3851 2677/2798/2677 2641/2768/2641 3853/2767/3853
f 2695/2802/2695 2696/2801/2696 2681/2794/2681 2680/2795/2680
f 2612/2714/2612 2645/2775/2645 2681/2794/2681 2621/2713/2621
f 2682/2803/2682 521/555/521 475/522/475 2644/2771/2644
f 2683/2799/2683 2682/2803/2682 2644/2771/2644 2643/2770/2643
f 2609/2707/2609 2610/2708/2610 2687/2805/2687 2686/2804/2686
f 2657/2792/2657 494/702/494 524/695/524 2679/2796/2679
f 2595/2696/2595 2611/2722/2611 2688/2807/2688 2684/2806/2684
f 2692/2809/2692 2691/2808/2691 2676/2797/2676 2677/2798/2677
f 2620/2716/2620 2621/2713/2621 2690/2811/2690 2689/2810/2689
f 2710/2815/2710 2711/2814/2711 2696/2813/2696 2695/2812/2695
f 2698/2817/2698 2697/2816/2697 2682/2803/2682 2683/2799/2683
f 2680/2795/2680 2679/2796/2679 2694/2818/2694 2695/2802/2695
f 2691/2808/2691 2698/2817/2698 2683/2799/2683 2676/2797/2676
f 2621/2713/2621 2681/2794/2681 2696/2801/2696 2690/2811/2690
f 3850/2819/3850 2692/2809/2692 2677/2798/2677 3851/2800/3851
f 2684/2806/2684 2685/2820/2685 2596/2695/2596 2595/2696/2595
f 2706/2824/2706 2713/2823/2713 2698/2822/2698 2691/2821/2691
f 2713/2823/2713 2712/2826/2712 2697/2825/2697 2698/2822/2698
f 2695/2812/2695 2694/2828/2694 2709/2827/2709 2710/2815/2710
f 3841/2832/3841 2707/2831/2707 2692/2830/2692 3850/2829/3850
f 2689/2836/2689 2690/2835/2690 2705/2834/2705 2704/2833/2704
f 2684/2840/2684 2688/2839/2688 2703/2838/2703 2699/2837/2699
f 2699/2837/2699 2700/2842/2700 2685/2841/2685 2684/2840/2684
f 2707/2831/2707 2706/2824/2706 2691/2821/2691 2692/2830/2692
f 2711/2814/2711 2710/2815/2710 2725/2844/2725 2726/2843/2726
f 2690/2835/2690 2696/2813/2696 2711/2814/2711 2705/2834/2705
f 2686/2848/2686 2687/2847/2687 2702/2846/2702 2701/2845/2701
f 2705/2834/2705 2711/2814/2711 2726/2843/2726 2720/2849/2720
f 2701/2845/2701 2702/2846/2702 2717/2851/2717 2716/2850/2716
f 2727/2854/2727 572/2853/572 555/2852/555 2712/2826/2712
f 2721/2856/2721 2728/2855/2728 2713/2823/2713 2706/2824/2706
f 2728/2855/2728 2727/2854/2727 2712/2826/2712 2713/2823/2713
f 2710/2815/2710 2709/2827/2709 2724/2857/2724 2725/2844/2725
f 3840/2859/3840 2722/2858/2722 2707/2831/2707 3841/2832/3841
f 2704/2833/2704 2705/2834/2705 2720/2849/2720 2719/2860/2719
f 2699/2837/2699 2703/2838/2703 2718/2862/2718 2714/2861/2714
f 2714/2861/2714 2715/2863/2715 2700/2842/2700 2699/2837/2699
f 2722/2858/2722 2721/2856/2721 2706/2824/2706 2707/2831/2707
f 2740/2865/2740 2741/2864/2741 2726/2843/2726 2725/2844/2725
f 2741/2864/2741 2740/2865/2740 2755/2867/2755 2756/2866/2756
f 2720/2849/2720 2726/2843/2726 2741/2864/2741 2735/2868/2735
f 2716/2850/2716 2717/2851/2717 2732/2870/2732 2731/2869/2731
f 2742/2872/2742 589/2871/589 572/2853/572 2727/2854/2727
f 2736/2874/2736 2743/2873/2743 2728/2855/2728 2721/2856/2721
f 2743/2873/2743 2742/2872/2742 2727/2854/2727 2728/2855/2728
f 2725/2844/2725 2724/2857/2724 2739/2875/2739 2740/2865/2740
f 3839/2877/3839 2737/2876/2737 2722/2858/2722 3840/2859/3840
f 2719/2860/2719 2720/2849/2720 2735/2868/2735 2734/2878/2734
f 2714/2861/2714 2718/2862/2718 2733/2880/2733 2729/2879/2729
f 2729/2879/2729 2730/2881/2730 2715/2863/2715 2714/2861/2714
f 677/637/677 694/638/694 2829/2883/2829 2814/2882/2814
f 2737/2876/2737 2736/2874/2736 2721/2856/2721 2722/2858/2722
f 2729/2879/2729 2733/2880/2733 2748/2885/2748 2744/2884/2744
f 2744/2884/2744 2745/2886/2745 2730/2881/2730 2729/2879/2729
f 660/644/660 677/637/677 2814/2882/2814 2799/2887/2799
f 2752/2889/2752 2751/2888/2751 2736/2874/2736 2737/2876/2737
f 2770/2891/2770 2771/2890/2771 2756/2866/2756 2755/2867/2755
f 2735/2868/2735 2741/2864/2741 2756/2866/2756 2750/2892/2750
f 2799/2887/2799 2784/2893/2784 643/651/643 660/644/660
f 2731/2869/2731 2732/2870/2732 2747/2895/2747 2746/2894/2746
f 2757/2897/2757 606/2896/606 589/2871/589 2742/2872/2742
f 2784/2893/2784 2769/2898/2769 626/657/626 643/651/643
f 2751/2888/2751 2758/2899/2758 2743/2873/2743 2736/2874/2736
f 2758/2899/2758 2757/2897/2757 2742/2872/2742 2743/2873/2743
f 2740/2865/2740 2739/2875/2739 2754/2900/2754 2755/2867/2755
f 3838/2901/3838 2752/2889/2752 2737/2876/2737 3839/2877/3839
f 2734/2878/2734 2735/2868/2735 2750/2892/2750 2749/2902/2749
f 2772/2904/2772 623/2903/623 606/2896/606 2757/2897/2757
f 2754/2900/2754 609/664/609 626/657/626 2769/2898/2769
f 2766/2906/2766 2773/2905/2773 2758/2899/2758 2751/2888/2751
f 2773/2905/2773 2772/2904/2772 2757/2897/2757 2758/2899/2758
f 2755/2867/2755 2754/2900/2754 2769/2898/2769 2770/2891/2770
f 3849/2908/3849 2767/2907/2767 2752/2889/2752 3838/2901/3838
f 2749/2902/2749 2750/2892/2750 2765/2910/2765 2764/2909/2764
f 2744/2884/2744 2748/2885/2748 2763/2912/2763 2759/2911/2759
f 2759/2911/2759 2760/2913/2760 2745/2886/2745 2744/2884/2744
f 609/664/609 2754/2900/2754 2739/2875/2739 592/674/592
f 2767/2907/2767 2766/2906/2766 2751/2888/2751 2752/2889/2752
f 2771/2890/2771 2770/2891/2770 2785/2915/2785 2786/2914/2786
f 2750/2892/2750 2756/2866/2756 2771/2890/2771 2765/2910/2765
f 2724/2857/2724 575/677/575 592/674/592 2739/2875/2739
f 2746/2894/2746 2747/2895/2747 2762/2917/2762 2761/2916/2761
f 2765/2910/2765 2771/2890/2771 2786/2914/2786 2780/2918/2780
f 2709/2827/2709 558/681/558 575/677/575 2724/2857/2724
f 2761/2916/2761 2762/2917/2762 2777/2920/2777 2776/2919/2776
f 2787/2922/2787 640/2921/640 623/2903/623 2772/2904/2772
f 2694/2828/2694 541/686/541 558/681/558 2709/2827/2709
f 2781/2924/2781 2788/2923/2788 2773/2905/2773 2766/2906/2766
f 2788/2923/2788 2787/2922/2787 2772/2904/2772 2773/2905/2773
f 2770/2891/2770 2769/2898/2769 2784/2893/2784 2785/2915/2785
f 3848/2926/3848 2782/2925/2782 2767/2907/2767 3849/2908/3849
f 2764/2909/2764 2765/2910/2765 2780/2918/2780 2779/2927/2779
f 2759/2911/2759 2763/2912/2763 2778/2929/2778 2774/2928/2774
f 2774/2928/2774 2775/2930/2775 2760/2913/2760 2759/2911/2759
f 2782/2925/2782 2781/2924/2781 2766/2906/2766 2767/2907/2767
f 2785/2915/2785 2800/2932/2800 2801/2931/2801 2786/2914/2786
f 2816/2934/2816 2801/2931/2801 2800/2932/2800 2815/2933/2815
f 2780/2918/2780 2786/2914/2786 2801/2931/2801 2795/2935/2795
f 2660/2786/2660 497/729/497 496/719/496 2659/2785/2659
f 2776/2919/2776 2777/2920/2777 2792/2937/2792 2791/2936/2791
f 2802/2939/2802 657/2938/657 640/2921/640 2787/2922/2787
f 2796/2941/2796 2803/2940/2803 2788/2923/2788 2781/2924/2781
f 2803/2940/2803 2802/2939/2802 2787/2922/2787 2788/2923/2788
f 2785/2915/2785 2784/2893/2784 2799/2887/2799 2800/2932/2800
f 3847/2943/3847 2797/2942/2797 2782/2925/2782 3848/2926/3848
f 2779/2927/2779 2780/2918/2780 2795/2935/2795 2794/2944/2794
f 2774/2928/2774 2778/2929/2778 2793/2946/2793 2789/2945/2789
f 2789/2945/2789 2790/2947/2790 2775/2930/2775 2774/2928/2774
f 495/707/495 2658/2793/2658 2675/2784/2675 514/716/514
f 2797/2942/2797 2796/2941/2796 2781/2924/2781 2782/2925/2782
f 2817/2949/2817 674/2948/674 657/2938/657 2802/2939/2802
f 2811/2951/2811 2818/2950/2818 2803/2940/2803 2796/2941/2796
f 2818/2950/2818 2817/2949/2817 2802/2939/2802 2803/2940/2803
f 2800/2932/2800 2799/2887/2799 2814/2882/2814 2815/2933/2815
f 3846/2953/3846 2812/2952/2812 2797/2942/2797 3847/2943/3847
f 2794/2944/2794 2795/2935/2795 2810/2955/2810 2809/2954/2809
f 2789/2945/2789 2793/2946/2793 2808/2957/2808 2804/2956/2804
f 2804/2956/2804 2805/2958/2805 2790/2947/2790 2789/2945/2789
f 2812/2952/2812 2811/2951/2811 2796/2941/2796 2797/2942/2797
f 2831/2960/2831 2816/2934/2816 2815/2933/2815 2830/2959/2830
f 2795/2935/2795 2801/2931/2801 2816/2934/2816 2810/2955/2810
f 2655/2788/2655 492/1144/492 1737/1145/1737 3829/2787/3829
f 2791/2936/2791 2792/2937/2792 2807/2962/2807 2806/2961/2806
f 2804/2956/2804 2808/2957/2808 2823/2964/2823 2819/2963/2819
f 2819/2963/2819 2820/2965/2820 2805/2958/2805 2804/2956/2804
f 2827/2967/2827 2826/2966/2826 2811/2951/2811 2812/2952/2812
f 2810/2955/2810 2816/2934/2816 2831/2960/2831 2825/2968/2825
f 2806/2961/2806 2807/2962/2807 2822/2970/2822 2821/2969/2821
f 2832/2972/2832 691/2971/691 674/2948/674 2817/2949/2817
f 2826/2966/2826 2833/2973/2833 2818/2950/2818 2811/2951/2811
f 2833/2973/2833 2832/2972/2832 2817/2949/2817 2818/2950/2818
f 2815/2933/2815 2814/2882/2814 2829/2883/2829 2830/2959/2830
f 3857/2974/3857 2827/2967/2827 2812/2952/2812 3846/2953/3846
f 2809/2954/2809 2810/2955/2810 2825/2968/2825 2824/2975/2824
f 2824/2975/2824 2825/2968/2825 2840/2977/2840 2839/2976/2839
f 2846/2979/2846 2831/2960/2831 2830/2959/2830 2845/2978/2845
f 694/638/694 711/752/711 2844/2980/2844 2829/2883/2829
f 2819/2963/2819 2823/2964/2823 2838/2982/2838 2834/2981/2834
f 2834/2981/2834 2835/2983/2835 2820/2965/2820 2819/2963/2819
f 2820/2965/2820 2835/2983/2835 2843/2985/2843 2828/2984/2828
f 2825/2968/2825 2831/2960/2831 2846/2979/2846 2840/2977/2840
f 2821/2969/2821 2822/2970/2822 2837/2987/2837 2836/2986/2836
f 2847/2989/2847 708/2988/708 691/2971/691 2832/2972/2832
f 2841/2991/2841 2848/2990/2848 2833/2973/2833 2826/2966/2826
f 2848/2990/2848 2847/2989/2847 2832/2972/2832 2833/2973/2833
f 2829/2883/2829 2844/2980/2844 2845/2978/2845 2830/2959/2830
f 3856/2993/3856 2842/2992/2842 2827/2967/2827 3857/2974/3857
f 2841/2991/2841 2826/2966/2826 2827/2967/2827 2842/2992/2842
f 2843/2985/2843 2835/2983/2835 2834/2981/2834 3856/2993/3856
f 2840/2977/2840 2834/2995/2834 2838/2994/2838 2839/2976/2839
f 2426/2524/2426 2435/2997/2435 3742/2996/3742 3730/2523/3730
f 2655/2788/2655 2649/2789/2649 2860/2999/2860 2861/2998/2861
f 2862/3003/2862 2555/3002/2555 2554/3001/2554 2850/3000/2850
f 2866/3005/2866 2867/3004/2867 2575/2677/2575 2574/2678/2574
f 2578/2725/2578 2598/2699/2598 2597/2700/2597 2577/2724/2577
f 2859/3006/2859 2576/2679/2576 2575/2677/2575 2867/3004/2867
f 2864/3010/2864 2881/3009/2881 2879/3008/2879 2863/3007/2863
f 2994/3014/2994 2995/3013/2995 2875/3012/2875 2876/3011/2876
f 2880/3018/2880 2882/3017/2882 2884/3016/2884 2883/3015/2883
f 2883/3015/2883 2884/3016/2884 2886/3020/2886 2885/3019/2885
f 2885/3019/2885 2886/3020/2886 2888/3022/2888 2887/3021/2887
f 2887/3021/2887 2888/3022/2888 2890/3024/2890 2889/3023/2889
f 2889/3023/2889 2890/3024/2890 2892/3026/2892 2891/3025/2891
f 2893/3030/2893 2894/3029/2894 2896/3028/2896 2895/3027/2895
f 2895/3027/2895 2896/3028/2896 2898/3032/2898 2897/3031/2897
f 2897/3031/2897 2898/3032/2898 2900/3034/2900 2899/3033/2899
f 2899/3033/2899 2900/3034/2900 2902/3036/2902 2901/3035/2901
f 2901/3035/2901 2902/3036/2902 2904/3038/2904 2903/3037/2903
f 2995/3013/2995 2996/3040/2996 2874/3039/2874 2875/3012/2875
f 2910/3044/2910 2909/3043/2909 3081/3042/3081 3082/3041/3082
f 2913/3048/2913 2912/3047/2912 2909/3046/2909 2910/3045/2910
f 2916/3050/2916 2915/3049/2915 2912/3047/2912 2913/3048/2913
f 2920/3052/2920 2918/3051/2918 2915/3049/2915 2916/3050/2916
f 2926/3056/2926 2927/3055/2927 2919/3054/2919 2923/3053/2923
f 2924/3057/2924 2922/3058/2922 2918/3051/2918 2920/3052/2920
f 2920/3052/2920 2927/3055/2927 2926/3056/2926 2924/3057/2924
f 3126/3061/3126 2917/3060/2917 2921/3059/2921 2919/3054/2919
f 2903/3037/2903 2908/3062/2908 2907/3063/2907 2901/3035/2901
f 2901/3035/2901 2907/3063/2907 2906/3064/2906 2899/3033/2899
f 2915/3049/2915 787/839/787 783/840/783 2912/3047/2912
f 2993/3066/2993 2994/3014/2994 2876/3011/2876 2877/3065/2877
f 3728/2517/3728 3727/2518/3727 2433/3067/2433 2434/2541/2434
f 2883/3015/2883 2896/3028/2896 2894/3029/2894 2880/3018/2880
f 2885/3019/2885 2898/3032/2898 2896/3028/2896 2883/3015/2883
f 2887/3021/2887 2900/3034/2900 2898/3032/2898 2885/3019/2885
f 2889/3023/2889 2902/3036/2902 2900/3034/2900 2887/3021/2887
f 2891/3025/2891 2904/3038/2904 2902/3036/2902 2889/3023/2889
f 2928/3069/2928 2929/3068/2929 2886/3020/2886 2884/3016/2884
f 2931/3071/2931 2932/3070/2932 2892/3026/2892 2890/3024/2890
f 2930/3072/2930 2931/3071/2931 2890/3024/2890 2888/3022/2888
f 2929/3068/2929 2930/3072/2930 2888/3022/2888 2886/3020/2886
f 2933/3076/2933 2934/3075/2934 2929/3074/2929 2928/3073/2928
f 2934/3075/2934 2935/3080/2935 2930/3079/2930 2929/3074/2929
f 2935/3082/2935 2936/3081/2936 2931/3071/2931 2930/3072/2930
f 2936/3081/2936 2937/3078/2937 2932/3070/2932 2931/3071/2931
f 2939/3084/2939 2940/3083/2940 2934/3075/2934 2933/3076/2933
f 2943/3086/2943 2944/3085/2944 2938/3077/2938 2937/3078/2937
f 2940/3083/2940 2941/3087/2941 2935/3080/2935 2934/3075/2934
f 2941/3089/2941 2942/3088/2942 2936/3081/2936 2935/3082/2935
f 2942/3088/2942 2943/3086/2943 2937/3078/2937 2936/3081/2936
f 2945/3091/2945 2946/3090/2946 2940/3083/2940 2939/3084/2939
f 2949/3093/2949 2950/3092/2950 2944/3085/2944 2943/3086/2943
f 2946/3090/2946 2947/3094/2947 2941/3087/2941 2940/3083/2940
f 2947/3096/2947 2948/3095/2948 2942/3088/2942 2941/3089/2941
f 2948/3095/2948 2949/3093/2949 2943/3086/2943 2942/3088/2942
f 2951/3098/2951 2952/3097/2952 2946/3090/2946 2945/3091/2945
f 2955/3100/2955 2956/3099/2956 2950/3092/2950 2949/3093/2949
f 2952/3097/2952 2953/3101/2953 2947/3094/2947 2946/3090/2946
f 2953/3103/2953 2954/3102/2954 2948/3095/2948 2947/3096/2947
f 2954/3102/2954 2955/3100/2955 2949/3093/2949 2948/3095/2948
f 2957/3105/2957 2958/3104/2958 2952/3097/2952 2951/3098/2951
f 2961/3107/2961 2962/3106/2962 2956/3099/2956 2955/3100/2955
f 2958/3104/2958 2959/3108/2959 2953/3101/2953 2952/3097/2952
f 2959/3110/2959 2960/3109/2960 2954/3102/2954 2953/3103/2953
f 2960/3109/2960 2961/3107/2961 2955/3100/2955 2954/3102/2954
f 836/3114/836 837/3113/837 3108/3112/3108 3107/3111/3107
f 840/3118/840 841/3117/841 3106/3116/3106 3121/3115/3121
f 837/3113/837 838/3120/838 3120/3119/3120 3108/3112/3108
f 838/3124/838 839/3123/839 3119/3122/3119 3120/3121/3120
f 839/3123/839 840/3118/840 3121/3115/3121 3119/3122/3119
f 2966/3128/2966 3861/3127/3861 3138/3126/3138 3062/3125/3062
f 3861/3127/3861 3860/3130/3860 3110/3129/3110 3138/3126/3138
f 3858/3134/3858 2965/3133/2965 3061/3132/3061 3060/3131/3060
f 3859/3138/3859 2967/3137/2967 3058/3136/3058 3098/3135/3098
f 2965/3133/2965 2966/3128/2966 3062/3125/3062 3061/3132/3061
f 2967/3137/2967 2968/3140/2968 3059/3139/3059 3058/3136/3058
f 3734/3144/3734 2971/3143/2971 2972/3142/2972 3733/3141/3733
f 3735/3146/3735 2974/3145/2974 2971/3143/2971 3734/3144/3734
f 3070/3150/3070 3071/3149/3071 3079/3148/3079 3068/3147/3068
f 3733/3141/3733 2972/3142/2972 3602/3152/3602 3743/3151/3743
f 3040/3156/3040 3041/3155/3041 3035/3154/3035 3034/3153/3034
f 3737/2544/3737 2975/2545/2975 2974/3145/2974 3735/3146/3735
f 3067/3158/3067 3064/2550/3064 2983/2547/2983 2981/3157/2981
f 3068/3147/3068 3067/3158/3067 2981/3157/2981 3070/3150/3070
f 3042/3160/3042 3036/3159/3036 3035/3154/3035 3041/3155/3041
f 3739/3162/3739 2996/3040/2996 2995/3013/2995 3738/3161/3738
f 2882/3017/2882 2986/3163/2986 2928/3069/2928 2884/3016/2884
f 2928/3073/2928 2986/3165/2986 2987/3164/2987 2933/3076/2933
f 2933/3076/2933 2987/3164/2987 2988/3166/2988 2939/3084/2939
f 2939/3084/2939 2988/3166/2988 2989/3167/2989 2945/3091/2945
f 2945/3091/2945 2989/3167/2989 2990/3168/2990 2951/3098/2951
f 2951/3098/2951 2990/3168/2990 2991/3169/2991 2957/3105/2957
f 2403/3173/2403 3002/3172/3002 3003/3171/3003 2409/3170/2409
f 2286/2445/2286 2342/2442/2342 3589/3175/3589 3587/3174/3587
f 2330/2435/2330 3004/3177/3004 2374/3176/2374 2331/2434/2331
f 3005/3180/3005 2343/3179/2343 3589/3175/3589 3603/3178/3603
f 2378/2484/2378 2386/2483/2386 3591/2502/3591 3603/3178/3603
f 2374/3176/2374 3004/3177/3004 3007/3182/3007 3006/3181/3006
f 2403/3173/2403 3006/3181/3006 3007/3182/3007 3002/3172/3002
f 2347/2449/2347 2364/2476/2364 2353/2488/2353 2337/2448/2337
f 2339/2439/2339 2351/2482/2351 2376/2479/2376 2340/2438/2340
f 2303/2399/2303 2308/2408/2308 2312/2409/2312 2307/2398/2307
f 2341/2443/2341 2377/2480/2377 2378/2484/2378 2342/2442/2342
f 2349/2453/2349 2366/2467/2366 2365/2468/2365 2348/2452/2348
f 2305/2402/2305 2310/2412/2310 2309/2413/2309 2304/2400/2304
f 2345/2458/2345 2362/2470/2362 2361/2473/2361 2344/2456/2344
f 2337/2448/2337 2353/2488/2353 2352/2486/2352 2338/2446/2338
f 2304/2400/2304 2309/2413/2309 2308/2408/2308 2303/2399/2303
f 2340/2438/2340 2376/2479/2376 2377/2480/2377 2341/2443/2341
f 2350/2460/2350 2357/2461/2357 2366/2467/2366 2349/2453/2349
f 2348/2452/2348 2365/2468/2365 2362/2470/2362 2345/2458/2345
f 2346/2450/2346 2363/2474/2363 2364/2476/2364 2347/2449/2347
f 2357/2461/2357 2350/2460/2350 2307/2398/2307 2312/2409/2312
f 2338/2446/2338 2352/2486/2352 2351/2482/2351 2339/2439/2339
f 2344/2456/2344 2361/2473/2361 2363/2474/2363 2346/2450/2346
f 2306/2404/2306 2311/2415/2311 2310/2412/2310 2305/2402/2305
f 2996/3040/2996 3013/3184/3013 3012/3183/3012 2874/3039/2874
f 3740/3185/3740 3013/3184/3013 2996/3040/2996 3739/3162/3739
f 2918/3051/2918 792/962/792 787/839/787 2915/3049/2915
f 792/962/792 2918/3051/2918 2922/3058/2922 797/835/797
f 2863/3007/2863 3020/3187/3020 3019/3186/3019 2864/3010/2864
f 3017/3191/3017 3023/3190/3023 3022/3189/3022 3015/3188/3015
f 3014/3193/3014 3022/3189/3022 3023/3190/3023 3021/3192/3021
f 3023/3190/3023 3017/3191/3017 3018/3195/3018 2992/3194/2992
f 2878/3196/2878 3021/3192/3021 3023/3190/3023 2992/3194/2992
f 2914/3200/2914 3025/3199/3025 3024/3198/3024 2911/3197/2911
f 3127/3201/3127 3126/3061/3126 2919/3054/2919 2927/3055/2927
f 2916/3050/2916 3127/3201/3127 2927/3055/2927 2920/3052/2920
f 2919/3054/2919 2921/3059/2921 2925/3202/2925 2923/3053/2923
f 3025/3199/3025 3026/3204/3026 3027/3203/3027 3024/3198/3024
f 3084/3206/3084 3014/3193/3014 3021/3192/3021 3085/3205/3085
f 3086/3209/3086 2911/3208/2911 3024/3207/3024 3085/3205/3085
f 2872/3211/2872 2994/3014/2994 2993/3066/2993 3016/3210/3016
f 3028/3215/3028 2905/3214/2905 3122/3213/3122 3123/3212/3123
f 2907/3063/2907 3030/3217/3030 3029/3216/3029 2906/3064/2906
f 3092/3221/3092 2893/3220/2893 2905/3219/2905 3090/3218/3090
f 3087/3225/3087 2882/3224/2882 2880/3223/2880 3088/3222/3088
f 3090/3218/3090 2905/3219/2905 3028/3227/3028 3091/3226/3091
f 3089/3228/3089 2874/3039/2874 3012/3183/3012 3088/3222/3088
f 3089/3228/3089 2894/3229/2894 2893/3220/2893 3092/3221/3092
f 2986/3165/2986 2882/3224/2882 3087/3225/3087 3083/3230/3083
f 2964/3232/2964 3859/3138/3859 3098/3135/3098 3057/3231/3057
f 2969/3234/2969 2964/3232/2964 3057/3231/3057 2977/3233/2977
f 3602/3152/3602 2972/3142/2972 2963/3236/2963 3601/3235/3601
f 3860/3130/3860 1768/3238/1768 950/3237/950 3110/3129/3110
f 2968/3140/2968 3858/3134/3858 3060/3131/3060 3059/3139/3059
f 3013/3184/3013 2973/3240/2973 2970/3239/2970 3012/3183/3012
f 3867/3244/3867 3864/3243/3864 3055/3242/3055 3054/3241/3054
f 2987/3164/2987 2986/3165/2986 3083/3230/3083 3093/3245/3093
f 1684/3249/1684 915/3248/915 3112/3247/3112 3779/3246/3779
f 3132/3253/3132 3117/3252/3117 4032/3251/4032 4033/3250/4033
f 3038/3255/3038 3132/3253/3132 4033/3250/4033 4034/3254/4034
f 3777/3257/3777 2991/3169/2991 2990/3168/2990 3776/3256/3776
f 3776/3256/3776 2990/3168/2990 2989/3167/2989 3775/3258/3775
f 3775/3258/3775 2989/3167/2989 2988/3166/2988 3774/3259/3774
f 3774/3259/3774 2988/3166/2988 2987/3164/2987 3780/3260/3780
f 2957/3105/2957 2991/3169/2991 3131/3262/3131 3128/3261/3128
f 3047/3264/3047 3048/3263/3048 3042/3160/3042 3041/3155/3041
f 3115/3268/3115 936/3267/936 929/3266/929 3116/3265/3116
f 3046/3269/3046 3047/3264/3047 3041/3155/3041 3040/3156/3040
f 3049/3273/3049 3050/3272/3050 3044/3271/3044 3043/3270/3043
f 3096/3275/3096 3046/3269/3046 3040/3156/3040 3095/3274/3095
f 3048/3263/3048 3049/3273/3049 3043/3270/3043 3042/3160/3042
f 3097/3279/3097 3052/3278/3052 3873/3277/3873 3879/3276/3879
f 3054/3241/3054 3055/3242/3055 3875/3281/3875 3876/3280/3876
f 3053/3283/3053 3054/3241/3054 3876/3280/3876 3877/3282/3877
f 3111/3287/3111 943/3286/943 1789/3285/1789 3880/3284/3880
f 3052/3278/3052 3053/3283/3053 3877/3282/3877 3873/3277/3873
f 3055/3242/3055 3056/3289/3056 3878/3288/3878 3875/3281/3875
f 3061/3132/3061 3062/3125/3062 3863/3290/3863 3864/3243/3864
f 3098/3135/3098 3058/3136/3058 3865/3292/3865 3869/3291/3869
f 3060/3131/3060 3061/3132/3061 3864/3243/3864 3867/3244/3867
f 3059/3139/3059 3060/3131/3060 3867/3244/3867 3868/3293/3868
f 3110/3129/3110 950/3237/950 1779/3295/1779 3870/3294/3870
f 3058/3136/3058 3059/3139/3059 3868/3293/3868 3865/3292/3865
f 865/3299/865 864/3298/864 3113/3297/3113 3118/3296/3118
f 2984/3301/2984 3063/2549/3063 3064/2550/3064 3065/3300/3065
f 2431/3304/2431 3073/3303/3073 3069/3302/3069 2433/3067/2433
f 2457/3306/2457 2456/2540/2456 2434/2541/2434 3066/3305/3066
f 2434/2541/2434 2433/3067/2433 3069/3302/3069 3066/3305/3066
f 3139/3308/3139 2982/2548/2982 3063/2549/3063 3141/3307/3141
f 3043/3270/3043 3037/3309/3037 3036/3159/3036 3042/3160/3042
f 3044/3271/3044 3038/3255/3038 3037/3309/3037 3043/3270/3043
f 2436/3311/2436 252/1089/252 1643/1090/1643 3741/3310/3741
f 2431/3304/2431 2432/3313/2432 3074/3312/3074 3073/3303/3073
f 2435/2997/2435 2436/3311/2436 3741/3310/3741 3742/2996/3742
f 3066/3305/3066 3069/3302/3069 4035/3315/4035 4038/3314/4038
f 4039/3316/4039 2457/3306/2457 3066/3305/3066 4038/3314/4038
f 3044/3271/3044 3137/3317/3137 3132/3253/3132 3038/3255/3038
f 3077/3319/3077 3068/3147/3068 3079/3148/3079 3080/3318/3080
f 3078/3320/3078 3067/3158/3067 3068/3147/3068 3077/3319/3077
f 3069/3302/3069 3073/3303/3073 4036/3321/4036 4035/3315/4035
f 3082/3041/3082 3081/3042/3081 2879/3008/2879 2881/3009/2881
f 3137/3317/3137 3116/3265/3116 3117/3252/3117 3132/3253/3132
f 3027/3322/3027 3084/3206/3084 3085/3205/3085 3024/3207/3024
f 2878/3196/2878 3086/3209/3086 3085/3205/3085 3021/3192/3021
f 2875/3012/2875 3092/3221/3092 3090/3218/3090 2876/3011/2876
f 2873/3323/2873 3087/3225/3087 3088/3222/3088 3012/3183/3012
f 2876/3011/2876 3090/3218/3090 3091/3226/3091 2877/3065/2877
f 2894/3229/2894 3089/3228/3089 3088/3222/3088 2880/3223/2880
f 2874/3039/2874 3089/3228/3089 3092/3221/3092 2875/3012/2875
f 3083/3230/3083 3087/3225/3087 2873/3323/2873 2985/3324/2985
f 3093/3245/3093 3083/3230/3083 2985/3324/2985 3032/3325/3032
f 3780/3260/3780 2987/3164/2987 3093/3245/3093 3773/3326/3773
f 3045/3328/3045 3096/3275/3096 3095/3274/3095 3039/3327/3039
f 3051/3330/3051 3097/3279/3097 3879/3276/3879 3874/3329/3874
f 3057/3231/3057 3098/3135/3098 3869/3291/3869 3866/3331/3866
f 3101/3333/3101 3100/3332/3100 3078/3320/3078 3077/3319/3077
f 3080/3318/3080 3102/3334/3102 3101/3333/3101 3077/3319/3077
f 3116/3265/3116 929/3266/929 922/3335/922 3117/3252/3117
f 3100/3332/3100 3103/3336/3103 3065/3300/3065 3078/3320/3078
f 3104/3338/3104 996/1118/996 1954/1119/1954 4042/3337/4042
f 3120/3121/3120 3119/3122/3119 3140/3340/3140 3133/3339/3133
f 862/3342/862 3114/3341/3114 3113/3297/3113 864/3298/864
f 4045/3346/4045 3033/3345/3033 3094/3344/3094 4044/3343/4044
f 2984/3301/2984 3105/3349/3105 3143/3348/3143 3130/3347/3130
f 2412/2507/2412 2421/2508/2421 2423/2515/2423 2418/2512/2418
f 3076/3350/3076 964/1132/964 996/1118/996 3104/3338/3104
f 3136/3351/3136 3115/3268/3115 3116/3265/3116 3137/3317/3137
f 3065/3300/3065 3103/3336/3103 3105/3349/3105 2984/3301/2984
f 3108/3112/3108 3120/3119/3120 3133/3353/3133 3142/3352/3142
f 3138/3126/3138 3110/3129/3110 3870/3294/3870 3871/3354/3871
f 3065/3300/3065 3064/2550/3064 3067/3158/3067 3078/3320/3078
f 994/1138/994 865/3299/865 3118/3296/3118 3109/3355/3109
f 3121/3115/3121 3106/3116/3106 3134/3357/3134 3129/3356/3129
f 3107/3111/3107 3108/3112/3108 3142/3352/3142 3128/3261/3128
f 3135/3359/3135 3111/3287/3111 3880/3284/3880 3881/3358/3881
f 3107/3111/3107 3112/3247/3112 915/3248/915 836/3114/836
f 3119/3122/3119 3121/3115/3121 3129/3356/3129 3140/3340/3140
f 3118/3296/3118 3113/3297/3113 3141/3307/3141 3130/3347/3130
f 4041/3360/4041 3105/3349/3105 3103/3336/3103 4036/3321/4036
f 2398/2493/2398 2421/2508/2421 2412/2507/2412 2395/2492/2395
f 2576/2679/2576 2649/2789/2649 3828/2790/3828 2545/2652/2545
f 2649/2789/2649 2576/2679/2576 2859/3006/2859 2860/2999/2860
f 734/1712/734 725/1146/725 2861/2998/2861 2868/3361/2868
f 3022/3189/3022 2864/3010/2864 3019/3186/3019 3015/3188/3015
f 3014/3193/3014 2881/3009/2881 2864/3010/2864 3022/3189/3022
f 2881/3009/2881 3014/3193/3014 3084/3206/3084 3082/3041/3082
f 3027/3322/3027 2910/3044/2910 3082/3041/3082 3084/3206/3084
f 2910/3045/2910 3027/3203/3027 3026/3204/3026 2913/3048/2913
f 2912/3047/2912 783/840/783 779/1147/779 2909/3046/2909
f 2909/3043/2909 779/1148/779 972/1149/972 3081/3042/3081
f 776/1150/776 2879/3008/2879 3081/3042/3081 972/1149/972
f 748/1151/748 2863/3007/2863 2879/3008/2879 776/1150/776
f 2863/3007/2863 748/1151/748 733/1152/733 3020/3187/3020
f 3801/3365/3801 3010/3364/3010 3744/3363/3744 3636/3362/3636
f 3018/3195/3018 3017/3191/3017 3789/3367/3789 3790/3366/3790
f 3017/3191/3017 3015/3188/3015 3788/3368/3788 3789/3367/3789
f 3015/3188/3015 3019/3186/3019 3787/3369/3787 3788/3368/3788
f 3019/3186/3019 3020/3187/3020 3786/3370/3786 3787/3369/3787
f 2467/2569/2467 3574/2570/3574 2468/2625/2468 2466/2623/2466
f 3123/3212/3123 3122/3213/3122 3124/3372/3124 3125/3371/3125
f 2895/3027/2895 3122/3213/3122 2905/3214/2905 2893/3030/2893
f 2897/3031/2897 3124/3372/3124 3122/3213/3122 2895/3027/2895
f 2914/3200/2914 2917/3060/2917 3126/3061/3126 3025/3199/3025
f 3025/3199/3025 3126/3061/3126 3127/3201/3127 3026/3204/3026
f 2913/3048/2913 3026/3204/3026 3127/3201/3127 2916/3050/2916
f 3124/3372/3124 2906/3064/2906 3029/3216/3029 3125/3371/3125
f 2899/3033/2899 2906/3064/2906 3124/3372/3124 2897/3031/2897
f 3039/3327/3039 2979/3374/2979 2980/3373/2980 3045/3328/3045
f 2978/3376/2978 3051/3330/3051 3874/3329/3874 3872/3375/3872
f 3869/3291/3869 3865/3292/3865 3052/3278/3052 3097/3279/3097
f 3104/3338/3104 2415/3378/2415 3075/3377/3075 3076/3350/3076
f 2415/3378/2415 3074/3312/3074 2432/3313/2432 3075/3377/3075
f 3128/3261/3128 3131/3262/3131 3112/3247/3112 3107/3111/3107
f 3114/3341/3114 3139/3308/3139 3141/3307/3141 3113/3297/3113
f 3133/3339/3133 3140/3340/3140 2960/3109/2960 2959/3110/2959
f 3130/3347/3130 3143/3348/3143 3109/3355/3109 3118/3296/3118
f 3050/3272/3050 3136/3351/3136 3137/3317/3137 3044/3271/3044
f 3142/3352/3142 3133/3353/3133 2959/3108/2959 2958/3104/2958
f 3062/3125/3062 3138/3126/3138 3871/3354/3871 3863/3290/3863
f 3129/3356/3129 3134/3357/3134 2962/3106/2962 2961/3107/2961
f 3128/3261/3128 3142/3352/3142 2958/3104/2958 2957/3105/2957
f 3056/3289/3056 3135/3359/3135 3881/3358/3881 3878/3288/3878
f 3140/3340/3140 3129/3356/3129 2961/3107/2961 2960/3109/2960
f 3130/3347/3130 3141/3307/3141 3063/2549/3063 2984/3301/2984
f 3109/3355/3109 3143/3348/3143 4046/3379/4046 4042/3337/4042
f 3143/3348/3143 3105/3349/3105 4041/3360/4041 4046/3379/4046
f 3144/3383/3144 3145/3382/3145 4257/3381/4257 4258/3380/4258
f 2214/3387/2214 2217/3386/2217 4259/3385/4259 4260/3384/4260
f 2211/3389/2211 2214/3387/2214 4260/3384/4260 4261/3388/4261
f 2208/3391/2208 2211/3389/2211 4261/3388/4261 4262/3390/4262
f 2205/3393/2205 2208/3391/2208 4262/3390/4262 4263/3392/4263
f 2253/2335/2253 2200/2283/2200 4257/3381/4257 4264/3394/4264
f 2271/2365/2271 2268/2361/2268 4265/3396/4265 4266/3395/4266
f 3169/3400/3169 3165/3399/3165 4268/3398/4268 4269/3397/4269
f 2268/2361/2268 2265/2355/2265 4270/3401/4270 4265/3396/4265
f 3584/3405/3584 2252/3404/2252 4267/3403/4267 4283/3402/4283
f 2265/2355/2265 2262/2356/2262 4268/3398/4268 4270/3401/4270
f 2246/3409/2246 2249/3408/2249 4272/3407/4272 4273/3406/4273
f 2301/2349/2301 2259/2345/2259 4274/3410/4274 4269/3397/4269
f 2243/3412/2243 2246/3409/2246 4273/3406/4273 4275/3411/4275
f 2259/2345/2259 2256/2341/2256 4276/3413/4276 4274/3410/4274
f 2256/2341/2256 2253/2335/2253 4264/3394/4264 4276/3413/4276
f 2232/3417/2232 2235/3416/2235 4278/3415/4278 4279/3414/4279
f 3582/3421/3582 2229/3420/2229 4271/3419/4271 4284/3418/4284
f 2223/3425/2223 2226/3424/2226 4280/3423/4280 4281/3422/4281
f 2199/2284/2199 2205/3393/2205 4263/3392/4263 4258/3380/4258
f 2220/3427/2220 2223/3425/2223 4281/3422/4281 4282/3426/4282
f 2217/3386/2217 2220/3427/2220 4282/3426/4282 4259/3385/4259
f 3158/3431/3158 3159/3430/3159 3185/3429/3185 3184/3428/3184
f 3155/3435/3155 3156/3434/3156 3182/3433/3182 3181/3432/3181
f 3150/3439/3150 3151/3438/3151 3177/3437/3177 3176/3436/3176
f 3144/3383/3144 3146/3442/3146 3172/3441/3172 3170/3440/3170
f 3164/3446/3164 3163/3445/3163 3189/3444/3189 3190/3443/3190
f 3159/3430/3159 3160/3448/3160 3186/3447/3186 3185/3429/3185
f 3151/3438/3151 3152/3450/3152 3178/3449/3178 3177/3437/3177
f 3146/3442/3146 3147/3452/3147 3173/3451/3173 3172/3441/3172
f 3195/3454/3195 3191/3453/3191 3165/3399/3165 3169/3400/3169
f 3169/3400/3169 3164/3446/3164 3190/3443/3190 3195/3454/3195
f 3606/3458/3606 3161/3457/3161 3187/3456/3187 3608/3455/3608
f 3152/3450/3152 3153/3460/3153 3179/3459/3179 3178/3449/3178
f 3147/3452/3147 3148/3462/3148 3174/3461/3174 3173/3451/3173
f 3166/3464/3166 3165/3399/3165 3191/3453/3191 3192/3463/3192
f 3605/3468/3605 3154/3467/3154 3180/3466/3180 3607/3465/3607
f 3148/3462/3148 3149/3470/3149 3175/3469/3175 3174/3461/3174
f 3167/3472/3167 3166/3464/3166 3192/3463/3192 3193/3471/3193
f 3162/3475/3162 3145/3382/3145 3171/3474/3171 3188/3473/3188
f 3149/3470/3149 3150/3439/3150 3176/3436/3176 3175/3469/3175
f 3170/3440/3170 3171/3474/3171 3145/3382/3145 3144/3383/3144
f 3168/3477/3168 3167/3472/3167 3193/3471/3193 3194/3476/3194
f 3163/3445/3163 3162/3475/3162 3188/3473/3188 3189/3444/3189
f 3189/3481/3189 3188/3480/3188 3214/3479/3214 3215/3478/3215
f 3184/3485/3184 3185/3484/3185 3211/3483/3211 3210/3482/3210
f 3181/3489/3181 3182/3488/3182 3208/3487/3208 3207/3486/3207
f 3176/3493/3176 3177/3492/3177 3203/3491/3203 3202/3490/3202
f 3170/3497/3170 3172/3496/3172 3198/3495/3198 3196/3494/3196
f 3190/3499/3190 3189/3481/3189 3215/3478/3215 3216/3498/3216
f 3185/3484/3185 3186/3501/3186 3212/3500/3212 3211/3483/3211
f 3177/3492/3177 3178/3503/3178 3204/3502/3204 3203/3491/3203
f 3172/3496/3172 3173/3505/3173 3199/3504/3199 3198/3495/3198
f 3221/3509/3221 3217/3508/3217 3191/3507/3191 3195/3506/3195
f 3195/3506/3195 3190/3499/3190 3216/3498/3216 3221/3509/3221
f 3608/3513/3608 3187/3512/3187 3213/3511/3213 3610/3510/3610
f 3178/3503/3178 3179/3515/3179 3205/3514/3205 3204/3502/3204
f 3173/3505/3173 3174/3517/3174 3200/3516/3200 3199/3504/3199
f 3192/3519/3192 3191/3507/3191 3217/3508/3217 3218/3518/3218
f 3607/3523/3607 3180/3522/3180 3206/3521/3206 3609/3520/3609
f 3174/3517/3174 3175/3525/3175 3201/3524/3201 3200/3516/3200
f 3193/3527/3193 3192/3519/3192 3218/3518/3218 3219/3526/3219
f 3188/3480/3188 3171/3529/3171 3197/3528/3197 3214/3479/3214
f 3175/3525/3175 3176/3493/3176 3202/3490/3202 3201/3524/3201
f 3196/3494/3196 3197/3528/3197 3171/3529/3171 3170/3497/3170
f 3194/3531/3194 3193/3527/3193 3219/3526/3219 3220/3530/3220
f 3219/3526/3219 3218/3518/3218 3244/3533/3244 3245/3532/3245
f 3214/3479/3214 3197/3528/3197 3223/3535/3223 3240/3534/3240
f 3201/3524/3201 3202/3490/3202 3228/3537/3228 3227/3536/3227
f 3222/3538/3222 3223/3535/3223 3197/3528/3197 3196/3494/3196
f 3220/3530/3220 3219/3526/3219 3245/3532/3245 3246/3539/3246
f 3215/3478/3215 3214/3479/3214 3240/3534/3240 3241/3540/3241
f 3210/3482/3210 3211/3483/3211 3237/3542/3237 3236/3541/3236
f 3207/3486/3207 3208/3487/3208 3234/3544/3234 3233/3543/3233
f 3202/3490/3202 3203/3491/3203 3229/3545/3229 3228/3537/3228
f 3196/3494/3196 3198/3495/3198 3224/3546/3224 3222/3538/3222
f 3216/3498/3216 3215/3478/3215 3241/3540/3241 3242/3547/3242
f 3211/3483/3211 3212/3500/3212 3238/3548/3238 3237/3542/3237
f 3203/3491/3203 3204/3502/3204 3230/3549/3230 3229/3545/3229
f 3198/3495/3198 3199/3504/3199 3225/3550/3225 3224/3546/3224
f 3247/3552/3247 3243/3551/3243 3217/3508/3217 3221/3509/3221
f 3221/3509/3221 3216/3498/3216 3242/3547/3242 3247/3552/3247
f 3610/3510/3610 3213/3511/3213 3239/3554/3239 3612/3553/3612
f 3204/3502/3204 3205/3514/3205 3231/3555/3231 3230/3549/3230
f 3199/3504/3199 3200/3516/3200 3226/3556/3226 3225/3550/3225
f 3218/3518/3218 3217/3508/3217 3243/3551/3243 3244/3533/3244
f 3609/3520/3609 3206/3521/3206 3232/3558/3232 3611/3557/3611
f 3200/3516/3200 3201/3524/3201 3227/3536/3227 3226/3556/3226
f 3222/3538/3222 3224/3546/3224 3250/3560/3250 3248/3559/3248
f 3242/3547/3242 3241/3540/3241 3267/3562/3267 3268/3561/3268
f 3237/3542/3237 3238/3548/3238 3264/3564/3264 3263/3563/3263
f 3229/3545/3229 3230/3549/3230 3256/3566/3256 3255/3565/3255
f 3224/3546/3224 3225/3550/3225 3251/3567/3251 3250/3560/3250
f 3273/3569/3273 3269/3568/3269 3243/3551/3243 3247/3552/3247
f 3247/3552/3247 3242/3547/3242 3268/3561/3268 3273/3569/3273
f 3612/3553/3612 3239/3554/3239 3265/3571/3265 3614/3570/3614
f 3230/3549/3230 3231/3555/3231 3257/3572/3257 3256/3566/3256
f 3225/3550/3225 3226/3556/3226 3252/3573/3252 3251/3567/3251
f 3244/3533/3244 3243/3551/3243 3269/3568/3269 3270/3574/3270
f 3611/3557/3611 3232/3558/3232 3258/3576/3258 3613/3575/3613
f 3226/3556/3226 3227/3536/3227 3253/3577/3253 3252/3573/3252
f 3245/3532/3245 3244/3533/3244 3270/3574/3270 3271/3578/3271
f 3240/3534/3240 3223/3535/3223 3249/3580/3249 3266/3579/3266
f 3227/3536/3227 3228/3537/3228 3254/3581/3254 3253/3577/3253
f 3248/3559/3248 3249/3580/3249 3223/3535/3223 3222/3538/3222
f 3246/3539/3246 3245/3532/3245 3271/3578/3271 3272/3582/3272
f 3241/3540/3241 3240/3534/3240 3266/3579/3266 3267/3562/3267
f 3236/3541/3236 3237/3542/3237 3263/3563/3263 3262/3583/3262
f 3233/3543/3233 3234/3544/3234 3260/3585/3260 3259/3584/3259
f 3228/3537/3228 3229/3545/3229 3255/3565/3255 3254/3581/3254
f 3274/3587/3274 3275/3586/3275 3249/3580/3249 3248/3559/3248
f 3272/3582/3272 3271/3578/3271 3297/3589/3297 3298/3588/3298
f 3267/3562/3267 3266/3579/3266 3292/3591/3292 3293/3590/3293
f 3262/3583/3262 3263/3563/3263 3289/3593/3289 3288/3592/3288
f 3259/3584/3259 3260/3585/3260 3286/3595/3286 3285/3594/3285
f 3254/3581/3254 3255/3565/3255 3281/3597/3281 3280/3596/3280
f 3248/3559/3248 3250/3560/3250 3276/3598/3276 3274/3587/3274
f 3268/3561/3268 3267/3562/3267 3293/3590/3293 3294/3599/3294
f 3263/3563/3263 3264/3564/3264 3290/3600/3290 3289/3593/3289
f 3255/3565/3255 3256/3566/3256 3282/3601/3282 3281/3597/3281
f 3250/3560/3250 3251/3567/3251 3277/3602/3277 3276/3598/3276
f 3299/3604/3299 3295/3603/3295 3269/3568/3269 3273/3569/3273
f 3273/3569/3273 3268/3561/3268 3294/3599/3294 3299/3604/3299
f 3614/3570/3614 3265/3571/3265 3291/3606/3291 3616/3605/3616
f 3256/3566/3256 3257/3572/3257 3283/3607/3283 3282/3601/3282
f 3251/3567/3251 3252/3573/3252 3278/3608/3278 3277/3602/3277
f 3270/3574/3270 3269/3568/3269 3295/3603/3295 3296/3609/3296
f 3613/3575/3613 3258/3576/3258 3284/3611/3284 3615/3610/3615
f 3252/3573/3252 3253/3577/3253 3279/3612/3279 3278/3608/3278
f 3271/3578/3271 3270/3574/3270 3296/3609/3296 3297/3589/3297
f 3266/3579/3266 3249/3580/3249 3275/3586/3275 3292/3591/3292
f 3253/3577/3253 3254/3581/3254 3280/3596/3280 3279/3612/3279
f 3278/3608/3278 3279/3612/3279 3305/3614/3305 3304/3613/3304
f 3280/3596/3280 3317/3615/3317 3305/3614/3305 3279/3612/3279
f 3281/3597/3281 3306/3616/3306 3317/3615/3317 3280/3596/3280
f 3283/3607/3283 3314/3618/3314 3307/3617/3307 3282/3601/3282
f 3298/3588/3298 3297/3589/3297 3323/3620/3323 3324/3619/3324
f 3284/3611/3284 3309/3622/3309 3617/3621/3617 3615/3610/3615
f 3286/3595/3286 3311/3624/3311 3310/3623/3310 3285/3594/3285
f 3289/3593/3289 3308/3626/3308 3313/3625/3313 3288/3592/3288
f 3274/3587/3274 3276/3598/3276 3302/3628/3302 3300/3627/3300
f 3290/3600/3290 3315/3629/3315 3308/3626/3308 3289/3593/3289
f 3319/3631/3319 3318/3630/3318 3293/3590/3293 3292/3591/3292
f 3281/3597/3281 3282/3601/3282 3307/3617/3307 3306/3616/3306
f 3296/3609/3296 3301/3632/3301 3323/3620/3323 3297/3589/3297
f 3325/3634/3325 3321/3633/3321 3295/3603/3295 3299/3604/3299
f 3295/3603/3295 3321/3633/3321 3301/3632/3301 3296/3609/3296
f 3616/3605/3616 3291/3606/3291 3316/3636/3316 3618/3635/3618
f 3294/3599/3294 3303/3637/3303 3325/3634/3325 3299/3604/3299
f 3293/3590/3293 3318/3630/3318 3303/3637/3303 3294/3599/3294
f 3275/3586/3275 3322/3638/3322 3319/3631/3319 3292/3591/3292
f 3322/3638/3322 3275/3586/3275 3274/3587/3274 3300/3627/3300
f 3277/3602/3277 3320/3639/3320 3302/3628/3302 3276/3598/3276
f 3278/3608/3278 3304/3613/3304 3320/3639/3320 3277/3602/3277
f 3285/3594/3285 3310/3623/3310 3309/3622/3309 3284/3611/3284
f 3285/3594/3285 3284/3611/3284 3258/3576/3258 3259/3584/3259
f 3259/3584/3259 3258/3576/3258 3232/3558/3232 3233/3543/3233
f 3206/3521/3206 3207/3486/3207 3233/3543/3233 3232/3558/3232
f 3330/3641/3330 3346/3640/3346 3320/3639/3320 3304/3613/3304
f 3351/3643/3351 3347/3642/3347 3321/3633/3321 3325/3634/3325
f 3329/3644/3329 3351/3643/3351 3325/3634/3325 3303/3637/3303
f 3620/3646/3620 3341/3645/3341 3315/3629/3315 3618/3635/3618
f 3334/3648/3334 3339/3647/3339 3313/3625/3313 3308/3626/3308
f 3345/3650/3345 3344/3649/3344 3318/3630/3318 3319/3631/3319
f 3340/3652/3340 3333/3651/3333 3307/3617/3307 3314/3618/3314
f 3328/3654/3328 3326/3653/3326 3300/3627/3300 3302/3628/3302
f 3344/3649/3344 3329/3644/3329 3303/3637/3303 3318/3630/3318
f 3619/3655/3619 3340/3652/3340 3314/3618/3314 3617/3621/3617
f 3331/3656/3331 3330/3641/3330 3304/3613/3304 3305/3614/3305
f 3346/3640/3346 3328/3654/3328 3302/3628/3302 3320/3639/3320
f 3348/3657/3348 3345/3650/3345 3319/3631/3319 3322/3638/3322
f 3327/3659/3327 3349/3658/3349 3323/3620/3323 3301/3632/3301
f 3337/3661/3337 3336/3660/3336 3310/3623/3310 3311/3624/3311
f 3343/3662/3343 3331/3656/3331 3305/3614/3305 3317/3615/3317
f 3349/3658/3349 3350/3663/3350 3324/3619/3324 3323/3620/3323
f 3347/3642/3347 3327/3659/3327 3301/3632/3301 3321/3633/3321
f 3341/3645/3341 3334/3648/3334 3308/3626/3308 3315/3629/3315
f 3332/3664/3332 3343/3662/3343 3317/3615/3317 3306/3616/3306
f 3326/3653/3326 3348/3657/3348 3322/3638/3322 3300/3627/3300
f 3336/3660/3336 3335/3665/3335 3309/3622/3309 3310/3623/3310
f 3333/3651/3333 3332/3664/3332 3306/3616/3306 3307/3617/3307
f 3621/3667/3621 3366/3666/3366 3340/3652/3340 3619/3655/3619
f 3357/3669/3357 3356/3668/3356 3330/3641/3330 3331/3656/3331
f 3371/3671/3371 3370/3670/3370 3344/3649/3344 3345/3650/3345
f 3375/3673/3375 3376/3672/3376 3350/3663/3350 3349/3658/3349
f 3353/3674/3353 3375/3673/3375 3349/3658/3349 3327/3659/3327
f 3363/3676/3363 3362/3675/3362 3336/3660/3336 3337/3661/3337
f 3369/3677/3369 3357/3669/3357 3331/3656/3331 3343/3662/3343
f 3352/3679/3352 3374/3678/3374 3348/3657/3348 3326/3653/3326
f 3373/3680/3373 3353/3674/3353 3327/3659/3327 3347/3642/3347
f 3367/3682/3367 3360/3681/3360 3334/3648/3334 3341/3645/3341
f 3358/3683/3358 3369/3677/3369 3343/3662/3343 3332/3664/3332
f 3377/3684/3377 3373/3680/3373 3347/3642/3347 3351/3643/3351
f 3355/3685/3355 3377/3684/3377 3351/3643/3351 3329/3644/3329
f 3362/3675/3362 3361/3686/3361 3335/3665/3335 3336/3660/3336
f 3359/3687/3359 3358/3683/3358 3332/3664/3332 3333/3651/3333
f 3372/3689/3372 3354/3688/3354 3328/3654/3328 3346/3640/3346
f 3370/3670/3370 3355/3685/3355 3329/3644/3329 3344/3649/3344
f 3622/3690/3622 3367/3682/3367 3341/3645/3341 3620/3646/3620
f 3360/3681/3360 3365/3691/3365 3339/3647/3339 3334/3648/3334
f 3366/3666/3366 3359/3687/3359 3333/3651/3333 3340/3652/3340
f 3354/3688/3354 3352/3679/3352 3326/3653/3326 3328/3654/3328
f 3356/3668/3356 3372/3689/3372 3346/3640/3346 3330/3641/3330
f 3374/3678/3374 3371/3671/3371 3345/3650/3345 3348/3657/3348
f 3379/3693/3379 3401/3692/3401 3375/3673/3375 3353/3674/3353
f 3389/3695/3389 3388/3694/3388 3362/3675/3362 3363/3676/3363
f 3395/3697/3395 3383/3696/3383 3357/3669/3357 3369/3677/3369
f 3378/3699/3378 3400/3698/3400 3374/3678/3374 3352/3679/3352
f 3399/3700/3399 3379/3693/3379 3353/3674/3353 3373/3680/3373
f 3393/3702/3393 3386/3701/3386 3360/3681/3360 3367/3682/3367
f 3384/3703/3384 3395/3697/3395 3369/3677/3369 3358/3683/3358
f 3403/3704/3403 3399/3700/3399 3373/3680/3373 3377/3684/3377
f 3381/3705/3381 3403/3704/3403 3377/3684/3377 3355/3685/3355
f 3388/3694/3388 3387/3706/3387 3361/3686/3361 3362/3675/3362
f 3385/3707/3385 3384/3703/3384 3358/3683/3358 3359/3687/3359
f 3398/3709/3398 3380/3708/3380 3354/3688/3354 3372/3689/3372
f 3396/3710/3396 3381/3705/3381 3355/3685/3355 3370/3670/3370
f 3624/3711/3624 3393/3702/3393 3367/3682/3367 3622/3690/3622
f 3386/3701/3386 3391/3712/3391 3365/3691/3365 3360/3681/3360
f 3392/3713/3392 3385/3707/3385 3359/3687/3359 3366/3666/3366
f 3380/3708/3380 3378/3699/3378 3352/3679/3352 3354/3688/3354
f 3382/3714/3382 3398/3709/3398 3372/3689/3372 3356/3668/3356
f 3400/3698/3400 3397/3715/3397 3371/3671/3371 3374/3678/3374
f 3623/3716/3623 3392/3713/3392 3366/3666/3366 3621/3667/3621
f 3383/3696/3383 3382/3714/3382 3356/3668/3356 3357/3669/3357
f 3397/3715/3397 3396/3710/3396 3370/3670/3370 3371/3671/3371
f 3401/3692/3401 3402/3717/3402 3376/3672/3376 3375/3673/3375
f 3440/3721/3440 3439/3720/3439 3404/3719/3404 3802/3718/3802
f 3420/3725/3420 3408/3724/3408 3435/3723/3435 3423/3722/3423
f 3412/3729/3412 3808/3728/3808 3627/3727/3627 3431/3726/3431
f 3626/3733/3626 3625/3732/3625 3806/3731/3806 3807/3730/3807
f 3407/3737/3407 3406/3736/3406 3437/3735/3437 3436/3734/3436
f 3807/3730/3807 3414/3739/3414 3429/3738/3429 3626/3733/3626
f 3436/3734/3436 3441/3741/3441 3803/3740/3803 3407/3737/3407
f 3439/3720/3439 3438/3743/3438 3405/3742/3405 3404/3719/3404
f 3430/3747/3430 3427/3746/3427 3416/3745/3416 3413/3744/3413
f 3625/3732/3625 3432/3749/3432 3411/3748/3411 3806/3731/3806
f 3630/3753/3630 3628/3752/3628 3809/3751/3809 3811/3750/3811
f 3433/3757/3433 3425/3756/3425 3418/3755/3418 3410/3754/3410
f 3431/3726/3431 3430/3747/3430 3413/3744/3413 3412/3729/3412
f 3441/3741/3441 3434/3759/3434 3409/3758/3409 3803/3740/3803
f 3425/3756/3425 3426/3761/3426 3417/3760/3417 3418/3755/3418
f 3805/3763/3805 3411/3748/3411 3432/3749/3432 3443/3762/3443
f 3422/3765/3422 3433/3757/3433 3410/3754/3410 3421/3764/3421
f 3423/3722/3423 3440/3721/3440 3802/3718/3802 3420/3725/3420
f 3811/3750/3811 3416/3745/3416 3427/3746/3427 3630/3753/3630
f 3443/3762/3443 3442/3767/3442 3804/3766/3804 3805/3763/3805
f 3421/3764/3421 3409/3758/3409 3434/3759/3434 3422/3765/3422
f 3426/3761/3426 3629/3769/3629 3810/3768/3810 3417/3760/3417
f 3419/3773/3419 3415/3772/3415 3428/3771/3428 3424/3770/3424
f 3408/3724/3408 3804/3766/3804 3442/3767/3442 3435/3723/3435
f 3808/3728/3808 3419/3773/3419 3424/3770/3424 3627/3727/3627
f 3438/3743/3438 3437/3735/3437 3406/3736/3406 3405/3742/3405
f 3629/3769/3629 3428/3771/3428 3415/3772/3415 3810/3768/3810
f 3378/3699/3378 3380/3708/3380 3628/3752/3628 3630/3753/3630
f 3435/3723/3435 3442/3767/3442 3385/3707/3385 3392/3713/3392
f 3386/3701/3386 3393/3702/3393 3434/3759/3434 3441/3741/3441
f 3431/3726/3431 3627/3727/3627 3381/3705/3381 3396/3710/3396
f 3380/3708/3380 3398/3709/3398 3429/3738/3429 3628/3752/3628
f 3422/3765/3422 3434/3759/3434 3393/3702/3393 3624/3711/3624
f 3384/3703/3384 3385/3707/3385 3442/3767/3442 3443/3762/3443
f 3391/3712/3391 3386/3701/3386 3441/3741/3441 3436/3734/3436
f 3627/3727/3627 3424/3770/3424 3403/3704/3403 3381/3705/3381
f 3424/3770/3424 3428/3771/3428 3399/3700/3399 3403/3704/3403
f 3623/3716/3623 3387/3706/3387 3440/3721/3440 3423/3722/3423
f 3443/3762/3443 3432/3749/3432 3395/3697/3395 3384/3703/3384
f 3387/3706/3387 3388/3694/3388 3439/3720/3439 3440/3721/3440
f 3379/3693/3379 3399/3700/3399 3428/3771/3428 3629/3769/3629
f 3630/3753/3630 3427/3746/3427 3400/3698/3400 3378/3699/3378
f 3436/3734/3436 3437/3735/3437 3390/3774/3390 3391/3712/3391
f 3383/3696/3383 3395/3697/3395 3432/3749/3432 3625/3732/3625
f 3388/3694/3388 3389/3695/3389 3438/3743/3438 3439/3720/3439
f 3401/3692/3401 3379/3693/3379 3629/3769/3629 3426/3761/3426
f 2443/3776/2443 3003/3171/3003 3002/3172/3002 2408/3775/2408
f 2973/3240/2973 3013/3184/3013 3740/3185/3740 3736/3777/3736
f 3031/3778/3031 2873/3323/2873 3012/3183/3012 2970/3239/2970
f 2408/3775/2408 3002/3172/3002 3007/3182/3007 2387/3779/2387
f 3004/3177/3004 3005/3180/3005 2387/3779/2387 3007/3182/3007
f 2330/2435/2330 2343/3179/2343 3005/3180/3005 3004/3177/3004
f 2343/3179/2343 2330/2435/2330 2274/2436/2274 2287/3780/2287
f 2234/2318/2234 2231/3782/2231 3539/3781/3539 3547/2367/3547
f 2231/3782/2231 2234/2318/2234 2233/2319/2233 2230/3783/2230
f 2230/3783/2230 2233/2319/2233 3515/2321/3515 3514/3784/3514
f 3155/3435/3155 3154/3467/3154 4271/3419/4271 4279/3414/4279
f 3181/3432/3181 3180/3466/3180 3154/3467/3154 3155/3435/3155
f 3207/3486/3207 3206/3521/3206 3180/3522/3180 3181/3489/3181
f 3445/3786/3445 3029/3216/3029 3030/3217/3030 3444/3785/3444
f 3446/3787/3446 3125/3371/3125 3029/3216/3029 3445/3786/3445
f 3447/3788/3447 3123/3212/3123 3125/3371/3125 3446/3787/3446
f 3448/3789/3448 3028/3215/3028 3123/3212/3123 3447/3788/3447
f 3448/3791/3448 2911/3208/2911 3086/3209/3086 3449/3790/3449
f 3450/3792/3450 2877/3065/2877 3091/3226/3091 3449/3790/3449
f 3450/3792/3450 2878/3196/2878 2992/3194/2992 3451/3793/3451
f 3452/3794/3452 3016/3210/3016 2993/3066/2993 3451/3793/3451
f 3452/3794/3452 3018/3195/3018 3790/3366/3790 3791/3795/3791
f 2476/2551/2476 3559/2617/3559 1454/355/1454 295/282/295
f 3559/2617/3559 2476/2551/2476 2475/2567/2475 3560/3796/3560
f 3454/3798/3454 2866/3005/2866 2574/2678/2574 3455/3797/3455
f 3455/3797/3455 2574/2678/2574 2548/2655/2548 3830/3799/3830
f 3456/3801/3456 2579/2654/2579 2616/2711/2616 3457/3800/3457
f 3457/3800/3457 2616/2711/2616 2617/2712/2617 3458/3802/3458
f 3458/3802/3458 2617/2712/2617 2667/2728/2667 3459/3803/3459
f 3460/3804/3460 2604/2705/2604 2665/2702/2665 3459/3803/3459
f 3460/3804/3460 2618/2730/2618 2619/2715/2619 3461/3805/3461
f 3461/3805/3461 2619/2715/2619 2620/2716/2620 3462/3806/3462
f 3462/3806/3462 2620/2716/2620 2689/2810/2689 3463/3807/3463
f 3464/3809/3464 2702/2846/2702 2687/2847/2687 3463/3808/3463
f 3464/3809/3464 2704/2833/2704 2719/2860/2719 3465/3810/3465
f 3465/3810/3465 2719/2860/2719 2734/2878/2734 3466/3811/3466
f 3467/3812/3467 2747/2895/2747 2732/2870/2732 3466/3811/3466
f 3468/3813/3468 2762/2917/2762 2747/2895/2747 3467/3812/3467
f 3468/3813/3468 2764/2909/2764 2779/2927/2779 3469/3814/3469
f 3469/3814/3469 2779/2927/2779 2794/2944/2794 3470/3815/3470
f 3471/3816/3471 2807/2962/2807 2792/2937/2792 3470/3815/3470
f 3472/3817/3472 2822/2970/2822 2807/2962/2807 3471/3816/3471
f 3473/3818/3473 2837/2987/2837 2822/2970/2822 3472/3817/3472
f 3473/3818/3473 2839/2976/2839 2838/2994/2838 3474/3819/3474
f 3475/3821/3475 2821/2969/2821 2836/2986/2836 3474/3820/3474
f 3476/3822/3476 2806/2961/2806 2821/2969/2821 3475/3821/3475
f 3476/3822/3476 2808/2957/2808 2793/2946/2793 3477/3823/3477
f 3478/3824/3478 2776/2919/2776 2791/2936/2791 3477/3823/3477
f 3478/3824/3478 2778/2929/2778 2763/2912/2763 3479/3825/3479
f 3479/3825/3479 2763/2912/2763 2748/2885/2748 3480/3826/3480
f 3481/3827/3481 2731/2869/2731 2746/2894/2746 3480/3826/3480
f 3482/3828/3482 2716/2850/2716 2731/2869/2731 3481/3827/3481
f 3482/3828/3482 2718/2862/2718 2703/2838/2703 3483/3829/3483
f 3483/3829/3483 2703/2838/2703 2688/2839/2688 3484/3830/3484
f 3485/3832/3485 2609/2707/2609 2686/2804/2686 3484/3831/3484
f 3485/3832/3485 2611/2722/2611 2608/2720/2608 3486/3833/3486
f 3486/3833/3486 2608/2720/2608 2605/2721/2605 3487/3834/3487
f 3487/3834/3487 2605/2721/2605 2663/2719/2663 3488/3835/3488
f 3489/3836/3489 2600/2697/2600 2664/2701/2664 3488/3835/3488
f 3489/3836/3489 2602/2718/2602 2599/2717/2599 3490/3837/3490
f 3491/3838/3491 2577/2724/2577 2597/2700/2597 3490/3837/3490
f 3492/3840/3492 2554/3001/2554 2544/2723/2544 3831/3839/3831
f 3493/3841/3493 2850/3000/2850 2554/3001/2554 3492/3840/3492
f 3557/3842/3557 3560/3796/3560 2475/2567/2475 2461/2619/2461
f 2515/2620/2515 3563/3843/3563 3557/3842/3557 2461/2619/2461
f 2921/3059/2921 3445/3786/3445 3444/3785/3444 2925/3202/2925
f 2917/3060/2917 3446/3787/3446 3445/3786/3445 2921/3059/2921
f 2914/3200/2914 3447/3788/3447 3446/3787/3446 2917/3060/2917
f 2911/3197/2911 3448/3789/3448 3447/3788/3447 2914/3200/2914
f 3028/3227/3028 3448/3791/3448 3449/3790/3449 3091/3226/3091
f 2878/3196/2878 3450/3792/3450 3449/3790/3449 3086/3209/3086
f 2877/3065/2877 3450/3792/3450 3451/3793/3451 2993/3066/2993
f 3018/3195/3018 3452/3794/3452 3451/3793/3451 2992/3194/2992
f 2512/3845/2512 2542/2618/2542 2459/2573/2459 2460/3844/2460
f 3563/3843/3563 2515/2620/2515 3600/2621/3600 3635/3846/3635
f 3600/2621/3600 2516/2622/2516 3561/3847/3561 3635/3846/3635
f 2862/3003/2862 3454/3798/3454 3455/3797/3455 2555/3002/2555
f 2555/3002/2555 3455/3797/3455 3830/3799/3830 2537/2726/2537
f 2578/2725/2578 3456/3801/3456 3457/3800/3457 2598/2699/2598
f 2598/2699/2598 3457/3800/3457 3458/3802/3458 2601/2698/2601
f 2601/2698/2601 3458/3802/3458 3459/3803/3459 2665/2702/2665
f 2618/2730/2618 3460/3804/3460 3459/3803/3459 2667/2728/2667
f 2604/2705/2604 3460/3804/3460 3461/3805/3461 2607/2704/2607
f 2607/2704/2607 3461/3805/3461 3462/3806/3462 2610/2708/2610
f 2610/2708/2610 3462/3806/3462 3463/3807/3463 2687/2805/2687
f 2704/2833/2704 3464/3809/3464 3463/3808/3463 2689/2836/2689
f 2702/2846/2702 3464/3809/3464 3465/3810/3465 2717/2851/2717
f 2717/2851/2717 3465/3810/3465 3466/3811/3466 2732/2870/2732
f 2749/2902/2749 3467/3812/3467 3466/3811/3466 2734/2878/2734
f 2764/2909/2764 3468/3813/3468 3467/3812/3467 2749/2902/2749
f 2762/2917/2762 3468/3813/3468 3469/3814/3469 2777/2920/2777
f 2777/2920/2777 3469/3814/3469 3470/3815/3470 2792/2937/2792
f 2809/2954/2809 3471/3816/3471 3470/3815/3470 2794/2944/2794
f 2824/2975/2824 3472/3817/3472 3471/3816/3471 2809/2954/2809
f 2839/2976/2839 3473/3818/3473 3472/3817/3472 2824/2975/2824
f 2837/3849/2837 3473/3818/3473 3474/3819/3474 2836/3848/2836
f 2823/2964/2823 3475/3821/3475 3474/3820/3474 2838/2982/2838
f 2808/2957/2808 3476/3822/3476 3475/3821/3475 2823/2964/2823
f 2806/2961/2806 3476/3822/3476 3477/3823/3477 2791/2936/2791
f 2778/2929/2778 3478/3824/3478 3477/3823/3477 2793/2946/2793
f 2776/2919/2776 3478/3824/3478 3479/3825/3479 2761/2916/2761
f 2761/2916/2761 3479/3825/3479 3480/3826/3480 2746/2894/2746
f 2733/2880/2733 3481/3827/3481 3480/3826/3480 2748/2885/2748
f 2718/2862/2718 3482/3828/3482 3481/3827/3481 2733/2880/2733
f 2716/2850/2716 3482/3828/3482 3483/3829/3483 2701/2845/2701
f 2701/2845/2701 3483/3829/3483 3484/3830/3484 2686/2848/2686
f 2611/2722/2611 3485/3832/3485 3484/3831/3484 2688/2807/2688
f 2609/2707/2609 3485/3832/3485 3486/3833/3486 2606/2703/2606
f 2606/2703/2606 3486/3833/3486 3487/3834/3487 2603/2706/2603
f 2603/2706/2603 3487/3834/3487 3488/3835/3488 2664/2701/2664
f 2602/2718/2602 3489/3836/3489 3488/3835/3488 2663/2719/2663
f 2600/2697/2600 3489/3836/3489 3490/3837/3490 2597/2700/2597
f 2582/2681/2582 3491/3838/3491 3490/3837/3490 2599/2717/2599
f 2553/2649/2553 3492/3840/3492 3831/3839/3831 2543/2648/2543
f 2849/3850/2849 3493/3841/3493 3492/3840/3492 2553/2649/2553
f 3561/3847/3561 2516/2622/2516 2517/2624/2517 3562/3851/3562
f 3760/3855/3760 3495/3854/3495 3494/3853/3494 3761/3852/3761
f 3759/3857/3759 3496/3856/3496 3495/3854/3495 3760/3855/3760
f 3758/3859/3758 3497/3858/3497 3496/3856/3496 3759/3857/3759
f 3756/3863/3756 3499/3862/3499 3498/3861/3498 3757/3860/3757
f 2997/3865/2997 3500/3864/3500 3499/3862/3499 3756/3863/3756
f 3812/3867/3812 3501/3866/3501 3500/3864/3500 2997/3865/2997
f 3762/3869/3762 3502/3868/3502 3501/3866/3501 3812/3867/3812
f 3813/3871/3813 3503/3870/3503 3502/3868/3502 3762/3869/3762
f 3505/2281/3505 3504/2282/3504 2202/2287/2202 2201/2288/2201
f 2199/2284/2199 3505/2281/3505 3506/2289/3506 2205/3393/2205
f 2205/3393/2205 3506/2289/3506 3507/2294/3507 2208/3391/2208
f 2208/3391/2208 3507/2294/3507 3508/2297/3508 2211/3389/2211
f 2211/3389/2211 3508/2297/3508 3509/2300/3509 2214/3387/2214
f 2214/3387/2214 3509/2300/3509 3510/2303/3510 2217/3386/2217
f 2217/3386/2217 3510/2303/3510 3511/2306/3511 2220/3427/2220
f 2220/3427/2220 3511/2306/3511 3512/2309/3512 2223/3425/2223
f 2223/3425/2223 3512/2309/3512 3513/2312/3513 2226/3424/2226
f 2226/3424/2226 3513/2312/3513 3631/2315/3631 3582/3421/3582
f 2232/3417/2232 3515/2321/3515 3516/2320/3516 2235/3416/2235
f 2243/3412/2243 3518/2325/3518 3519/2322/3519 2246/3409/2246
f 2246/3409/2246 3519/2322/3519 3520/2328/3520 2249/3408/2249
f 2249/3408/2249 3520/2328/3520 3632/2331/3632 3584/3405/3584
f 2202/2287/2202 3504/2282/3504 3522/2334/3522 2254/2337/2254
f 2254/2337/2254 3522/2334/3522 3523/2340/3523 2257/2339/2257
f 2257/2339/2257 3523/2340/3523 3524/2344/3524 2260/2343/2260
f 2260/2343/2260 3524/2344/3524 3529/2348/3529 2299/2347/2299
f 2263/2352/2263 3525/2357/3525 3526/2354/3526 2266/2351/2266
f 2266/2351/2266 3526/2354/3526 3527/2360/3527 2269/2359/2269
f 2269/2359/2269 3527/2360/3527 3528/2364/3528 2272/2363/2272
f 2299/2347/2299 3529/2348/3529 3525/2357/3525 2263/2352/2263
f 3514/3784/3514 3515/2321/3515 2232/3417/2232 2229/3420/2229
f 3554/2384/3554 3552/2385/3552 2292/2455/2292 2289/2459/2289
f 3535/2379/3535 3534/2380/3534 2281/2388/2281 2282/2447/2282
f 3546/2369/3546 3544/2370/3544 2278/2371/2278 2279/2431/2279
f 3542/2366/3542 3547/2367/3547 2274/2436/2274 2275/2437/2275
f 3555/2381/3555 3533/2382/3533 2290/2451/2290 2291/2389/2291
f 3551/2391/3551 3549/2392/3549 2297/2403/2297 2296/2401/2296
f 3549/2392/3549 3530/2393/3530 2298/2405/2298 2297/2403/2297
f 2210/2293/2210 3555/2381/3555 3534/2380/3534 2213/2296/2213
f 3537/2377/3537 3536/2378/3536 2283/2440/2283 2284/2441/2284
f 2300/2346/2300 3548/2394/3548 3532/2387/3532 2261/2342/2261
f 3538/2376/3538 3537/2377/3537 2284/2441/2284 2285/2444/2285
f 3547/2367/3547 3539/3781/3539 2287/3780/2287 2274/2436/2274
f 3633/2374/3633 3540/2375/3540 2286/2445/2286 3587/3174/3587
f 3550/2390/3550 3551/2391/3551 2296/2401/2296 2295/2396/2295
f 3533/2382/3533 3553/2383/3553 2288/2457/2288 2290/2451/2290
f 3553/2383/3553 3554/2384/3554 2289/2459/2289 2288/2457/2288
f 2264/2353/2264 3550/2390/3550 3548/2394/3548 2300/2346/2300
f 3531/2386/3531 3532/2387/3532 2294/2397/2294 2293/2454/2293
f 3536/2378/3536 3535/2379/3535 2282/2447/2282 2283/2440/2283
f 2241/2327/2241 3543/2373/3543 3544/2370/3544 2244/2326/2244
f 3552/2385/3552 3531/2386/3531 2293/2454/2293 2292/2455/2292
f 3634/2368/3634 3546/2369/3546 2279/2431/2279 3586/2433/3586
f 3540/2375/3540 3538/2376/3538 2285/2444/2285 2286/2445/2286
f 3581/2313/3581 3580/2314/3580 2231/3782/2231 2230/3783/2230
f 3562/3851/3562 2517/2624/2517 2468/2625/2468 3558/3872/3558
f 3642/3873/3642 3558/3872/3558 2468/2625/2468 3574/2570/3574
f 3565/3877/3565 3564/3876/3564 3567/3875/3567 3566/3874/3566
f 2373/3881/2373 2404/3880/2404 3594/3879/3594 3604/3878/3604
f 3568/3885/3568 3569/3884/3569 2355/3883/2355 2356/3882/2356
f 3008/3887/3008 2373/3881/2373 3604/3878/3604 3590/3886/3590
f 2355/3883/2355 2390/2566/2390 2391/2565/2391 2356/3882/2356
f 2513/2576/2513 3561/3847/3561 3562/3851/3562 2514/2579/2514
f 1463/1682/1463 3568/3885/3568 2356/3882/2356 165/1681/165
f 2356/3882/2356 2391/2565/2391 202/299/202 165/1681/165
f 3564/3876/3564 3008/3887/3008 3590/3886/3590 3567/3875/3567
f 2472/3888/2472 2534/2626/2534 2495/2578/2495 2514/2579/2514
f 3800/3892/3800 3745/3891/3745 3709/3890/3709 3797/3889/3797
f 1396/1664/1396 245/1688/245 2430/3893/2430 3503/3870/3503
f 3503/3870/3503 2430/3893/2430 2429/3894/2429 3502/3868/3502
f 3502/3868/3502 2429/3894/2429 2851/3895/2851 3501/3866/3501
f 2852/3896/2852 3500/3864/3500 3501/3866/3501 2851/3895/2851
f 2535/2596/2535 3577/2745/3577 3641/2746/3641 2492/2592/2492
f 3577/2745/3577 2535/2596/2535 2536/2597/2536 3638/3897/3638
f 3640/3899/3640 2534/2626/2534 2472/3888/2472 3639/3898/3639
f 2492/2592/2492 2518/2632/2518 2493/2591/2493 2488/2588/2488
f 2488/2588/2488 2493/2591/2493 2489/2587/2489 2484/2584/2484
f 2484/2584/2484 2489/2587/2489 2485/2583/2485 2480/2574/2480
f 2481/2580/2481 2459/2573/2459 2480/2574/2480 2485/2583/2485
f 2481/2580/2481 2477/3900/2477 2460/3844/2460 2459/2573/2459
f 3575/2564/3575 2462/2556/2462 2461/2619/2461 2475/2567/2475
f 2551/3901/2551 2849/3850/2849 2553/2649/2553 2552/2646/2552
f 2482/2581/2482 2478/2616/2478 2477/3900/2477 2481/2580/2481
f 2478/2616/2478 2482/2581/2482 303/322/303 298/358/298
f 3631/2315/3631 3581/2313/3581 2230/3783/2230 3514/3784/3514
f 3632/2331/3632 3583/2332/3583 2251/3903/2251 3521/3902/3521
f 3583/2332/3583 3585/2333/3585 2250/3904/2250 2251/3903/2251
f 2250/3904/2250 3585/2333/3585 3634/2368/3634 3545/3905/3545
f 2231/3782/2231 3580/2314/3580 3633/2374/3633 3539/3781/3539
f 2280/3907/2280 3586/2433/3586 3588/2432/3588 2336/3906/2336
f 2387/3779/2387 3591/2502/3591 3593/2501/3593 2408/3775/2408
f 2408/3775/2408 3593/2501/3593 3595/2531/3595 2443/3776/2443
f 3598/2557/3598 3597/2558/3597 2467/2569/2467 2466/2623/2466
f 3597/2558/3597 3592/2561/3592 2388/2568/2388 2467/2569/2467
f 2853/3908/2853 3499/3862/3499 3500/3864/3500 2852/3896/2852
f 3649/3909/3649 3642/3873/3642 3574/2570/3574 2393/2571/2393
f 3598/2557/3598 3600/2621/3600 2515/2620/2515 2464/2553/2464
f 3743/3151/3743 3602/3152/3602 2973/3240/2973 3736/3777/3736
f 3587/3174/3587 3589/3175/3589 2343/3179/2343 2287/3780/2287
f 3603/3178/3603 3589/3175/3589 2342/2442/2342 2378/2484/2378
f 3603/3178/3603 3591/2502/3591 2387/3779/2387 3005/3180/3005
f 3566/3874/3566 3567/3875/3567 3797/3889/3797 3746/3910/3746
f 2973/3240/2973 3602/3152/3602 3601/3235/3601 2970/3239/2970
f 2334/2428/2334 3709/3890/3709 3745/3891/3745 2335/2430/2335
f 2249/3408/2249 3584/3405/3584 4283/3402/4283 4272/3407/4272
f 2226/3424/2226 3582/3421/3582 4284/3418/4284 4280/3423/4280
f 3160/3448/3160 3606/3458/3606 3608/3455/3608 3186/3447/3186
f 3153/3460/3153 3605/3468/3605 3607/3465/3607 3179/3459/3179
f 3186/3501/3186 3608/3513/3608 3610/3510/3610 3212/3500/3212
f 3179/3515/3179 3607/3523/3607 3609/3520/3609 3205/3514/3205
f 3212/3500/3212 3610/3510/3610 3612/3553/3612 3238/3548/3238
f 3205/3514/3205 3609/3520/3609 3611/3557/3611 3231/3555/3231
f 3238/3548/3238 3612/3553/3612 3614/3570/3614 3264/3564/3264
f 3231/3555/3231 3611/3557/3611 3613/3575/3613 3257/3572/3257
f 3264/3564/3264 3614/3570/3614 3616/3605/3616 3290/3600/3290
f 3257/3572/3257 3613/3575/3613 3615/3610/3615 3283/3607/3283
f 3615/3610/3615 3617/3621/3617 3314/3618/3314 3283/3607/3283
f 3290/3600/3290 3616/3605/3616 3618/3635/3618 3315/3629/3315
f 3342/3911/3342 3620/3646/3620 3618/3635/3618 3316/3636/3316
f 3335/3665/3335 3619/3655/3619 3617/3621/3617 3309/3622/3309
f 3361/3686/3361 3621/3667/3621 3619/3655/3619 3335/3665/3335
f 3368/3912/3368 3622/3690/3622 3620/3646/3620 3342/3911/3342
f 3394/3913/3394 3624/3711/3624 3622/3690/3622 3368/3912/3368
f 3387/3706/3387 3623/3716/3623 3621/3667/3621 3361/3686/3361
f 3402/3717/3402 3401/3692/3401 3426/3761/3426 3425/3756/3425
f 3396/3710/3396 3397/3715/3397 3430/3747/3430 3431/3726/3431
f 3382/3714/3382 3383/3696/3383 3625/3732/3625 3626/3733/3626
f 3423/3722/3423 3435/3723/3435 3392/3713/3392 3623/3716/3623
f 3389/3695/3389 3390/3774/3390 3437/3735/3437 3438/3743/3438
f 3394/3913/3394 3402/3717/3402 3425/3756/3425 3433/3757/3433
f 3624/3711/3624 3394/3913/3394 3433/3757/3433 3422/3765/3422
f 2854/3914/2854 3498/3861/3498 3499/3862/3499 2853/3908/2853
f 3582/3421/3582 3631/2315/3631 3514/3784/3514 2229/3420/2229
f 3584/3405/3584 3632/2331/3632 3521/3902/3521 2252/3404/2252
f 3539/3781/3539 3633/2374/3633 3587/3174/3587 2287/3780/2287
f 3545/3905/3545 3634/2368/3634 3586/2433/3586 2280/3907/2280
f 1611/1753/1611 1562/1754/1562 3660/3916/3660 3713/3915/3713
f 3746/3910/3746 3797/3889/3797 3709/3890/3709 3718/3917/3718
f 2513/2576/2513 2496/2577/2496 2471/2615/2471 3599/3918/3599
f 2473/2562/2473 2463/2555/2463 2462/2556/2462 3575/2564/3575
f 2542/2618/2542 2512/3845/2512 3599/3918/3599 2471/2615/2471
f 2518/2632/2518 2492/2592/2492 3641/2746/3641 3578/2683/3578
f 3822/3920/3822 3761/3852/3761 3494/3853/3494 3689/3919/3689
f 2472/3888/2472 3558/3872/3558 3642/3873/3642 3639/3898/3639
f 3578/2683/3578 3576/2645/3576 2519/2631/2519 2518/2632/2518
f 2860/2999/2860 2865/3921/2865 2868/3361/2868 2861/2998/2861
f 3649/3909/3649 3579/3922/3579 3639/3898/3639 3642/3873/3642
f 2865/3921/2865 2860/2999/2860 2859/3006/2859 2869/3923/2869
f 2867/3004/2867 2999/3924/2999 2869/3923/2869 2859/3006/2859
f 2999/3924/2999 2867/3004/2867 2866/3005/2866 2998/3925/2998
f 2478/2616/2478 3559/2617/3559 3560/3796/3560 2477/3900/2477
f 2477/3900/2477 3560/3796/3560 3557/3842/3557 2460/3844/2460
f 3563/3843/3563 2512/3845/2512 2460/3844/2460 3557/3842/3557
f 2512/3845/2512 3563/3843/3563 3635/3846/3635 3599/3918/3599
f 3561/3847/3561 2513/2576/2513 3599/3918/3599 3635/3846/3635
f 2375/3927/2375 2393/2571/2393 2388/2568/2388 2354/3926/2354
f 2514/2579/2514 3562/3851/3562 3558/3872/3558 2472/3888/2472
f 2998/3925/2998 2866/3005/2866 3454/3798/3454 3453/3928/3453
f 2862/3003/2862 3645/3929/3645 3453/3928/3453 3454/3798/3454
f 3645/3929/3645 2862/3003/2862 2850/3000/2850 3646/3930/3646
f 3646/3930/3646 2850/3000/2850 3493/3841/3493 3647/3931/3647
f 2849/3850/2849 3648/3932/3648 3647/3931/3647 3493/3841/3493
f 2551/3901/2551 3755/3933/3755 3648/3932/3648 2849/3850/2849
f 3572/2627/3572 3573/2628/3573 3579/3922/3579 3649/3909/3649
f 3644/3937/3644 3001/3936/3001 3814/3935/3814 3815/3934/3815
f 2393/2571/2393 2375/3927/2375 3572/2627/3572 3649/3909/3649
f 3594/3879/3594 2322/2420/2322 2316/2414/2316 3010/3364/3010
f 3498/3861/3498 2854/3914/2854 2858/3938/2858 3497/3858/3497
f 2857/3939/2857 3496/3856/3496 3497/3858/3497 2858/3938/2858
f 3604/3878/3604 3594/3879/3594 3010/3364/3010 3801/3365/3801
f 2855/3940/2855 3495/3854/3495 3496/3856/3496 2857/3939/2857
f 2856/3941/2856 3494/3853/3494 3495/3854/3495 2855/3940/2855
f 3590/3886/3590 3604/3878/3604 3801/3365/3801 3800/3892/3800
f 3705/3945/3705 3706/3944/3706 3657/3943/3657 3678/3942/3678
f 2856/3941/2856 3690/3946/3690 3689/3919/3689 3494/3853/3494
f 3686/3948/3686 3689/3919/3689 3690/3946/3690 3687/3947/3687
f 3687/3947/3687 3684/3950/3684 3683/3949/3683 3686/3948/3686
f 3684/3950/3684 3681/3952/3681 3680/3951/3680 3683/3949/3683
f 3677/3953/3677 3680/3951/3680 3681/3952/3681 3678/3942/3678
f 3677/3953/3677 3678/3942/3678 3657/3943/3657 3655/3954/3655
f 3792/3955/3792 3016/3210/3016 3452/3794/3452 3791/3795/3791
f 1625/1776/1625 1571/1777/1571 3670/3957/3670 3719/3956/3719
f 2324/2425/2324 3568/3885/3568 1463/1682/1463 132/150/132
f 2318/2423/2318 3569/3884/3569 3568/3885/3568 2324/2425/2324
f 3707/3961/3707 3659/3960/3659 3658/3959/3658 3717/3958/3717
f 3569/3884/3569 2318/2423/2318 2404/3880/2404 3754/3962/3754
f 3669/3964/3669 3670/3957/3670 3713/3915/3713 3714/3963/3714
f 3711/3966/3711 3666/3965/3666 3659/3960/3659 3707/3961/3707
f 3673/3970/3673 3667/3969/3667 3710/3968/3710 3716/3967/3716
f 3668/3972/3668 3669/3964/3669 3714/3963/3714 3712/3971/3712
f 3667/3969/3667 3668/3972/3668 3712/3971/3712 3710/3968/3710
f 3711/3966/3711 3671/3975/3671 3672/3974/3672 3715/3973/3715
f 733/1152/733 1696/1833/1696 3786/3370/3786 3020/3187/3020
f 3672/3974/3672 3673/3970/3673 3716/3967/3716 3715/3973/3715
f 3720/3976/3720 3719/3956/3719 3670/3957/3670 3669/3964/3669
f 3721/3977/3721 3720/3976/3720 3669/3964/3669 3668/3972/3668
f 3818/3979/3818 3677/3953/3677 3655/3954/3655 3817/3978/3817
f 3704/3980/3704 3705/3945/3705 3678/3942/3678 3681/3952/3681
f 3819/3981/3819 3680/3951/3680 3677/3953/3677 3818/3979/3818
f 3820/3982/3820 3683/3949/3683 3680/3951/3680 3819/3981/3819
f 3754/3962/3754 2404/3880/2404 2373/3881/2373 3752/3983/3752
f 3008/3887/3008 3750/3984/3750 3752/3983/3752 2373/3881/2373
f 3821/3985/3821 3686/3948/3686 3683/3949/3683 3820/3982/3820
f 3822/3920/3822 3689/3919/3689 3686/3948/3686 3821/3985/3821
f 3702/3989/3702 2452/3988/2452 2453/3987/2453 3701/3986/3701
f 3695/3991/3695 2451/3990/2451 2452/3988/2452 3702/3989/3702
f 2440/2527/2440 2447/2535/2447 3688/3992/3688 2441/2526/2441
f 2441/2526/2441 3688/3992/3688 3685/3993/3685 2442/2525/2442
f 2442/2525/2442 3685/3993/3685 3682/3994/3682 3595/2531/3595
f 3679/3995/3679 2443/3776/2443 3595/2531/3595 3682/3994/3682
f 3676/3996/3676 3003/3171/3003 2443/3776/2443 3679/3995/3679
f 3571/3997/3571 2409/3170/2409 3003/3171/3003 3676/3996/3676
f 3701/3986/3701 2453/3987/2453 3596/3999/3596 3703/3998/3703
f 3693/4000/3693 1592/1803/1592 252/1089/252 2436/3311/2436
f 3694/4001/3694 3693/4000/3693 2436/3311/2436 2435/2997/2435
f 3691/4003/3691 3696/4002/3696 2426/2524/2426 2425/2522/2425
f 3692/2542/3692 3697/4004/3697 2427/2519/2427 2428/2520/2428
f 3697/4004/3697 3691/4003/3691 2425/2522/2425 2427/2519/2427
f 3696/4002/3696 3694/4001/3694 2435/2997/2435 2426/2524/2426
f 3695/3991/3695 3698/4006/3698 2448/4005/2448 2451/3990/2451
f 3698/4006/3698 3699/4007/3699 2449/2539/2449 2448/4005/2448
f 3699/4007/3699 3700/2543/3700 2450/2538/2450 2449/2539/2449
f 2454/4008/2454 3704/3980/3704 3703/3998/3703 3596/3999/3596
f 3011/4009/3011 3705/3945/3705 3704/3980/3704 2454/4008/2454
f 2871/4010/2871 3706/3944/3706 3705/3945/3705 3011/4009/3011
f 3718/3917/3718 3709/3890/3709 2334/2428/2334 2333/2429/2333
f 3706/3944/3706 3708/4012/3708 3656/4011/3656 3657/3943/3657
f 3675/4014/3675 3707/3961/3707 3717/3958/3717 3674/4013/3674
f 3714/3963/3714 3713/3915/3713 3660/3916/3660 3661/4015/3661
f 3671/3975/3671 3711/3966/3711 3707/3961/3707 3675/4014/3675
f 3716/3967/3716 3710/3968/3710 3663/4017/3663 3664/4016/3664
f 3712/3971/3712 3714/3963/3714 3661/4015/3661 3662/4018/3662
f 3710/3968/3710 3712/3971/3712 3662/4018/3662 3663/4017/3663
f 3666/3965/3666 3711/3966/3711 3715/3973/3715 3665/4019/3665
f 3715/3973/3715 3716/3967/3716 3664/4016/3664 3665/4019/3665
f 3722/4020/3722 3721/3977/3721 3668/3972/3668 3667/3969/3667
f 3750/3984/3750 3008/3887/3008 3564/3876/3564 3748/4021/3748
f 3748/4021/3748 3564/3876/3564 3565/3877/3565 3747/4022/3747
f 3650/2630/3650 3747/4022/3747 3565/3877/3565 3556/4023/3556
f 3653/4024/3653 3651/2629/3651 3650/2630/3650 3556/4023/3556
f 3658/3959/3658 3652/4026/3652 3643/4025/3643 3717/3958/3717
f 3723/4027/3723 3722/4020/3722 3667/3969/3667 3673/3970/3673
f 3724/4028/3724 3723/4027/3723 3673/3970/3673 3672/3974/3672
f 3671/3975/3671 3725/4029/3725 3724/4028/3724 3672/3974/3672
f 3675/4014/3675 3726/4030/3726 3725/4029/3725 3671/3975/3671
f 3792/3955/3792 3725/4029/3725 3726/4030/3726 3793/4031/3793
f 3706/3944/3706 2871/4010/2871 2870/4032/2870 3708/4012/3708
f 3727/2518/3727 3729/2521/3729 2431/3304/2431 2433/3067/2433
f 3729/2521/3729 3730/2523/3730 2432/3313/2432 2431/3304/2431
f 3731/2536/3731 3732/2537/3732 2456/2540/2456 2455/2546/2455
f 3728/2517/3728 3732/2537/3732 2450/2538/2450 2428/2520/2428
f 2449/2539/2449 3731/2536/3731 3737/2544/3737 2448/4005/2448
f 3730/2523/3730 3742/2996/3742 3075/3377/3075 2432/3313/2432
f 2452/3988/2452 3734/3144/3734 3733/3141/3733 2453/3987/2453
f 2451/3990/2451 3735/3146/3735 3734/3144/3734 2452/3988/2452
f 2453/3987/2453 3733/3141/3733 3743/3151/3743 3596/3999/3596
f 2448/4005/2448 3737/2544/3737 3735/3146/3735 2451/3990/2451
f 2871/4010/2871 3739/3162/3739 3738/3161/3738 2870/4032/2870
f 3011/4009/3011 3740/3185/3740 3739/3162/3739 2871/4010/2871
f 3741/3310/3741 1643/1090/1643 964/1132/964 3076/3350/3076
f 3742/2996/3742 3741/3310/3741 3076/3350/3076 3075/3377/3075
f 3736/3777/3736 3740/3185/3740 3011/4009/3011 2454/4008/2454
f 3596/3999/3596 3743/3151/3743 3736/3777/3736 2454/4008/2454
f 2995/3013/2995 2994/3014/2994 2872/3211/2872 3738/3161/3738
f 3790/3366/3790 3789/3367/3789 3722/4020/3722 3723/4027/3723
f 3745/3891/3745 3636/3362/3636 3588/2432/3588 2335/2430/2335
f 3636/3362/3636 3744/3363/3744 2336/3906/2336 3588/2432/3588
f 3590/3886/3590 3800/3892/3800 3797/3889/3797 3567/3875/3567
f 2322/2420/2322 3594/3879/3594 2404/3880/2404 2318/2423/2318
f 3657/3943/3657 3656/4011/3656 3654/4033/3654 3655/3954/3655
f 3644/3937/3644 3643/4025/3643 3652/4026/3652 3001/3936/3001
f 3572/2627/3572 2375/3927/2375 3747/4022/3747 3650/2630/3650
f 3652/4026/3652 3658/3959/3658 3647/3931/3647 3648/3932/3648
f 3659/3960/3659 3646/3930/3646 3647/3931/3647 3658/3959/3658
f 3747/4022/3747 2375/3927/2375 2354/3926/2354 3748/4021/3748
f 3749/4034/3749 3750/3984/3750 3748/4021/3748 2354/3926/2354
f 3666/3965/3666 3645/3929/3645 3646/3930/3646 3659/3960/3659
f 3665/4019/3665 3453/3928/3453 3645/3929/3645 3666/3965/3666
f 3749/4034/3749 2354/3926/2354 2388/2568/2388 3592/2561/3592
f 3664/4016/3664 2998/3925/2998 3453/3928/3453 3665/4019/3665
f 3751/4035/3751 3752/3983/3752 3750/3984/3750 3749/4034/3749
f 2998/3925/2998 3664/4016/3664 3663/4017/3663 2999/3924/2999
f 2392/2560/2392 3751/4035/3751 3749/4034/3749 3592/2561/3592
f 3751/4035/3751 2392/2560/2392 2389/2559/2389 3753/4036/3753
f 3753/4036/3753 2389/2559/2389 2390/2566/2390 2355/3883/2355
f 3754/3962/3754 3752/3983/3752 3751/4035/3751 3753/4036/3753
f 3753/4036/3753 2355/3883/2355 3569/3884/3569 3754/3962/3754
f 2999/3924/2999 3663/4017/3663 3662/4018/3662 2869/3923/2869
f 2869/3923/2869 3662/4018/3662 3661/4015/3661 2865/3921/2865
f 3660/3916/3660 2868/3361/2868 2865/3921/2865 3661/4015/3661
f 3001/3936/3001 3755/3933/3755 3823/4037/3823 3814/3935/3814
f 3497/3858/3497 3758/3859/3758 3757/3860/3757 3498/3861/3498
f 1944/4040/1944 1666/4039/1666 3763/4038/3763 4032/3251/4032
f 3764/4042/3764 3763/4038/3763 3779/3246/3779 3778/4041/3778
f 3765/4043/3765 3764/4042/3764 3778/4041/3778 3777/3257/3777
f 4034/3254/4034 3765/4043/3765 3766/4045/3766 4037/4044/4037
f 4037/4044/4037 3766/4045/3766 3767/4047/3767 4040/4046/4040
f 4040/4046/4040 3767/4047/3767 3768/4049/3768 4043/4048/4043
f 4043/4048/4043 3768/4049/3768 3769/4051/3769 4047/4050/4047
f 4047/4050/4047 3769/4051/3769 3770/4052/3770 4044/3343/4044
f 3772/4054/3772 3771/4053/3771 3770/4052/3770 3773/3326/3773
f 3765/4043/3765 3777/3257/3777 3776/3256/3776 3766/4045/3766
f 1666/4039/1666 1684/3249/1684 3779/3246/3779 3763/4038/3763
f 3768/4049/3768 3774/3259/3774 3780/3260/3780 3769/4051/3769
f 3769/4051/3769 3780/3260/3780 3773/3326/3773 3770/4052/3770
f 3778/4041/3778 3779/3246/3779 3112/3247/3112 3131/3262/3131
f 3766/4045/3766 3776/3256/3776 3775/3258/3775 3767/4047/3767
f 3767/4047/3767 3775/3258/3775 3774/3259/3774 3768/4049/3768
f 3777/3257/3777 3778/4041/3778 3131/3262/3131 2991/3169/2991
f 3032/3325/3032 3772/4054/3772 3773/3326/3773 3093/3245/3093
f 3001/3936/3001 3652/4026/3652 3648/3932/3648 3755/3933/3755
f 3781/4058/3781 3782/4057/3782 3784/4056/3784 3783/4055/3783
f 3643/4025/3643 3783/4055/3783 3674/4013/3674 3717/3958/3717
f 3783/4055/3783 3643/4025/3643 3644/3937/3644 3781/4058/3781
f 3825/4059/3825 3781/4058/3781 3644/3937/3644 3815/3934/3815
f 3784/4056/3784 3785/4060/3785 3674/4013/3674 3783/4055/3783
f 3726/4030/3726 3675/4014/3675 3674/4013/3674 3785/4060/3785
f 3789/3367/3789 3788/3368/3788 3721/3977/3721 3722/4020/3722
f 3788/3368/3788 3787/3369/3787 3720/3976/3720 3721/3977/3721
f 3787/3369/3787 3786/3370/3786 3719/3956/3719 3720/3976/3720
f 3791/3795/3791 3790/3366/3790 3723/4027/3723 3724/4028/3724
f 3725/4029/3725 3792/3955/3792 3791/3795/3791 3724/4028/3724
f 3016/3210/3016 3792/3955/3792 3793/4031/3793 2872/3211/2872
f 3656/4011/3656 3795/4062/3795 3796/4061/3796 3654/4033/3654
f 3799/4066/3799 3637/4065/3637 3570/4064/3570 3798/4063/3798
f 3726/4030/3726 3785/4060/3785 3794/4067/3794 3793/4031/3793
f 3566/3874/3566 2383/4068/2383 3637/4065/3637 3799/4066/3799
f 3794/4067/3794 3708/4012/3708 2870/4032/2870 3793/4031/3793
f 3799/4066/3799 3798/4063/3798 3653/4024/3653 3556/4023/3556
f 3799/4066/3799 3556/4023/3556 3565/3877/3565 3566/3874/3566
f 3795/4062/3795 3656/4011/3656 3708/4012/3708 3794/4067/3794
f 3793/4031/3793 2870/4032/2870 3738/3161/3738 2872/3211/2872
f 3795/4062/3795 3794/4067/3794 3785/4060/3785 3784/4056/3784
f 3800/3892/3800 3801/3365/3801 3636/3362/3636 3745/3891/3745
f 3784/4056/3784 3782/4057/3782 3796/4061/3796 3795/4062/3795
f 3637/4065/3637 2409/3170/2409 3571/3997/3571 3570/4064/3570
f 2409/3170/2409 3637/4065/3637 2383/4068/2383 2403/3173/2403
f 3009/4069/3009 3006/3181/3006 2403/3173/2403 2383/4068/2383
f 2382/4070/2382 2374/3176/2374 3006/3181/3006 3009/4069/3009
f 2374/3176/2374 2382/4070/2382 2332/4071/2332 2331/2434/2331
f 2276/4072/2276 2275/2437/2275 2331/2434/2331 2332/4071/2332
f 2275/2437/2275 2276/4072/2276 3541/4073/3541 3542/2366/3542
f 2238/4074/2238 2237/2317/2237 3542/2366/3542 3541/4073/3541
f 2237/2317/2237 2238/4074/2238 2239/4075/2239 2236/2316/2236
f 2236/2316/2236 2239/4075/2239 3517/4076/3517 3516/2320/3516
f 3703/3998/3703 3704/3980/3704 3681/3952/3681 3684/3950/3684
f 3687/3947/3687 3701/3986/3701 3703/3998/3703 3684/3950/3684
f 3690/3946/3690 3702/3989/3702 3701/3986/3701 3687/3947/3687
f 3702/3989/3702 3690/3946/3690 2856/3941/2856 3695/3991/3695
f 3695/3991/3695 2856/3941/2856 2855/3940/2855 3698/4006/3698
f 3698/4006/3698 2855/3940/2855 2857/3939/2857 3699/4007/3699
f 3699/4007/3699 2857/3939/2857 2858/3938/2858 3700/2543/3700
f 3397/3715/3397 3400/3698/3400 3427/3746/3427 3430/3747/3430
f 3363/3676/3363 3364/4077/3364 3390/3774/3390 3389/3695/3389
f 3337/3661/3337 3338/4078/3338 3364/4077/3364 3363/3676/3363
f 3338/4078/3338 3337/3661/3337 3311/3624/3311 3312/4079/3312
f 3312/4079/3312 3311/3624/3311 3286/3595/3286 3287/4080/3287
f 3260/3585/3260 3261/4081/3261 3287/4080/3287 3286/3595/3286
f 3234/3544/3234 3235/4082/3235 3261/4081/3261 3260/3585/3260
f 3208/3487/3208 3209/4083/3209 3235/4082/3235 3234/3544/3234
f 3182/3488/3182 3183/4084/3183 3209/4083/3209 3208/3487/3208
f 3156/3434/3156 3157/4086/3157 3183/4085/3183 3182/3433/3182
f 3157/4086/3157 3156/3434/3156 4278/3415/4278 4277/4087/4277
f 2240/4088/2240 2235/3416/2235 3516/2320/3516 3517/4076/3517
f 2854/3914/2854 3692/2542/3692 3700/2543/3700 2858/3938/2858
f 3692/2542/3692 2854/3914/2854 2853/3908/2853 3697/4004/3697
f 3697/4004/3697 2853/3908/2853 2852/3896/2852 3691/4003/3691
f 3691/4003/3691 2852/3896/2852 2851/3895/2851 3696/4002/3696
f 2429/3894/2429 3694/4001/3694 3696/4002/3696 2851/3895/2851
f 2430/3893/2430 3693/4000/3693 3694/4001/3694 2429/3894/2429
f 238/247/238 1720/1663/1720 3813/3871/3813 2424/2516/2424
f 3626/3733/3626 3429/3738/3429 3398/3709/3398 3382/3714/3382
f 3364/4077/3364 3365/3691/3365 3391/3712/3391 3390/3774/3390
f 3402/3717/3402 3394/3913/3394 3368/3912/3368 3376/3672/3376
f 2383/4068/2383 3566/3874/3566 3746/3910/3746 3009/4069/3009
f 3718/3917/3718 2382/4070/2382 3009/4069/3009 3746/3910/3746
f 2382/4070/2382 3718/3917/3718 2333/2429/2333 2332/4071/2332
f 2277/2372/2277 2276/4072/2276 2332/4071/2332 2333/2429/2333
f 3010/3364/3010 2316/2414/2316 2311/2415/2311 3744/3363/3744
f 3744/3363/3744 2311/2415/2311 2306/2404/2306 2336/3906/2336
f 2336/3906/2336 2306/2404/2306 2298/2405/2298 2280/3907/2280
f 3628/3752/3628 3429/3738/3429 3414/3739/3414 3809/3751/3809
f 3809/3751/3809 3413/3744/3413 3416/3745/3416 3811/3750/3811
f 3414/3739/3414 3412/3729/3412 3413/3744/3413 3809/3751/3809
f 3807/3730/3807 3808/3728/3808 3412/3729/3412 3414/3739/3414
f 3806/3731/3806 3419/3773/3419 3808/3728/3808 3807/3730/3807
f 3411/3748/3411 3415/3772/3415 3419/3773/3419 3806/3731/3806
f 3415/3772/3415 3411/3748/3411 3805/3763/3805 3810/3768/3810
f 3804/3766/3804 3417/3760/3417 3810/3768/3810 3805/3763/3805
f 3417/3760/3417 3804/3766/3804 3408/3724/3408 3418/3755/3418
f 3418/3755/3418 3408/3724/3408 3420/3725/3420 3410/3754/3410
f 3410/3754/3410 3420/3725/3420 3802/3718/3802 3421/3764/3421
f 3404/3719/3404 3409/3758/3409 3421/3764/3421 3802/3718/3802
f 3405/3742/3405 3803/3740/3803 3409/3758/3409 3404/3719/3404
f 3803/3740/3803 3405/3742/3405 3406/3736/3406 3407/3737/3407
f 3338/4078/3338 3339/3647/3339 3365/3691/3365 3364/4077/3364
f 3339/3647/3339 3338/4078/3338 3312/4079/3312 3313/3625/3313
f 3287/4080/3287 3288/3592/3288 3313/3625/3313 3312/4079/3312
f 3288/3592/3288 3287/4080/3287 3261/4081/3261 3262/3583/3262
f 3235/4082/3235 3236/3541/3236 3262/3583/3262 3261/4081/3261
f 3209/4083/3209 3210/3482/3210 3236/3541/3236 3235/4082/3235
f 3210/3482/3210 3209/4083/3209 3183/4084/3183 3184/3485/3184
f 3184/3428/3184 3183/4085/3183 3157/4086/3157 3158/3431/3158
f 3158/3431/3158 3157/4086/3157 4277/4087/4277 4275/3411/4275
f 2243/3412/2243 2240/4088/2240 3517/4076/3517 3518/2325/3518
f 2239/4075/2239 2242/2324/2242 3518/2325/3518 3517/4076/3517
f 2238/4074/2238 2241/2327/2241 2242/2324/2242 2239/4075/2239
f 2241/2327/2241 2238/4074/2238 3541/4073/3541 3543/2373/3543
f 2276/4072/2276 2277/2372/2277 3543/2373/3543 3541/4073/3541
f 2280/3907/2280 2298/2405/2298 3530/2393/3530 3545/3905/3545
f 2273/2362/2273 2250/3904/2250 3545/3905/3545 3530/2393/3530
f 2250/3904/2250 2273/2362/2273 2272/2363/2272 2251/3903/2251
f 2251/3903/2251 2272/2363/2272 3528/2364/3528 3521/3902/3521
f 2271/2365/2271 2252/3404/2252 3521/3902/3521 3528/2364/3528
f 3168/3477/3168 3161/3457/3161 4267/3403/4267 4266/3395/4266
f 3161/3457/3161 3168/3477/3168 3194/3476/3194 3187/3456/3187
f 3187/3512/3187 3194/3531/3194 3220/3530/3220 3213/3511/3213
f 3246/3539/3246 3239/3554/3239 3213/3511/3213 3220/3530/3220
f 3239/3554/3239 3246/3539/3246 3272/3582/3272 3265/3571/3265
f 3298/3588/3298 3291/3606/3291 3265/3571/3265 3272/3582/3272
f 3324/3619/3324 3316/3636/3316 3291/3606/3291 3298/3588/3298
f 3316/3636/3316 3324/3619/3324 3350/3663/3350 3342/3911/3342
f 3376/3672/3376 3368/3912/3368 3342/3911/3342 3350/3663/3350
f 3816/4089/3816 3817/3978/3817 3655/3954/3655 3654/4033/3654
f 3825/4059/3825 3824/4090/3824 3782/4057/3782 3781/4058/3781
f 3782/4057/3782 3824/4090/3824 3826/4091/3826 3796/4061/3796
f 3826/4091/3826 3816/4089/3816 3654/4033/3654 3796/4061/3796
f 3755/3933/3755 2551/3901/2551 2547/4092/2547 3823/4037/3823
f 2547/4092/2547 2551/3901/2551 2552/2646/2552 2549/4093/2549
f 2538/2647/2538 2583/2680/2583 2586/2684/2586 2550/4094/2550
f 2629/2656/2629 2533/2657/2533 2532/2731/2532 2625/2732/2625
f 2555/3002/2555 2537/2726/2537 2544/2723/2544 2554/3001/2554
f 3836/2743/3836 2531/2734/2531 2532/2731/2532 3835/2682/3835
f 2531/2734/2531 3827/4095/3827 2584/2772/2584 2630/2733/2630
f 3833/4096/3833 2549/4093/2549 2550/4094/2550 3832/2750/3832
f 2650/2778/2650 3828/2790/3828 3829/2787/3829 2656/2791/2656
f 2545/2652/2545 3828/2790/3828 2650/2778/2650 2581/2651/2581
f 3830/3799/3830 2548/2655/2548 2579/2654/2579 3456/3801/3456
f 3831/3839/3831 2544/2723/2544 2577/2724/2577 3491/3838/3491
f 2537/2726/2537 3830/3799/3830 3456/3801/3456 2578/2725/2578
f 2543/2648/2543 3831/3839/3831 3491/3838/3491 2582/2681/2582
f 2552/2646/2552 2538/2647/2538 2550/4094/2550 2549/4093/2549
f 2594/2693/2594 2640/4097/2640 2624/2741/2624 2592/2691/2592
f 2592/2691/2592 2624/2741/2624 2668/2742/2668 2661/2690/2661
f 2623/2737/2623 2590/2687/2590 2661/2690/2661 2668/2742/2668
f 2590/2687/2590 2623/2737/2623 2622/2738/2622 2588/2685/2588
f 2588/2685/2588 2622/2738/2622 2585/2749/2585 2586/2684/2586
f 2586/2684/2586 2585/2749/2585 3832/2750/3832 2550/4094/2550
f 2547/4092/2547 3640/3899/3640 3639/3898/3639 3823/4037/3823
f 3833/4096/3833 3640/3899/3640 2547/4092/2547 2549/4093/2549
f 3579/3922/3579 3814/3935/3814 3823/4037/3823 3639/3898/3639
f 3573/2628/3573 3815/3934/3815 3814/3935/3814 3579/3922/3579
f 3651/2629/3651 3825/4059/3825 3815/3934/3815 3573/2628/3573
f 3653/4024/3653 3824/4090/3824 3825/4059/3825 3651/2629/3651
f 3798/4063/3798 3826/4091/3826 3824/4090/3824 3653/4024/3653
f 3826/4091/3826 3798/4063/3798 3570/4064/3570 3816/4089/3816
f 3571/3997/3571 3817/3978/3817 3816/4089/3816 3570/4064/3570
f 1742/403/1742 3834/2658/3834 2533/2657/2533 363/400/363
f 2533/2657/2533 3834/2658/3834 3835/2682/3835 2532/2731/2532
f 3836/2743/3836 3837/2744/3837 3827/4095/3827 2531/2734/2531
f 3641/2746/3641 3836/2743/3836 3835/2682/3835 3578/2683/3578
f 2678/4098/2678 3851/2800/3851 3853/2767/3853 2640/4097/2640
f 3852/2739/3852 3844/2740/3844 2628/2753/2628 2669/2754/2669
f 3855/2747/3855 3827/4095/3827 3837/2744/3837 3854/4099/3854
f 3843/2736/3843 3852/2739/3852 2669/2754/2669 2627/2757/2627
f 3845/2748/3845 3842/2735/3842 2626/2758/2626 2584/2772/2584
f 3855/2747/3855 3845/2748/3845 2584/2772/2584 3827/4095/3827
f 3842/2735/3842 3843/2736/3843 2627/2757/2627 2626/2758/2626
f 3853/2767/3853 3844/2740/3844 2624/2741/2624 2640/4097/2640
f 2693/4100/2693 3850/2819/3850 3851/2800/3851 2678/4098/2678
f 2708/4102/2708 3841/2832/3841 3850/2829/3850 2693/4101/2693
f 2723/4103/2723 3840/2859/3840 3841/2832/3841 2708/4102/2708
f 2738/4104/2738 3839/2877/3839 3840/2859/3840 2723/4103/2723
f 2753/4105/2753 3838/2901/3838 3839/2877/3839 2738/4104/2738
f 2768/4106/2768 3849/2908/3849 3838/2901/3838 2753/4105/2753
f 2783/4107/2783 3848/2926/3848 3849/2908/3849 2768/4106/2768
f 2798/4108/2798 3847/2943/3847 3848/2926/3848 2783/4107/2783
f 2813/4109/2813 3846/2953/3846 3847/2943/3847 2798/4108/2798
f 2828/2984/2828 3857/2974/3857 3846/2953/3846 2813/4109/2813
f 2843/2985/2843 3856/2993/3856 3857/2974/3857 2828/2984/2828
f 3832/2750/3832 3855/2747/3855 3854/4099/3854 3833/4096/3833
f 3638/3897/3638 2536/2597/2536 2534/2626/2534 3640/3899/3640
f 3833/4096/3833 3854/4099/3854 3638/3897/3638 3640/3899/3640
f 3577/2745/3577 3638/3897/3638 3854/4099/3854 3837/2744/3837
f 2846/2979/2846 3856/4110/3856 2834/2995/2834 2840/2977/2840
f 2845/2978/2845 2842/4111/2842 3856/4110/3856 2846/2979/2846
f 2847/2989/2847 2848/2990/2848 2841/2991/2841 2842/2992/2842
f 2844/2980/2844 2847/4112/2847 2842/4111/2842 2845/2978/2845
f 711/752/711 708/1917/708 2847/4112/2847 2844/2980/2844
f 2820/2965/2820 2828/2984/2828 2813/4109/2813 2805/2958/2805
f 2798/4108/2798 2790/2947/2790 2805/2958/2805 2813/4109/2813
f 2783/4107/2783 2775/2930/2775 2790/2947/2790 2798/4108/2798
f 2768/4106/2768 2760/2913/2760 2775/2930/2775 2783/4107/2783
f 2753/4105/2753 2745/2886/2745 2760/2913/2760 2768/4106/2768
f 2745/2886/2745 2753/4105/2753 2738/4104/2738 2730/2881/2730
f 2723/4103/2723 2715/2863/2715 2730/2881/2730 2738/4104/2738
f 2708/4102/2708 2700/2842/2700 2715/2863/2715 2723/4103/2723
f 2693/4101/2693 2685/2841/2685 2700/2842/2700 2708/4102/2708
f 2678/4098/2678 2596/2695/2596 2685/2820/2685 2693/4100/2693
f 2596/2695/2596 2678/4098/2678 2640/4097/2640 2594/2693/2594
f 3817/3978/3817 3571/3997/3571 3676/3996/3676 3818/3979/3818
f 3818/3979/3818 3676/3996/3676 3679/3995/3679 3819/3981/3819
f 3819/3981/3819 3679/3995/3679 3682/3994/3682 3820/3982/3820
f 3820/3982/3820 3682/3994/3682 3685/3993/3685 3821/3985/3821
f 3821/3985/3821 3685/3993/3685 3688/3992/3688 3822/3920/3822
f 3822/3920/3822 3688/3992/3688 2447/2535/2447 3761/3852/3761
f 2444/2534/2444 3760/3855/3760 3761/3852/3761 2447/2535/2447
f 2445/2532/2445 3759/3857/3759 3760/3855/3760 2444/2534/2444
f 2446/2533/2446 3758/3859/3758 3759/3857/3759 2445/2532/2445
f 3758/3859/3758 2446/2533/2446 2420/2513/2420 3757/3860/3757
f 2419/2514/2419 3756/3863/3756 3757/3860/3757 2420/2513/2420
f 2417/2511/2417 2997/3865/2997 3756/3863/3756 2419/2514/2419
f 2418/2512/2418 3812/3867/3812 2997/3865/2997 2417/2511/2417
f 2423/2515/2423 3762/3869/3762 3812/3867/3812 2418/2512/2418
f 2424/2516/2424 3813/3871/3813 3762/3869/3762 2423/2515/2423
f 3864/3243/3864 3863/3290/3863 3056/3289/3056 3055/3242/3055
f 3868/3293/3868 3867/3244/3867 3054/3241/3054 3053/3283/3053
f 3870/3294/3870 1779/3295/1779 943/3286/943 3111/3287/3111
f 3865/3292/3865 3868/3293/3868 3053/3283/3053 3052/3278/3052
f 3866/3331/3866 3869/3291/3869 3097/3279/3097 3051/3330/3051
f 3871/3354/3871 3870/3294/3870 3111/3287/3111 3135/3359/3135
f 3863/3290/3863 3871/3354/3871 3135/3359/3135 3056/3289/3056
f 3057/3231/3057 3866/3331/3866 3862/4113/3862 2977/3233/2977
f 3051/3330/3051 2978/3376/2978 3862/4113/3862 3866/3331/3866
f 3095/3274/3095 3040/3156/3040 3034/3153/3034 3094/3344/3094
f 3039/3327/3039 3095/3274/3095 3094/3344/3094 3033/3345/3033
f 4048/4115/4048 3882/4114/3882 2457/3306/2457 4039/3316/4039
f 3102/3334/3102 3080/3318/3080 3884/4117/3884 3885/4116/3885
f 3883/4118/3883 3884/4117/3884 3080/3318/3080 3079/3148/3079
f 3887/4120/3887 3888/4119/3888 3884/4117/3884 3883/4118/3883
f 4049/4122/4049 3886/4121/3886 3882/4114/3882 4048/4115/4048
f 3885/4116/3885 3884/4117/3884 3888/4119/3888 3889/4123/3889
f 3891/4125/3891 3892/4124/3892 3888/4119/3888 3887/4120/3887
f 4050/4127/4050 3890/4126/3890 3886/4121/3886 4049/4122/4049
f 3889/4123/3889 3888/4119/3888 3892/4124/3892 3893/4128/3893
f 3898/4130/3898 3897/4129/3897 3771/4053/3771 3772/4054/3772
f 4051/4132/4051 3896/4131/3896 3033/3345/3033 4045/3346/4045
f 3894/4134/3894 3895/4133/3895 3032/3325/3032 2985/3324/2985
f 3772/4054/3772 3032/3325/3032 3895/4133/3895 3898/4130/3898
f 2873/3323/2873 3031/3778/3031 3894/4134/3894 2985/3324/2985
f 3039/3327/3039 3033/3345/3033 3896/4131/3896 2979/3374/2979
f 2975/2545/2975 3886/4121/3886 3890/4126/3890 2974/3145/2974
f 3886/4121/3886 2975/2545/2975 2455/2546/2455 3882/4114/3882
f 3887/4120/3887 3072/4136/3072 2976/4135/2976 3891/4125/3891
f 3071/3149/3071 3099/4137/3099 3883/4118/3883 3079/3148/3079
f 3072/4136/3072 3887/4120/3887 3883/4118/3883 3099/4137/3099
f 2456/2540/2456 2457/3306/2457 3882/4114/3882 2455/2546/2455
f 2974/3145/2974 3890/4126/3890 3899/4138/3899 2971/3143/2971
f 2972/3142/2972 2971/3143/2971 3899/4138/3899 2963/3236/2963
f 2969/3234/2969 2977/3233/2977 4234/4140/4234 4244/4139/4244
f 2980/3373/2980 2979/3374/2979 4235/4142/4235 4233/4141/4233
f 3601/3235/3601 2963/3236/2963 4236/4144/4236 4245/4143/4245
f 3905/4148/3905 3910/4147/3910 4215/4146/4215 4216/4145/4216
f 3031/3778/3031 2970/3239/2970 4238/4150/4238 4247/4149/4247
f 3898/4130/3898 3895/4133/3895 4239/4152/4239 4248/4151/4248
f 3912/4156/3912 3921/4155/3921 4221/4154/4221 4222/4153/4222
f 3920/4160/3920 3919/4159/3919 4223/4158/4223 4220/4157/4220
f 3893/4128/3893 3892/4124/3892 4241/4162/4241 4251/4161/4251
f 2963/3236/2963 3899/4138/3899 4249/4163/4249 4236/4144/4236
f 3903/4167/3903 3913/4166/3913 4227/4165/4227 4228/4164/4228
f 3908/4171/3908 3916/4170/3916 4229/4169/4229 4218/4168/4218
f 3913/4166/3913 3914/4173/3914 4224/4172/4224 4227/4165/4227
f 2979/3374/2979 3896/4131/3896 4243/4174/4243 4235/4142/4235
f 3916/4170/3916 3917/4176/3917 4219/4175/4219 4229/4169/4229
f 4052/4178/4052 3912/4156/3912 4222/4153/4222 4231/4177/4231
f 3911/4180/3911 3905/4148/3905 4216/4145/4216 4226/4179/4226
f 2977/3233/2977 3862/4113/3862 4246/4181/4246 4234/4140/4234
f 3909/4185/3909 3902/4184/3902 4217/4183/4217 4214/4182/4214
f 4053/4189/4053 3918/4188/3918 4230/4187/4230 4232/4186/4232
f 3915/4192/3915 3914/4173/3914 3936/4191/3936 3937/4190/3937
f 3908/4171/3908 3902/4184/3902 3924/4194/3924 3930/4193/3930
f 3900/4197/3900 3921/4155/3921 3943/4196/3943 3922/4195/3922
f 3942/4199/3942 3941/4198/3941 3919/4159/3919 3920/4160/3920
f 3935/4200/3935 3936/4191/3936 3914/4173/3914 3913/4166/3913
f 3909/4185/3909 3900/4197/3900 3922/4195/3922 3931/4201/3931
f 3933/4203/3933 3927/4202/3927 3905/4148/3905 3911/4180/3911
f 3930/4193/3930 3938/4204/3938 3916/4170/3916 3908/4171/3908
f 4054/4206/4054 3934/4205/3934 3912/4156/3912 4052/4178/4052
f 3904/4209/3904 3910/4147/3910 3932/4208/3932 3926/4207/3926
f 3907/4213/3907 3906/4212/3906 3928/4211/3928 3929/4210/3929
f 3906/4212/3906 3918/4188/3918 3940/4214/3940 3928/4211/3928
f 3938/4204/3938 3939/4215/3939 3917/4176/3917 3916/4170/3916
f 3927/4202/3927 3932/4208/3932 3910/4147/3910 3905/4148/3905
f 3931/4201/3931 3924/4194/3924 3902/4184/3902 3909/4185/3909
f 3925/4216/3925 3935/4200/3935 3913/4166/3913 3903/4167/3903
f 4055/4217/4055 3940/4214/3940 3918/4188/3918 4053/4189/4053
f 3901/4219/3901 3904/4209/3904 3926/4207/3926 3923/4218/3923
f 3934/4205/3934 3943/4196/3943 3921/4155/3921 3912/4156/3912
f 3920/4160/3920 3917/4176/3917 3939/4215/3939 3942/4199/3942
f 3947/4221/3947 3957/4220/3957 3935/4200/3935 3925/4216/3925
f 4057/4223/4057 3962/4222/3962 3940/4214/3940 4055/4217/4055
f 3923/4218/3923 3926/4207/3926 3948/4225/3948 3945/4224/3945
f 3956/4227/3956 3965/4226/3965 3943/4196/3943 3934/4205/3934
f 3942/4199/3942 3939/4215/3939 3961/4229/3961 3964/4228/3964
f 3937/4190/3937 3936/4191/3936 3958/4231/3958 3959/4230/3959
f 3930/4193/3930 3924/4194/3924 3946/4233/3946 3952/4232/3952
f 3922/4195/3922 3943/4196/3943 3965/4226/3965 3944/4234/3944
f 3964/4228/3964 3963/4235/3963 3941/4198/3941 3942/4199/3942
f 3957/4220/3957 3958/4231/3958 3936/4191/3936 3935/4200/3935
f 3931/4201/3931 3922/4195/3922 3944/4234/3944 3953/4236/3953
f 3955/4238/3955 3949/4237/3949 3927/4202/3927 3933/4203/3933
f 3952/4232/3952 3960/4239/3960 3938/4204/3938 3930/4193/3930
f 4056/4240/4056 3956/4227/3956 3934/4205/3934 4054/4206/4054
f 3926/4207/3926 3932/4208/3932 3954/4241/3954 3948/4225/3948
f 3929/4210/3929 3928/4211/3928 3950/4243/3950 3951/4242/3951
f 3928/4211/3928 3940/4214/3940 3962/4222/3962 3950/4243/3950
f 3960/4239/3960 3961/4229/3961 3939/4215/3939 3938/4204/3938
f 3949/4237/3949 3954/4241/3954 3932/4208/3932 3927/4202/3927
f 3953/4236/3953 3946/4233/3946 3924/4194/3924 3931/4201/3931
f 4058/4247/4058 3978/4246/3978 4147/4245/4147 4124/4244/4124
f 3982/4251/3982 3983/4250/3983 4144/4249/4144 4153/4248/4153
f 3971/4255/3971 3976/4254/3976 4100/4253/4100 4152/4252/4152
f 3975/4259/3975 3968/4258/3968 4141/4257/4141 4159/4256/4159
f 3969/4263/3969 3979/4262/3979 4140/4261/4140 4158/4260/4158
f 4059/4267/4059 3984/4266/3984 4154/4265/4154 4123/4264/4123
f 3978/4246/3978 3987/4269/3987 4096/4268/4096 4147/4245/4147
f 3986/4273/3986 3985/4272/3985 4157/4271/4157 4095/4270/4095
f 3979/4262/3979 3980/4275/3980 4156/4274/4156 4140/4261/4140
f 3977/4277/3977 3971/4255/3971 4152/4252/4152 4139/4276/4139
f 3974/4279/3974 3982/4251/3982 4153/4248/4153 4103/4278/4103
f 3966/4282/3966 3987/4269/3987 4185/4281/4185 4195/4280/4195
f 3975/4259/3975 3966/4282/3966 4195/4280/4195 4198/4283/4198
f 3970/4286/3970 3976/4254/3976 4191/4285/4191 4202/4284/4202
f 3973/4290/3973 3972/4289/3972 4192/4288/4192 4203/4287/4203
f 3972/4289/3972 3984/4266/3984 4193/4291/4193 4192/4288/4192
f 3967/4293/3967 3970/4286/3970 4202/4284/4202 4206/4292/4206
f 3986/4273/3986 3983/4250/3983 4204/4295/4204 4186/4294/4186
f 3981/4298/3981 3980/4275/3980 4197/4297/4197 4190/4296/4190
f 3974/4279/3974 3968/4258/3968 4205/4300/4205 4189/4299/4189
f 4126/4304/4126 4105/4303/4105 4019/4302/4019 4027/4301/4027
f 4010/4308/4010 4099/4307/4099 4023/4306/4023 4013/4305/4013
f 4031/4312/4031 4025/4311/4025 4107/4310/4107 4094/4309/4094
f 4027/4301/4027 4063/4314/4063 4136/4313/4136 4126/4304/4126
f 4012/4318/4012 4016/4317/4016 4115/4316/4115 4011/4315/4011
f 4106/4322/4106 4131/4321/4131 4030/4320/4030 4024/4319/4024
f 4029/4326/4029 4017/4325/4017 4116/4324/4116 4130/4323/4130
f 4105/4303/4105 4104/4328/4104 4018/4327/4018 4019/4302/4019
f 4131/4321/4131 4107/4310/4107 4025/4311/4025 4030/4320/4030
f 4026/4332/4026 4065/4331/4065 4110/4330/4110 4125/4329/4125
f 4028/4334/4028 4029/4326/4029 4130/4323/4130 4127/4333/4127
f 4135/4338/4135 4098/4337/4098 4022/4336/4022 4062/4335/4062
f 4011/4315/4011 4116/4324/4116 4017/4325/4017 4012/4318/4012
f 3994/4340/3994 4006/4339/4006 4017/4325/4017 4029/4326/4029
f 3995/4341/3995 3994/4340/3994 4029/4326/4029 4028/4334/4028
f 3992/4343/3992 3998/4342/3998 4025/4311/4025 4031/4312/4031
f 4013/4305/4013 4023/4306/4023 4000/4345/4000 4060/4344/4060
f 4060/4344/4060 4003/4347/4003 4020/4346/4020 4013/4305/4013
f 4027/4301/4027 4019/4302/4019 4004/4349/4004 3996/4348/3996
f 4024/4319/4024 4030/4320/4030 3993/4351/3993 3999/4350/3999
f 3997/4353/3997 3988/4352/3988 4065/4331/4065 4026/4332/4026
f 4022/4336/4022 4021/4356/4021 4002/4355/4002 4001/4354/4001
f 4015/4359/4015 4016/4317/4016 4007/4358/4007 4008/4357/4008
f 3988/4352/3988 4009/4361/4009 4014/4360/4014 4065/4331/4065
f 3996/4348/3996 3990/4362/3990 4063/4314/4063 4027/4301/4027
f 4003/4347/4003 4002/4355/4002 4021/4356/4021 4020/4346/4020
f 4008/4357/4008 4005/4363/4005 4018/4327/4018 4015/4359/4015
f 4023/4306/4023 4014/4360/4014 4009/4361/4009 4000/4345/4000
f 3989/4365/3989 3992/4343/3992 4031/4312/4031 4064/4364/4064
f 4012/4318/4012 4017/4325/4017 4006/4339/4006 4061/4366/4061
f 4062/4335/4062 4022/4336/4022 4001/4354/4001 3991/4367/3991
f 4140/4261/4140 3957/4220/3957 3947/4221/3947 4158/4260/4158
f 4156/4274/4156 3958/4231/3958 3957/4220/3957 4140/4261/4140
f 3958/4231/3958 4156/4274/4156 4101/4368/4101 3959/4230/3959
f 3959/4230/3959 4101/4368/4101 4124/4244/4124 4056/4240/4056
f 4147/4245/4147 3956/4227/3956 4056/4240/4056 4124/4244/4124
f 4096/4268/4096 3965/4226/3965 3956/4227/3956 4147/4245/4147
f 3965/4226/3965 4096/4268/4096 4102/4369/4102 3944/4234/3944
f 4033/3250/4033 4032/3251/4032 3763/4038/3763 3764/4042/3764
f 4034/3254/4034 4033/3250/4033 3764/4042/3764 3765/4043/3765
f 4038/3314/4038 4035/3315/4035 3100/3332/3100 3101/3333/3101
f 3102/3334/3102 4039/3316/4039 4038/3314/4038 3101/3333/3101
f 4035/3315/4035 4036/3321/4036 3103/3336/3103 3100/3332/3100
f 4042/3337/4042 1954/1119/1954 994/1138/994 3109/3355/3109
f 3771/4053/3771 4045/3346/4045 4044/3343/4044 3770/4052/3770
f 3074/3312/3074 4041/3360/4041 4036/3321/4036 3073/3303/3073
f 4042/3337/4042 4046/3379/4046 2415/3378/2415 3104/3338/3104
f 4046/3379/4046 4041/3360/4041 3074/3312/3074 2415/3378/2415
f 922/3335/922 1944/4040/1944 4032/3251/4032 3117/3252/3117
f 3038/3255/3038 4034/3254/4034 4037/4044/4037 3037/3309/3037
f 3037/3309/3037 4037/4044/4037 4040/4046/4040 3036/3159/3036
f 3036/3159/3036 4040/4046/4040 4043/4048/4043 3035/3154/3035
f 3035/3154/3035 4043/4048/4043 4047/4050/4047 3034/3153/3034
f 3034/3153/3034 4047/4050/4047 4044/3343/4044 3094/3344/3094
f 3885/4116/3885 4048/4115/4048 4039/3316/4039 3102/3334/3102
f 3889/4123/3889 4049/4122/4049 4048/4115/4048 3885/4116/3885
f 3893/4128/3893 4050/4127/4050 4049/4122/4049 3889/4123/3889
f 3897/4129/3897 4051/4132/4051 4045/3346/4045 3771/4053/3771
f 3915/4192/3915 4052/4178/4052 4231/4177/4231 4225/4370/4225
f 3919/4159/3919 4053/4189/4053 4232/4186/4232 4223/4158/4223
f 3937/4190/3937 4054/4206/4054 4052/4178/4052 3915/4192/3915
f 3941/4198/3941 4055/4217/4055 4053/4189/4053 3919/4159/3919
f 3963/4235/3963 4057/4223/4057 4055/4217/4055 3941/4198/3941
f 3959/4230/3959 4056/4240/4056 4054/4206/4054 3937/4190/3937
f 3981/4298/3981 4058/4247/4058 4124/4244/4124 4101/4368/4101
f 3985/4272/3985 4059/4267/4059 4123/4264/4123 4157/4271/4157
f 4026/4332/4026 4063/4314/4063 3990/4362/3990 3997/4353/3997
f 4030/4320/4030 4025/4311/4025 3998/4342/3998 3993/4351/3993
f 4019/4302/4019 4018/4327/4018 4005/4363/4005 4004/4349/4004
f 4061/4366/4061 4007/4358/4007 4016/4317/4016 4012/4318/4012
f 3944/4234/3944 4102/4369/4102 4159/4256/4159 3953/4236/3953
f 4141/4257/4141 3946/4233/3946 3953/4236/3953 4159/4256/4159
f 4070/4373/4070 4069/4372/4069 4196/4371/4196 4186/4294/4186
f 4072/4376/4072 4071/4375/4071 4197/4297/4197 4187/4374/4187
f 4075/4380/4075 4074/4379/4074 4199/4378/4199 4188/4377/4188
f 4077/4383/4077 4076/4382/4076 4200/4381/4200 4189/4299/4189
f 4088/4387/4088 4078/4386/4078 4201/4385/4201 4207/4384/4207
f 4076/4382/4076 4085/4388/4085 4204/4295/4204 4200/4381/4200
f 4074/4379/4074 4080/4389/4080 4191/4285/4191 4199/4378/4199
f 4073/4391/4073 4086/4390/4086 4205/4300/4205 4198/4283/4198
f 4066/4393/4066 4072/4376/4072 4187/4374/4187 4194/4392/4194
f 4089/4396/4089 4084/4395/4084 4193/4291/4193 4208/4394/4208
f 4078/4386/4078 4067/4397/4067 4185/4281/4185 4201/4385/4201
f 4079/4398/4079 4088/4387/4088 4207/4384/4207 4190/4296/4190
f 4069/4372/4069 4089/4396/4089 4208/4394/4208 4196/4371/4196
f 4103/4278/4103 4141/4257/4141 3968/4258/3968 3974/4279/3974
f 3946/4233/3946 4141/4257/4141 4103/4278/4103 3952/4232/3952
f 4153/4248/4153 3960/4239/3960 3952/4232/3952 4103/4278/4103
f 4144/4249/4144 3961/4229/3961 3960/4239/3960 4153/4248/4153
f 3961/4229/3961 4144/4249/4144 4095/4270/4095 3964/4228/3964
f 4157/4271/4157 3963/4235/3963 3964/4228/3964 4095/4270/4095
f 4155/4399/4155 4154/4265/4154 3984/4266/3984 3972/4289/3972
f 3963/4235/3963 4157/4271/4157 4123/4264/4123 4057/4223/4057
f 4098/4337/4098 4118/4400/4118 4021/4356/4021 4022/4336/4022
f 4065/4331/4065 4014/4360/4014 4113/4401/4113 4110/4330/4110
f 4095/4270/4095 4144/4249/4144 3983/4250/3983 3986/4273/3986
f 4064/4364/4064 4031/4312/4031 4094/4309/4094 4109/4402/4109
f 4159/4256/4159 4102/4369/4102 3966/4282/3966 3975/4259/3975
f 4145/4403/4145 4155/4399/4155 3972/4289/3972 3973/4290/3973
f 4154/4265/4154 3962/4222/3962 4057/4223/4057 4123/4264/4123
f 4146/4404/4146 4100/4253/4100 3976/4254/3976 3970/4286/3970
f 3962/4222/3962 4154/4265/4154 4155/4399/4155 3950/4243/3950
f 4101/4368/4101 4156/4274/4156 3980/4275/3980 3981/4298/3981
f 4102/4369/4102 4096/4268/4096 3987/4269/3987 3966/4282/3966
f 3950/4243/3950 4155/4399/4155 4145/4403/4145 3951/4242/3951
f 4097/4405/4097 4146/4404/4146 3970/4286/3970 3967/4293/3967
f 4152/4252/4152 3949/4237/3949 3955/4238/3955 4139/4276/4139
f 4100/4253/4100 3954/4241/3954 3949/4237/3949 4152/4252/4152
f 3954/4241/3954 4100/4253/4100 4146/4404/4146 3948/4225/3948
f 3948/4225/3948 4146/4404/4146 4097/4405/4097 3945/4224/3945
f 4114/4406/4114 4115/4316/4115 4016/4317/4016 4015/4359/4015
f 4013/4305/4013 4020/4346/4020 4117/4407/4117 4010/4308/4010
f 4020/4346/4020 4021/4356/4021 4118/4400/4118 4117/4407/4117
f 4125/4329/4125 4136/4313/4136 4063/4314/4063 4026/4332/4026
f 4118/4400/4118 4093/4409/4093 4092/4408/4092 4117/4407/4117
f 4099/4307/4099 4113/4401/4113 4014/4360/4014 4023/4306/4023
f 4117/4407/4117 4092/4408/4092 4133/4410/4133 4010/4308/4010
f 4149/4411/4149 4099/4307/4099 4010/4308/4010 4133/4410/4133
f 4091/4412/4091 4113/4401/4113 4099/4307/4099 4149/4411/4149
f 4113/4401/4113 4091/4412/4091 4138/4413/4138 4110/4330/4110
f 4110/4330/4110 4138/4413/4138 4128/4414/4128 4125/4329/4125
f 4151/4415/4151 4136/4313/4136 4125/4329/4125 4128/4414/4128
f 4136/4313/4136 4151/4415/4151 4129/4416/4129 4126/4304/4126
f 4122/4417/4122 4105/4303/4105 4126/4304/4126 4129/4416/4129
f 4121/4418/4121 4104/4328/4104 4105/4303/4105 4122/4417/4122
f 4104/4328/4104 4121/4418/4121 4090/4419/4090 4114/4406/4114
f 4015/4359/4015 4018/4327/4018 4104/4328/4104 4114/4406/4114
f 4143/4420/4143 4115/4316/4115 4114/4406/4114 4090/4419/4090
f 4115/4316/4115 4143/4420/4143 4134/4421/4134 4011/4315/4011
f 4142/4422/4142 4116/4324/4116 4011/4315/4011 4134/4421/4134
f 4116/4324/4116 4142/4422/4142 4111/4423/4111 4130/4323/4130
f 4130/4323/4130 4111/4423/4111 4108/4424/4108 4127/4333/4127
f 4112/4426/4112 4131/4321/4131 4106/4322/4106 4119/4425/4119
f 4120/4427/4120 4107/4310/4107 4131/4321/4131 4112/4426/4112
f 4107/4310/4107 4120/4427/4120 4132/4428/4132 4094/4309/4094
f 4094/4309/4094 4132/4428/4132 4137/4429/4137 4109/4402/4109
f 4148/4431/4148 4098/4337/4098 4135/4338/4135 4150/4430/4150
f 4093/4409/4093 4118/4400/4118 4098/4337/4098 4148/4431/4148
f 4182/4433/4182 4142/4422/4142 4134/4421/4134 4181/4432/4181
f 4173/4435/4173 4093/4409/4093 4148/4431/4148 4175/4434/4175
f 3991/4367/3991 4066/4393/4066 4087/4436/4087 3989/4365/3989
f 4181/4432/4181 4134/4421/4134 4143/4420/4143 4169/4437/4169
f 4169/4437/4169 4143/4420/4143 4090/4419/4090 4170/4438/4170
f 4064/4364/4064 4062/4335/4062 3991/4367/3991 3989/4365/3989
f 4173/4435/4173 4162/4441/4162 4161/4440/4161 4174/4439/4174
f 4179/4444/4179 4162/4441/4162 4160/4443/4160 4177/4442/4177
f 4135/4338/4135 4109/4402/4109 4137/4429/4137 4150/4430/4150
f 4174/4439/4174 4161/4440/4161 4163/4446/4163 4165/4445/4165
f 4165/4445/4165 4163/4446/4163 4164/4448/4164 4176/4447/4176
f 4151/4415/4151 4128/4414/4128 4164/4448/4164 4172/4449/4172
f 4161/4440/4161 4178/4451/4178 4171/4450/4171 4163/4446/4163
f 4109/4402/4109 4135/4338/4135 4062/4335/4062 4064/4364/4064
f 4162/4441/4162 4179/4444/4179 4178/4451/4178 4161/4440/4161
f 4178/4451/4178 4167/4453/4167 4183/4452/4183 4171/4450/4171
f 4162/4441/4162 4173/4435/4173 4175/4434/4175 4160/4443/4160
f 4093/4409/4093 4173/4435/4173 4174/4439/4174 4092/4408/4092
f 4092/4408/4092 4174/4439/4174 4165/4445/4165 4133/4410/4133
f 4133/4410/4133 4165/4445/4165 4176/4447/4176 4149/4411/4149
f 4166/4454/4166 4182/4433/4182 4181/4432/4181 4167/4453/4167
f 4166/4454/4166 4179/4444/4179 4177/4442/4177 4168/4455/4168
f 4163/4446/4163 4171/4450/4171 4172/4449/4172 4164/4448/4164
f 4132/4428/4132 4160/4443/4160 4175/4434/4175 4137/4429/4137
f 4120/4427/4120 4177/4442/4177 4160/4443/4160 4132/4428/4132
f 4179/4444/4179 4166/4454/4166 4167/4453/4167 4178/4451/4178
f 4138/4413/4138 4091/4412/4091 4149/4411/4149 4176/4447/4176
f 4111/4423/4111 4180/4456/4180 4119/4425/4119 4108/4424/4108
f 4177/4442/4177 4120/4427/4120 4112/4426/4112 4168/4455/4168
f 4182/4433/4182 4166/4454/4166 4168/4455/4168 4180/4456/4180
f 4171/4450/4171 4183/4452/4183 4184/4457/4184 4172/4449/4172
f 4142/4422/4142 4182/4433/4182 4180/4456/4180 4111/4423/4111
f 4183/4452/4183 4169/4437/4169 4170/4438/4170 4184/4457/4184
f 4167/4453/4167 4181/4432/4181 4169/4437/4169 4183/4452/4183
f 4129/4416/4129 4151/4415/4151 4172/4449/4172 4184/4457/4184
f 4128/4414/4128 4138/4413/4138 4176/4447/4176 4164/4448/4164
f 4121/4418/4121 4122/4417/4122 4170/4438/4170 4090/4419/4090
f 4122/4417/4122 4129/4416/4129 4184/4457/4184 4170/4438/4170
f 4195/4280/4195 4185/4281/4185 4067/4397/4067 4068/4458/4068
f 4198/4283/4198 4195/4280/4195 4068/4458/4068 4073/4391/4073
f 4202/4284/4202 4191/4285/4191 4080/4389/4080 4081/4459/4081
f 4203/4287/4203 4192/4288/4192 4082/4461/4082 4083/4460/4083
f 4192/4288/4192 4193/4291/4193 4084/4395/4084 4082/4461/4082
f 4206/4292/4206 4202/4284/4202 4081/4459/4081 4087/4436/4087
f 4186/4294/4186 4204/4295/4204 4085/4388/4085 4070/4373/4070
f 4190/4296/4190 4197/4297/4197 4071/4375/4071 4079/4398/4079
f 4189/4299/4189 4205/4300/4205 4086/4390/4086 4077/4383/4077
f 4186/4294/4186 4196/4371/4196 3985/4272/3985 3986/4273/3986
f 4187/4374/4187 4197/4297/4197 3980/4275/3980 3979/4262/3979
f 4188/4377/4188 4199/4378/4199 3971/4255/3971 3977/4277/3977
f 4189/4299/4189 4200/4381/4200 3982/4251/3982 3974/4279/3974
f 4207/4384/4207 4201/4385/4201 3978/4246/3978 4058/4247/4058
f 4200/4381/4200 4204/4295/4204 3983/4250/3983 3982/4251/3982
f 4199/4378/4199 4191/4285/4191 3976/4254/3976 3971/4255/3971
f 4198/4283/4198 4205/4300/4205 3968/4258/3968 3975/4259/3975
f 4194/4392/4194 4187/4374/4187 3979/4262/3979 3969/4263/3969
f 4208/4394/4208 4193/4291/4193 3984/4266/3984 4059/4267/4059
f 4201/4385/4201 4185/4281/4185 3987/4269/3987 3978/4246/3978
f 4190/4296/4190 4207/4384/4207 4058/4247/4058 3981/4298/3981
f 4196/4371/4196 4208/4394/4208 4059/4267/4059 3985/4272/3985
f 4071/4375/4071 4002/4355/4002 4003/4347/4003 4079/4398/4079
f 4079/4398/4079 4003/4347/4003 4060/4344/4060 4088/4387/4088
f 4000/4345/4000 4078/4386/4078 4088/4387/4088 4060/4344/4060
f 4009/4361/4009 4067/4397/4067 4078/4386/4078 4000/4345/4000
f 4067/4397/4067 4009/4361/4009 3988/4352/3988 4068/4458/4068
f 4068/4458/4068 3988/4352/3988 3997/4353/3997 4073/4391/4073
f 3990/4362/3990 4086/4390/4086 4073/4391/4073 3997/4353/3997
f 4086/4390/4086 3990/4362/3990 3996/4348/3996 4077/4383/4077
f 4004/4349/4004 4076/4382/4076 4077/4383/4077 3996/4348/3996
f 4005/4363/4005 4085/4388/4085 4076/4382/4076 4004/4349/4004
f 4085/4388/4085 4005/4363/4005 4008/4357/4008 4070/4373/4070
f 4007/4358/4007 4069/4372/4069 4070/4373/4070 4008/4357/4008
f 4069/4372/4069 4007/4358/4007 4061/4366/4061 4089/4396/4089
f 4006/4339/4006 4084/4395/4084 4089/4396/4089 4061/4366/4061
f 4084/4395/4084 4006/4339/4006 3994/4340/3994 4082/4461/4082
f 4082/4461/4082 3994/4340/3994 3995/4341/3995 4083/4460/4083
f 3993/4351/3993 4074/4379/4074 4075/4380/4075 3999/4350/3999
f 3998/4342/3998 4080/4389/4080 4074/4379/4074 3993/4351/3993
f 4080/4389/4080 3998/4342/3998 3992/4343/3992 4081/4459/4081
f 4081/4459/4081 3992/4343/3992 3989/4365/3989 4087/4436/4087
f 4001/4354/4001 4072/4376/4072 4066/4393/4066 3991/4367/3991
f 4002/4355/4002 4071/4375/4071 4072/4376/4072 4001/4354/4001
f 4211/4463/4211 4210/4462/4210 3904/4209/3904 3901/4219/3901
f 4209/4465/4209 4212/4464/4212 3906/4212/3906 3907/4213/3907
f 4214/4182/4214 4213/4466/4213 3900/4197/3900 3909/4185/3909
f 4216/4145/4216 4215/4146/4215 4246/4181/4246 4237/4467/4237
f 4218/4168/4218 4217/4183/4217 3902/4184/3902 3908/4171/3908
f 4220/4157/4220 4219/4175/4219 3917/4176/3917 3920/4160/3920
f 4097/4405/4097 4158/4260/4158 3947/4221/3947 3945/4224/3945
f 4222/4153/4222 4221/4154/4221 4249/4163/4249 4240/4468/4240
f 4220/4157/4220 4223/4158/4223 4250/4469/4250 4248/4151/4248
f 4225/4370/4225 4224/4172/4224 3914/4173/3914 3915/4192/3915
f 4213/4466/4213 4221/4154/4221 3921/4155/3921 3900/4197/3900
f 4228/4164/4228 4227/4165/4227 4253/4471/4253 4242/4470/4242
f 4218/4168/4218 4229/4169/4229 4254/4472/4254 4247/4149/4247
f 4227/4165/4227 4224/4172/4224 4241/4162/4241 4253/4471/4253
f 3967/4293/3967 3969/4263/3969 4158/4260/4158 4097/4405/4097
f 4212/4464/4212 4230/4187/4230 3918/4188/3918 3906/4212/3906
f 4229/4169/4229 4219/4175/4219 4239/4152/4239 4254/4472/4254
f 4231/4177/4231 4222/4153/4222 4240/4468/4240 4255/4473/4255
f 4226/4179/4226 4216/4145/4216 4237/4467/4237 4252/4474/4252
f 4210/4462/4210 4215/4146/4215 3910/4147/3910 3904/4209/3904
f 4214/4182/4214 4217/4183/4217 4238/4150/4238 4245/4143/4245
f 4232/4186/4232 4230/4187/4230 4243/4174/4243 4256/4475/4256
f 4225/4370/4225 4231/4177/4231 4255/4473/4255 4251/4161/4251
f 4223/4158/4223 4232/4186/4232 4256/4475/4256 4250/4469/4250
f 4244/4139/4244 4234/4140/4234 4210/4462/4210 4211/4463/4211
f 4233/4141/4233 4235/4142/4235 4212/4464/4212 4209/4465/4209
f 4245/4143/4245 4236/4144/4236 4213/4466/4213 4214/4182/4214
f 4247/4149/4247 4238/4150/4238 4217/4183/4217 4218/4168/4218
f 4248/4151/4248 4239/4152/4239 4219/4175/4219 4220/4157/4220
f 4251/4161/4251 4241/4162/4241 4224/4172/4224 4225/4370/4225
f 4236/4144/4236 4249/4163/4249 4221/4154/4221 4213/4466/4213
f 4235/4142/4235 4243/4174/4243 4230/4187/4230 4212/4464/4212
f 4234/4140/4234 4246/4181/4246 4215/4146/4215 4210/4462/4210
f 4106/4322/4106 4127/4333/4127 4108/4424/4108 4119/4425/4119
f 4237/4467/4237 4246/4181/4246 3862/4113/3862 2978/3376/2978
f 3969/4263/3969 3967/4293/3967 4206/4292/4206 4194/4392/4194
f 4240/4468/4240 4249/4163/4249 3899/4138/3899 3890/4126/3890
f 4248/4151/4248 4250/4469/4250 3897/4129/3897 3898/4130/3898
f 4242/4470/4242 4253/4471/4253 3891/4125/3891 2976/4135/2976
f 4247/4149/4247 4254/4472/4254 3894/4134/3894 3031/3778/3031
f 4253/4471/4253 4241/4162/4241 3892/4124/3892 3891/4125/3891
f 4206/4292/4206 4087/4436/4087 4066/4393/4066 4194/4392/4194
f 4254/4472/4254 4239/4152/4239 3895/4133/3895 3894/4134/3894
f 4255/4473/4255 4240/4468/4240 3890/4126/3890 4050/4127/4050
f 4252/4474/4252 4237/4467/4237 2978/3376/2978 3872/3375/3872
f 4245/4143/4245 4238/4150/4238 2970/3239/2970 3601/3235/3601
f 4256/4475/4256 4243/4174/4243 3896/4131/3896 4051/4132/4051
f 4251/4161/4251 4255/4473/4255 4050/4127/4050 3893/4128/3893
f 4250/4469/4250 4256/4475/4256 4051/4132/4051 3897/4129/3897
f 4168/4455/4168 4112/4426/4112 4119/4425/4119 4180/4456/4180
f 4175/4434/4175 4148/4431/4148 4150/4430/4150 4137/4429/4137
f 4127/4333/4127 4106/4322/4106 4024/4319/4024 4028/4334/4028
f 4028/4334/4028 4024/4319/4024 3999/4350/3999 3995/4341/3995
f 4075/4380/4075 4083/4460/4083 3995/4341/3995 3999/4350/3999
f 4083/4460/4083 4075/4380/4075 4188/4377/4188 4203/4287/4203
f 3977/4277/3977 3973/4290/3973 4203/4287/4203 4188/4377/4188
f 3973/4290/3973 3977/4277/3977 4139/4276/4139 4145/4403/4145
f 4145/4403/4145 4139/4276/4139 3955/4238/3955 3951/4242/3951
f 3951/4242/3951 3955/4238/3955 3933/4203/3933 3929/4210/3929
f 3911/4180/3911 3907/4213/3907 3929/4210/3929 3933/4203/3933
f 3907/4213/3907 3911/4180/3911 4226/4179/4226 4209/4465/4209
f 4209/4465/4209 4226/4179/4226 4252/4474/4252 4233/4141/4233
f 3872/3375/3872 2980/3373/2980 4233/4141/4233 4252/4474/4252
f 3874/3329/3874 3045/3328/3045 2980/3373/2980 3872/3375/3872
f 3045/3328/3045 3874/3329/3874 3879/3276/3879 3096/3275/3096
f 3873/3277/3873 3046/3269/3046 3096/3275/3096 3879/3276/3879
f 3877/3282/3877 3047/3264/3047 3046/3269/3046 3873/3277/3873
f 3925/4216/3925 3923/4218/3923 3945/4224/3945 3947/4221/3947
f 3923/4218/3923 3925/4216/3925 3903/4167/3903 3901/4219/3901
f 3901/4219/3901 3903/4167/3903 4228/4164/4228 4211/4463/4211
f 4211/4463/4211 4228/4164/4228 4242/4470/4242 4244/4139/4244
f 2976/4135/2976 2969/3234/2969 4244/4139/4244 4242/4470/4242
f 2969/3234/2969 2976/4135/2976 3072/4136/3072 2964/3232/2964
f 2964/3232/2964 3072/4136/3072 3099/4137/3099 3859/3138/3859
f 3859/3138/3859 3099/4137/3099 3071/3149/3071 2967/3137/2967
f 2967/3137/2967 3071/3149/3071 3070/3150/3070 2968/3140/2968
f 2968/3140/2968 3070/3150/3070 2981/3157/2981 3858/3134/3858
f 3858/3134/3858 2981/3157/2981 2983/2547/2983 2965/3133/2965
f 2965/3133/2965 2983/2547/2983 2982/2548/2982 2966/3128/2966
f 2966/3128/2966 2982/2548/2982 3139/3308/3139 3861/3127/3861
f 3861/3127/3861 3139/3308/3139 3114/3341/3114 3860/3130/3860
f 3860/3130/3860 3114/3341/3114 862/3342/862 1768/3238/1768
f 3876/3280/3876 3048/3263/3048 3047/3264/3047 3877/3282/3877
f 3875/3281/3875 3049/3273/3049 3048/3263/3048 3876/3280/3876
f 3878/3288/3878 3050/3272/3050 3049/3273/3049 3875/3281/3875
f 3050/3272/3050 3878/3288/3878 3881/3358/3881 3136/3351/3136
f 3880/3284/3880 3115/3268/3115 3136/3351/3136 3881/3358/3881
f 1789/3285/1789 936/3267/936 3115/3268/3115 3880/3284/3880
f 4258/3380/4258 4257/3381/4257 2200/2283/2200 2199/2284/2199
f 4260/3384/4260 4259/3385/4259 3150/3439/3150 3149/3470/3149
f 4261/3388/4261 4260/3384/4260 3149/3470/3149 3148/3462/3148
f 4262/3390/4262 4261/3388/4261 3148/3462/3148 3147/3452/3147
f 4263/3392/4263 4262/3390/4262 3147/3452/3147 3146/3442/3146
f 4264/3394/4264 4257/3381/4257 3145/3382/3145 3162/3475/3162
f 4266/3395/4266 4265/3396/4265 3167/3472/3167 3168/3477/3168
f 4269/3397/4269 4268/3398/4268 2262/2356/2262 2301/2349/2301
f 4265/3396/4265 4270/3401/4270 3166/3464/3166 3167/3472/3167
f 4283/3402/4283 4267/3403/4267 3161/3457/3161 3606/3458/3606
f 4270/3401/4270 4268/3398/4268 3165/3399/3165 3166/3464/3166
f 4273/3406/4273 4272/3407/4272 3160/3448/3160 3159/3430/3159
f 4269/3397/4269 4274/3410/4274 3164/3446/3164 3169/3400/3169
f 4275/3411/4275 4273/3406/4273 3159/3430/3159 3158/3431/3158
f 4274/3410/4274 4276/3413/4276 3163/3445/3163 3164/3446/3164
f 4276/3413/4276 4264/3394/4264 3162/3475/3162 3163/3445/3163
f 4279/3414/4279 4278/3415/4278 3156/3434/3156 3155/3435/3155
f 4284/3418/4284 4271/3419/4271 3154/3467/3154 3605/3468/3605
f 4281/3422/4281 4280/3423/4280 3153/3460/3153 3152/3450/3152
f 4258/3380/4258 4263/3392/4263 3146/3442/3146 3144/3383/3144
f 4282/3426/4282 4281/3422/4281 3152/3450/3152 3151/3438/3151
f 4259/3385/4259 4282/3426/4282 3151/3438/3151 3150/3439/3150
f 4279/3414/4279 4271/3419/4271 2229/3420/2229 2232/3417/2232
f 4272/3407/4272 4283/3402/4283 3606/3458/3606 3160/3448/3160
f 4280/3423/4280 4284/3418/4284 3605/3468/3605 3153/3460/3153
f 4277/4087/4277 4278/3415/4278 2235/3416/2235 2240/4088/2240
f 4275/3411/4275 4277/4087/4277 2240/4088/2240 2243/3412/2243
f 4266/3395/4266 4267/3403/4267 2252/3404/2252 2271/2365/2271
f 1720/1663/1720 1396/1664/1396 3503/3870/3503 3813/3871/3813
f 2410/2503/2410 221/231/221 228/237/228 2416/2510/2416
f 2679/2796/2679 524/695/524 541/696/541 2694/2818/2694
f 2658/2793/2658 495/707/495 494/702/494 2657/2792/2657
f 2659/2785/2659 496/719/496 514/716/514 2675/2784/2675
f 497/729/497 2660/2786/2660 2656/2791/2656 493/732/493
f 3829/2787/3829 1737/1145/1737 493/732/493 2656/2791/2656
f 2861/2998/2861 725/1146/725 492/1144/492 2655/2788/2655
f 1562/1754/1562 734/1712/734 2868/3361/2868 3660/3916/3660
f 1571/1777/1571 1611/1753/1611 3713/3915/3713 3670/3957/3670
f 1696/1833/1696 1625/1776/1625 3719/3956/3719 3786/3370/3786
f 245/1688/245 1592/1803/1592 3693/4000/3693 2430/3893/2430
f 2712/2826/2712 555/2852/555 538/4476/538 2697/2825/2697
f 2697/2816/2697 538/559/538 521/555/521 2682/2803/2682
